feature,mean_FN,mean_TP,std_FN,std_TP,mean_difference,cohen_d,abs_cohen_d
st_V1_rs_ratio_median,-1.2394175230374775,-0.8281229956280673,0.6254068474811146,0.774610807583809,-0.4112945274094102,-0.5698244754124645,0.5698244754124645
st_V1_rs_ratio_mean,-2.1756780825325714,-0.8868987205607155,3.546279518729033,0.863552003054964,-1.288779361971856,-0.5639710146553519,0.5639710146553519
morph_V1_t_amplitude_median,0.03682758620689652,0.046856382978723375,0.01523863390002923,0.020667372314992508,-0.010028796771826852,-0.533488047662191,0.533488047662191
st_V3_st_j80_j0_ratio_median,2.209291008667275,4.347839718791474,2.0768873732601576,4.949375544167654,-2.138548710124199,-0.5208300204778976,0.5208300204778976
st_V1_st_monotonicity_std,0.08164664230466102,0.10105362669082453,0.0407364081895398,0.03615554928222062,-0.019406984386163506,-0.5113301041695644,0.5113301041695644
st_V3_st_j40_j0_ratio_mean,1.1483160322961732,1.9233482473796848,1.0983119447430876,1.7428836237900958,-0.7750322150835116,-0.506146516887925,0.506146516887925
st_V3_st_j40_j0_ratio_max,2.197363627157013,3.704857576949145,2.1641637489811867,3.4445268369407085,-1.5074939497921318,-0.49842833515828167,0.49842833515828167
st_V3_st_j40_j0_ratio_median,1.049275907202992,1.8107069075911406,1.0226930209340686,1.784724269539828,-0.7614310003881486,-0.4940025554502736,0.4940025554502736
sq_V6_range,1.608862068965517,1.3407021276595745,0.6056185623344079,0.510960002385731,0.26815994130594256,0.4887181536819184,0.4887181536819184
st_V3_st_j80_j0_ratio_mean,2.568106641505598,4.607896985720533,2.351885621139924,4.9661495205452875,-2.0397903442149348,-0.48866849388080363,0.48866849388080363
st_V1_rs_ratio_min,-9.365899977320163,-1.7795822757723825,25.916717860589593,2.384708598497605,-7.586317701547781,-0.47259408411905085,0.47259408411905085
morph_V1_t_amplitude_mean,0.03962628945879448,0.04952408373195867,0.018099302344652103,0.022621936556043866,-0.009897794273164194,-0.4707543315744452,0.4707543315744452
sq_V6_max,1.2998620689655174,1.0730425531914893,0.5450768831653354,0.4592583733677317,0.22681951577402804,0.4596247277976674,0.4596247277976674
st_V1_st_monotonicity_min,0.6175548589341693,0.5029013539651837,0.2757195414081006,0.23411447653598078,0.11465350496898563,0.4573875668105435,0.4573875668105435
st_V1_st_slope_j0_j40_min,-0.0028905172413793002,-0.0018063829787233637,0.0033827109473247795,0.0015049604865554583,-0.0010841342626559365,-0.4526036288505879,0.4526036288505879
sq_I_mean,0.026634712643678116,0.021241081560283648,0.010821969763542136,0.012844007824472892,0.005393631083394468,0.4450684488850078,0.4450684488850078
st_V1_rs_ratio_std,2.3232830519776053,0.44321101495341986,6.821890198903945,0.632660183557149,1.8800720370241855,0.4448974017596864,0.4448974017596864
st_V1_st_slope_j0_j40_mean,-0.0015053218600758862,-0.0006952048748940093,0.0019309386375881716,0.0018375054555543789,-0.0008101169851818769,-0.43242986594757715,0.43242986594757715
st_V1_st_slope_j0_j40_median,-0.001501293103448245,-0.0006199468085106213,0.0021735710348182195,0.001960212041379851,-0.0008813462949376238,-0.4312790529823656,0.4312790529823656
st_V3_st_j20_std,0.026239960573024197,0.020212425678477353,0.018985308245333225,0.009955743774327229,0.006027534894546844,0.4283619305431969,0.4283619305431969
st_V3_st_j40_j0_ratio_std,0.49080801686591335,0.8928136161022245,0.6188540220129495,1.093282551790916,-0.4020055992363112,-0.4266250753960727,0.4266250753960727
sq_V1_noise_energy,6.116216369955942e-05,2.5259491665891346e-05,0.00012530328741381045,4.472088663860417e-05,3.590267203366808e-05,0.4235849182882814,0.4235849182882814
st_V1_rs_ratio_max,-0.7673754985906188,-0.2122392108237558,0.31474857169905057,1.6566651253077411,-0.5551362877668631,-0.4204191153680751,0.4204191153680751
sq_V6_std,0.19297837152784095,0.16649941853453507,0.06835161541375899,0.05983126920212583,0.026478952993305882,0.41903417316400504,0.41903417316400504
sq_V5_snr_proxy,2587.1652423823266,1536.7951682148184,3125.955974001721,2100.818038102279,1050.3700741675082,0.4138764819476364,0.4138764819476364
sq_V6_rms,0.19910918292233679,0.17218096224728144,0.07093563964187347,0.06217398216898413,0.026928220675055348,0.4103228176651351,0.4103228176651351
sq_aVL_baseline_drift,2.1929217902786922e-05,7.039620637082174e-06,5.887931782290252e-05,8.855089752250387e-06,1.4889597265704748e-05,0.40367738885376103,0.40367738885376103
morph_V2_t_amplitude_median,0.04194827586206892,0.05539893617021274,0.02798455387616601,0.03722411493791114,-0.01345066030814382,-0.39532358384122857,0.39532358384122857
morph_V1_covedness_score_min,0.005962643678160886,0.002354609929077992,0.014454125248147216,0.00302274025579294,0.003608033749082894,0.39196646774933136,0.39196646774933136
st_V1_st_convexity_min,-0.0017206896551723928,-0.0022851063829786938,0.0013115874325950532,0.0015362262027870323,0.000564416727806301,0.38783228006002807,0.38783228006002807
st_V1_r_amplitude_max,-0.5245172413793104,-0.3830851063829787,0.34376770130620987,0.3790102075640637,-0.14143213499633173,-0.3863480245789978,0.3863480245789978
morph_V1_t_mean_mean,0.023504557892336752,0.03017748250393117,0.013754697866372649,0.019136557691151582,-0.006672924611594418,-0.3857576506881419,0.3857576506881419
sq_V6_snr_proxy,2934.8534348114104,1940.0483163958302,3008.199789162051,2285.563963597758,994.8051184155802,0.38515326290900725,0.38515326290900725
st_V3_j_point_amplitude_std,0.028240253593379817,0.021597797820834718,0.02453660988435962,0.01063238509996181,0.006642455772545099,0.38473953499255475,0.38473953499255475
st_V3_st_j80_j0_ratio_max,5.354038176034765,8.316944699490945,5.708697305172421,8.81296190204014,-2.96290652345618,-0.3805756235319439,0.3805756235319439
sq_aVR_snr_proxy,1961.3047857801644,1358.6704903411874,2041.4116160226738,1233.0277011557725,602.634295438977,0.37947890401495177,0.37947890401495177
sq_I_rms,0.11080039486176856,0.09597608195792874,0.043713577596580386,0.03595237206712743,0.014824312903839815,0.3794219850122492,0.3794219850122492
morph_V1_t_mean_median,0.02243623426382043,0.02877141887367947,0.013702519768174756,0.018307419671474492,-0.006335184609859039,-0.37901435276866646,0.37901435276866646
sq_aVL_mean,0.0037190517241379177,-0.0008493617021276619,0.009013686989667846,0.01361889713041551,0.00456841342626558,0.3780369312349412,0.3780369312349412
morph_V1_saddleback_score_max,0.05997988505747124,0.07783687943262407,0.03800324305059068,0.0524469363642652,-0.017856994375152833,-0.37592801733249465,0.37592801733249465
st_V2_st_area_above_baseline_std,0.2389280368629201,0.3148127748373882,0.13759159445946725,0.23356299590185822,-0.07588473797446807,-0.37443140119033375,0.37443140119033375
sq_I_std,0.10737200681554901,0.0931942922283337,0.04280576565187744,0.03467929033965977,0.014177714587215312,0.37349750702674445,0.37349750702674445
sq_I_snr_proxy,1756.3942512066876,1014.6519447941744,3021.990753568305,967.9844059735458,741.7423064125132,0.3691233874203277,0.3691233874203277
sq_V6_noise_energy,7.060887985884588e-05,3.5461271508873996e-05,0.0001462833945351459,4.347889072411414e-05,3.5147608349971887e-05,0.36501406342399617,0.36501406342399617
st_V2_st_j40_j0_ratio_max,1.1672741646491578,1.690813100166506,0.8160293457456304,1.7164780134837734,-0.5235389355173483,-0.3627086581267329,0.3627086581267329
morph_V1_t_amplitude_min,0.021913793103448258,0.026968085106382947,0.011114660220594375,0.015434626812586715,-0.005054292002934689,-0.3621025738958921,0.3621025738958921
morph_V2_covedness_score_median,0.07587931034482753,0.10584840425531913,0.0636134744478333,0.09398243110862353,-0.0299690939104916,-0.35764348940099017,0.35764348940099017
morph_V2_t_amplitude_mean,0.045487771722305156,0.057628423510924634,0.028835902866570045,0.03705905081074876,-0.012140651788619478,-0.35518670646313427,0.35518670646313427
sq_V5_range,2.113965517241379,1.8746170212765958,0.6883625990540572,0.6913530536684273,0.23934849596478314,0.34676977908400075,0.34676977908400075
st_V1_st_j40_j0_ratio_mean,0.5922018667557128,0.7128946474791551,0.3969392425866373,0.32086549007775583,-0.12069278072344225,-0.3432758052658282,0.3432758052658282
morph_V2_t_inversion_indicator_max,0.10344827586206896,0.23404255319148937,0.3045434781492361,0.42339890940707237,-0.13059427732942042,-0.34116290083299805,0.34116290083299805
st_V2_high_takeoff_gt_2mm_std,0.07980270164872003,0.14175359970868948,0.16067393034864105,0.1944504223271627,-0.06195089805996945,-0.3396297444228975,0.3396297444228975
morph_V2_high_takeoff_gt_2mm_std,0.07980270164872003,0.14175359970868948,0.16067393034864105,0.1944504223271627,-0.06195089805996945,-0.3396297444228975,0.3396297444228975
st_V3_st_j80_j0_ratio_std,1.2523826363040103,2.1018910527691244,1.6849445901969504,2.9108354771614295,-0.8495084164651141,-0.3373507602258083,0.3373507602258083
st_V1_st_slope_j0_j40_max,-0.0003655172413792828,0.00032180851063829356,0.0012875466813281789,0.0023844889781116686,-0.0006873257520175764,-0.336921338940389,0.336921338940389
morph_V1_saddleback_score_std,0.018106127232863735,0.022820925729266285,0.011069199450067475,0.01563834536738814,-0.00471479849640255,-0.33474163150007535,0.33474163150007535
st_V1_s_amplitude_std,0.11162295828689622,0.09075669978891795,0.0678458990965146,0.0590197938664753,0.02086625849797827,0.3338273349860516,0.3338273349860516
st_V2_st_j80_std,0.025797708272038648,0.032498738596917744,0.01584176589015886,0.022281889100673802,-0.006701030324879096,-0.3335610221968127,0.3335610221968127
morph_V3_high_takeoff_gt_1mm_std,0.13296957544164104,0.07712897349851192,0.18917999581022002,0.1531273125290686,0.05584060194312912,0.3330129605091652,0.3330129605091652
st_V3_high_takeoff_gt_1mm_std,0.13296957544164104,0.07712897349851192,0.18917999581022002,0.1531273125290686,0.05584060194312912,0.3330129605091652,0.3330129605091652
sq_V5_max,1.6286551724137932,1.4330638297872342,0.5581345948080284,0.6089818291757019,0.19559134262655897,0.3313660227832338,0.3313660227832338
morph_V2_t_inversion_indicator_median,0.0,0.06382978723404255,0.0,0.2444494743207672,-0.06382978723404255,-0.33118543818592494,0.33118543818592494
st_V1_j_point_amplitude_max,0.20879310344827584,0.16990425531914893,0.1510943138459403,0.0928365435142837,0.03888884812912691,0.3287211355429892,0.3287211355429892
st_V2_st_j40_j0_ratio_mean,0.7854311167511577,1.0074950301302934,0.5971359991269815,0.7216344651793877,-0.22206391337913567,-0.32790321688229257,0.32790321688229257
sq_III_min,-0.30724137931034484,-0.3748723404255319,0.22418183124456464,0.19507441210016382,0.06763096111518707,0.32739823043732785,0.32739823043732785
rr_cv,0.040222153013801214,0.058940345135626994,0.02387439119974938,0.07050629904226682,-0.01871819212182578,-0.3255540813679131,0.3255540813679131
st_V2_st_j40_std,0.022270659320482007,0.027928677141243276,0.010380847033368732,0.020630166975357515,-0.005658017820761269,-0.32379709036489707,0.32379709036489707
st_V1_st_j80_max,0.08563793103448274,0.10479787234042552,0.06400160242494528,0.05680618968882199,-0.019159941305942785,-0.3213085398448012,0.3213085398448012
st_V1_r_amplitude_mean,-0.6571331223712055,-0.5322631806967012,0.3734004002258218,0.4035936490169701,-0.12486994167450427,-0.31818662252218977,0.31818662252218977
sq_V3_noise_energy,0.00026024273133473116,0.00012350579845735705,0.0006849211641332889,0.00012991969140550854,0.0001367369328773741,0.3153634404679215,0.3153634404679215
sq_I_max,0.5878620689655172,0.5082340425531914,0.26124116538606834,0.24853290486080792,0.0796280264123258,0.3142181326978189,0.3142181326978189
morph_V2_t_amplitude_min,0.026517241379310306,0.03460638297872338,0.02105554344184428,0.028253400505224967,-0.008089141599413072,-0.31392877897387045,0.31392877897387045
morph_V3_saddleback_score_median,0.0034511494252873116,0.008804964539007053,0.0037916440722693743,0.02143703516196644,-0.005353815113719742,-0.3137902366167127,0.3137902366167127
st_V2_st_j40_j0_ratio_median,0.7979893830084999,0.9851919888934209,0.544927422468261,0.6357565264829091,-0.187202605884921,-0.31045213069319816,0.31045213069319816
sq_V4_snr_proxy,1851.1078486194888,1138.2360157297173,2890.786333543229,1849.882918377384,712.8718328897714,0.3099675751325759,0.3099675751325759
st_V1_r_amplitude_median,-0.6621551724137931,-0.53775,0.3830508959036077,0.41260864462226343,-0.12440517241379312,-0.309711751772077,0.309711751772077
rr_std_ms,35.6463418935106,52.703542064897,20.824514981196156,67.97964962412956,-17.0572001713864,-0.3095305481896134,0.3095305481896134
sq_aVR_min,-0.8688620689655172,-0.7690425531914893,0.359040361206132,0.3021892430493809,-0.09981951577402792,-0.30725742079792634,0.30725742079792634
sq_V5_noise_energy,0.00018849712185298637,9.061186104955103e-05,0.0004981283359908126,0.00011266485641098015,9.788526080343534e-05,0.3068244240951759,0.3068244240951759
st_V2_st_j80_j0_ratio_std,0.339155905361331,0.5648397983564336,0.44712042164524246,0.876361670959196,-0.2256838929951026,-0.303470273387763,0.303470273387763
st_V1_st_j40_j0_ratio_max,0.9714029472535922,1.355344188118114,0.7904524285876446,1.5015302805041653,-0.38394124086452186,-0.29999800851066744,0.29999800851066744
morph_V2_t_inversion_indicator_std,0.03701648585649007,0.07743885957809005,0.1135741561981863,0.14620109138447715,-0.04042237372159998,-0.2998964017024942,0.2998964017024942
st_V2_st_j80_j0_ratio_mean,1.1814477456452566,1.5956946499828109,0.9905303003544432,1.6006491590873029,-0.4142469043375543,-0.29559753410104966,0.29559753410104966
st_V2_st_j80_j0_ratio_max,1.9210646048789495,2.815756080972379,1.9251550695760122,3.5586634711175327,-0.8946914760934295,-0.29378197693739266,0.29378197693739266
morph_V2_saddleback_score_median,0.005932471264367804,0.017545212765957423,0.013860542300989773,0.04936692734811408,-0.01161274150158962,-0.2914462440041799,0.2914462440041799
st_V3_st_curvature_sign_std,0.3473034697035815,0.2403779247225463,0.42023656990148545,0.33197307820640387,0.10692554498103521,0.29066194382204424,0.29066194382204424
sq_aVL_snr_proxy,372.89888516153127,757.166463897579,361.98237580207183,1662.1780996227799,-384.2675787360477,-0.289076811994322,0.289076811994322
st_V3_st_j80_j0_ratio_min,1.2302820264763248,1.7805250969484712,1.162650307162004,2.2469235494583,-0.5502430704721464,-0.28801690664058177,0.28801690664058177
morph_V2_t_inversion_indicator_mean,0.022184711839884252,0.0668657770001555,0.08615823361218475,0.18714488711037122,-0.04468106516027125,-0.28499206921437836,0.28499206921437836
st_V1_st_slope_j20_j80_median,-0.0010005747126436424,-0.000610460992907763,0.0014344588120606633,0.0013304961703639265,-0.0003901137197358794,-0.28459645609075424,0.28459645609075424
st_V1_st_slope_j20_j80_max,-0.00030689655172412296,0.00010248226950354752,0.0010562123941150773,0.001629159447385272,-0.00040937882122767046,-0.28440082111496456,0.28440082111496456
morph_V1_t_mean_min,0.003308827188137521,0.00843582676189057,0.015680802050957395,0.019600240673053482,-0.005126999573753049,-0.2814457021441302,0.2814457021441302
st_V1_st_slope_j20_j80_min,-0.001691954022988469,-0.0013230496453900341,0.001773725977886491,0.0009214193568104889,-0.0003689043775984349,-0.2814356518994406,0.2814356518994406
morph_V3_t_polarity_min,-0.8620689655172413,-0.6808510638297872,0.506790981265485,0.7177501188694895,-0.1812179016874541,-0.2804883032904674,0.2804883032904674
st_V1_st_slope_j20_j80_mean,-0.0009880042605954974,-0.000642526629653019,0.0013013271384188457,0.0011992791055729047,-0.00034547763094247845,-0.2788626825675539,0.2788626825675539
sq_V6_mean,0.048172959770114904,0.0424645212765957,0.021049998460364112,0.020169658034358225,0.005708438493519201,0.278362583571089,0.278362583571089
st_V2_st_j80_j0_ratio_median,1.1490649341559058,1.518168409356445,0.8926176920759161,1.5341787295164322,-0.3691034752005391,-0.27785991381258435,0.27785991381258435
st_V1_high_takeoff_gt_1mm_std,0.14367075040583827,0.1994079613885918,0.19187828682540234,0.20712505717806212,-0.05573721098275353,-0.27662281354207924,0.27662281354207924
morph_V1_high_takeoff_gt_1mm_std,0.14367075040583827,0.1994079613885918,0.19187828682540234,0.20712505717806212,-0.05573721098275353,-0.27662281354207924,0.27662281354207924
st_V3_st_monotonicity_median,0.1598746081504702,0.11315280464216632,0.20765511174519366,0.14491933096332865,0.04672180350830388,0.27262169093158256,0.27262169093158256
st_V1_st_monotonicity_median,0.774294670846395,0.7117988394584139,0.24910290987173825,0.21975508606148983,0.06249583138798109,0.2701961470020225,0.2701961470020225
sq_aVR_mean,-0.03736701149425283,-0.03326728723404252,0.013925982889909764,0.015890261437560466,-0.004099724260210311,-0.27012836255346345,0.27012836255346345
st_V1_j_point_amplitude_std,0.04155623480887582,0.03114060132645681,0.05253765024629257,0.026992510277623057,0.010415633482419008,0.26917173574326986,0.26917173574326986
morph_V3_t_inversion_indicator_min,0.0,0.0425531914893617,0.0,0.20184751022351363,-0.0425531914893617,-0.2673903224521463,0.2673903224521463
morph_V1_t_amplitude_max,0.07191379310344825,0.09234042553191485,0.06521860705582436,0.08276968213464389,-0.020426632428466596,-0.2666553618656727,0.2666553618656727
morph_V1_t_peak_value_mean,0.03425522068082916,0.041143848583842624,0.020077712327526177,0.028888205339034953,-0.006888627903013464,-0.26587493888236036,0.26587493888236036
sq_V2_range,1.7201724137931036,1.9385957446808508,0.9158306600347528,0.759952312601719,-0.21842333088774724,-0.2655876421524587,0.2655876421524587
sq_V6_min,-0.30899999999999994,-0.2676595744680851,0.1873350308754437,0.13382368148978155,-0.04134042553191486,-0.26459287604396675,0.26459287604396675
sq_V2_noise_energy,0.00015922683062026178,9.845470952334115e-05,0.0003210715521493414,0.00015300983939422287,6.0772121096920625e-05,0.2625953439258264,0.2625953439258264
morph_V1_t_peak_value_max,0.07118965517241377,0.0913297872340425,0.06573476141663394,0.08300725914139977,-0.020140132061628735,-0.261801012814481,0.261801012814481
st_V3_st_slope_j20_j80_mean,0.001404349059212093,0.0017347876701124154,0.001241043249476225,0.0012843006221765114,-0.00033043861090032247,-0.2605763846561619,0.2605763846561619
sq_aVL_rms,0.066011174183881,0.07501746212207315,0.034627056112947634,0.034961904102400396,-0.00900628793819215,-0.25853702053079186,0.25853702053079186
morph_V2_saddleback_score_mean,0.011418493144786216,0.022810521127564598,0.016301712478021962,0.05462406235224617,-0.011392027982778382,-0.2576261426126575,0.2576261426126575
st_V3_st_slope_j20_j80_min,0.0007862068965516906,0.0010847517730496134,0.0011216697747690857,0.0012018545056720186,-0.0002985448764979227,-0.25469643873747344,0.25469643873747344
morph_V3_covedness_score_min,0.05192816091954017,0.07488297872340421,0.058800276946895165,0.10491316579929459,-0.022954817803864047,-0.25426557847442954,0.25426557847442954
st_V3_st_slope_j0_j40_std,0.0004289697225899947,0.0003334909146693325,0.0005329901627486144,0.0002371071234314601,9.54788079206622e-05,0.25298582278986,0.25298582278986
st_V2_st_slope_j0_j40_max,0.00014310344827585863,0.0005515957446808554,0.0014461735562565192,0.0017110902665865737,-0.0004084922964049968,-0.252785031050756,0.252785031050756
st_V2_s_amplitude_mean,-0.9164572853166667,-1.0565149378453302,0.6083397018818001,0.5204215685540388,0.14005765252866353,0.252207423745484,0.252207423745484
sq_aVL_std,0.06535900830955256,0.0740378118540956,0.034491017179857454,0.034382568304444326,-0.008678803544543034,-0.2521175197952346,0.2521175197952346
st_V1_st_j60_max,0.09620689655172411,0.11179787234042551,0.06269982088207646,0.06158247018243857,-0.015590975788701403,-0.25143645136933723,0.25143645136933723
sq_aVF_snr_proxy,1334.9716137300493,996.1639945651858,1560.6094711298358,1201.0974208536265,338.80761916486347,0.2512572956569313,0.2512572956569313
rr_mean_ms,899.9362925782804,861.085229364353,167.9391367809669,146.52953541922682,38.85106321392732,0.2506864903952388,0.2506864903952388
hr_estimate_bpm,68.73186416846616,71.81134300832592,11.590055560960192,12.820340882934092,-3.0794788398597603,-0.24896291903531595,0.24896291903531595
morph_V1_high_takeoff_gt_2mm_min,0.10344827586206896,0.0425531914893617,0.30454347814923605,0.20184751022351363,0.06089508437270726,0.2477381355424872,0.2477381355424872
st_V1_high_takeoff_gt_2mm_min,0.10344827586206896,0.0425531914893617,0.30454347814923605,0.20184751022351363,0.06089508437270726,0.2477381355424872,0.2477381355424872
morph_V1_t_polarity_median,0.8620689655172413,0.9574468085106383,0.506790981265485,0.2886097865159689,-0.09537784299339702,-0.24712275004072057,0.24712275004072057
morph_V1_high_takeoff_gt_1mm_n_valid,12.379310344827585,13.0,2.5381746509762686,2.5095562038785926,-0.6206896551724146,-0.24626407944206263,0.24626407944206263
morph_V1_covedness_score_n_valid,12.379310344827585,13.0,2.5381746509762686,2.5095562038785926,-0.6206896551724146,-0.24626407944206263,0.24626407944206263
st_V2_high_takeoff_gt_1mm_n_valid,12.379310344827585,13.0,2.5381746509762686,2.5095562038785926,-0.6206896551724146,-0.24626407944206263,0.24626407944206263
st_V3_st_j80_j0_ratio_n_valid,12.379310344827585,13.0,2.5381746509762686,2.5095562038785926,-0.6206896551724146,-0.24626407944206263,0.24626407944206263
st_V3_r_amplitude_n_valid,12.379310344827585,13.0,2.5381746509762686,2.5095562038785926,-0.6206896551724146,-0.24626407944206263,0.24626407944206263
morph_V1_t_mean_n_valid,12.379310344827585,13.0,2.5381746509762686,2.5095562038785926,-0.6206896551724146,-0.24626407944206263,0.24626407944206263
st_V3_st_j40_n_valid,12.379310344827585,13.0,2.5381746509762686,2.5095562038785926,-0.6206896551724146,-0.24626407944206263,0.24626407944206263
morph_V2_saddleback_score_n_valid,12.379310344827585,13.0,2.5381746509762686,2.5095562038785926,-0.6206896551724146,-0.24626407944206263,0.24626407944206263
st_V3_st_j40_j0_ratio_n_valid,12.379310344827585,13.0,2.5381746509762686,2.5095562038785926,-0.6206896551724146,-0.24626407944206263,0.24626407944206263
st_V1_st_j80_j0_ratio_n_valid,12.379310344827585,13.0,2.5381746509762686,2.5095562038785926,-0.6206896551724146,-0.24626407944206263,0.24626407944206263
morph_V3_saddleback_score_n_valid,12.379310344827585,13.0,2.5381746509762686,2.5095562038785926,-0.6206896551724146,-0.24626407944206263,0.24626407944206263
morph_V3_high_takeoff_gt_2mm_n_valid,12.379310344827585,13.0,2.5381746509762686,2.5095562038785926,-0.6206896551724146,-0.24626407944206263,0.24626407944206263
st_V3_st_curvature_sign_n_valid,12.379310344827585,13.0,2.5381746509762686,2.5095562038785926,-0.6206896551724146,-0.24626407944206263,0.24626407944206263
st_V2_st_j40_n_valid,12.379310344827585,13.0,2.5381746509762686,2.5095562038785926,-0.6206896551724146,-0.24626407944206263,0.24626407944206263
st_V2_s_amplitude_n_valid,12.379310344827585,13.0,2.5381746509762686,2.5095562038785926,-0.6206896551724146,-0.24626407944206263,0.24626407944206263
st_V1_st_area_above_baseline_n_valid,12.379310344827585,13.0,2.5381746509762686,2.5095562038785926,-0.6206896551724146,-0.24626407944206263,0.24626407944206263
morph_V3_second_hump_present_n_valid,12.379310344827585,13.0,2.5381746509762686,2.5095562038785926,-0.6206896551724146,-0.24626407944206263,0.24626407944206263
st_V2_st_slope_j0_j40_n_valid,12.379310344827585,13.0,2.5381746509762686,2.5095562038785926,-0.6206896551724146,-0.24626407944206263,0.24626407944206263
st_V2_st_j40_j0_ratio_n_valid,12.379310344827585,13.0,2.5381746509762686,2.5095562038785926,-0.6206896551724146,-0.24626407944206263,0.24626407944206263
morph_V2_t_amplitude_n_valid,12.379310344827585,13.0,2.5381746509762686,2.5095562038785926,-0.6206896551724146,-0.24626407944206263,0.24626407944206263
morph_V1_t_polarity_n_valid,12.379310344827585,13.0,2.5381746509762686,2.5095562038785926,-0.6206896551724146,-0.24626407944206263,0.24626407944206263
st_V1_st_convexity_n_valid,12.379310344827585,13.0,2.5381746509762686,2.5095562038785926,-0.6206896551724146,-0.24626407944206263,0.24626407944206263
st_V2_st_area_above_baseline_n_valid,12.379310344827585,13.0,2.5381746509762686,2.5095562038785926,-0.6206896551724146,-0.24626407944206263,0.24626407944206263
st_V3_j_point_amplitude_n_valid,12.379310344827585,13.0,2.5381746509762686,2.5095562038785926,-0.6206896551724146,-0.24626407944206263,0.24626407944206263
st_V1_r_amplitude_n_valid,12.379310344827585,13.0,2.5381746509762686,2.5095562038785926,-0.6206896551724146,-0.24626407944206263,0.24626407944206263
st_V2_r_amplitude_n_valid,12.379310344827585,13.0,2.5381746509762686,2.5095562038785926,-0.6206896551724146,-0.24626407944206263,0.24626407944206263
st_V3_rs_ratio_n_valid,12.379310344827585,13.0,2.5381746509762686,2.5095562038785926,-0.6206896551724146,-0.24626407944206263,0.24626407944206263
st_V1_st_j40_j0_ratio_n_valid,12.379310344827585,13.0,2.5381746509762686,2.5095562038785926,-0.6206896551724146,-0.24626407944206263,0.24626407944206263
st_V2_high_takeoff_gt_2mm_n_valid,12.379310344827585,13.0,2.5381746509762686,2.5095562038785926,-0.6206896551724146,-0.24626407944206263,0.24626407944206263
morph_V2_t_mean_n_valid,12.379310344827585,13.0,2.5381746509762686,2.5095562038785926,-0.6206896551724146,-0.24626407944206263,0.24626407944206263
st_V3_st_slope_j0_j40_n_valid,12.379310344827585,13.0,2.5381746509762686,2.5095562038785926,-0.6206896551724146,-0.24626407944206263,0.24626407944206263
st_V2_rs_ratio_n_valid,12.379310344827585,13.0,2.5381746509762686,2.5095562038785926,-0.6206896551724146,-0.24626407944206263,0.24626407944206263
st_V1_high_takeoff_gt_1mm_n_valid,12.379310344827585,13.0,2.5381746509762686,2.5095562038785926,-0.6206896551724146,-0.24626407944206263,0.24626407944206263
morph_V3_t_polarity_n_valid,12.379310344827585,13.0,2.5381746509762686,2.5095562038785926,-0.6206896551724146,-0.24626407944206263,0.24626407944206263
morph_V2_t_inversion_indicator_n_valid,12.379310344827585,13.0,2.5381746509762686,2.5095562038785926,-0.6206896551724146,-0.24626407944206263,0.24626407944206263
st_V3_high_takeoff_gt_1mm_n_valid,12.379310344827585,13.0,2.5381746509762686,2.5095562038785926,-0.6206896551724146,-0.24626407944206263,0.24626407944206263
morph_V2_high_takeoff_gt_1mm_n_valid,12.379310344827585,13.0,2.5381746509762686,2.5095562038785926,-0.6206896551724146,-0.24626407944206263,0.24626407944206263
morph_V3_t_mean_n_valid,12.379310344827585,13.0,2.5381746509762686,2.5095562038785926,-0.6206896551724146,-0.24626407944206263,0.24626407944206263
morph_V1_second_hump_present_n_valid,12.379310344827585,13.0,2.5381746509762686,2.5095562038785926,-0.6206896551724146,-0.24626407944206263,0.24626407944206263
morph_V3_t_inversion_indicator_n_valid,12.379310344827585,13.0,2.5381746509762686,2.5095562038785926,-0.6206896551724146,-0.24626407944206263,0.24626407944206263
st_V2_j_point_amplitude_n_valid,12.379310344827585,13.0,2.5381746509762686,2.5095562038785926,-0.6206896551724146,-0.24626407944206263,0.24626407944206263
st_V2_st_monotonicity_n_valid,12.379310344827585,13.0,2.5381746509762686,2.5095562038785926,-0.6206896551724146,-0.24626407944206263,0.24626407944206263
morph_V3_t_amplitude_n_valid,12.379310344827585,13.0,2.5381746509762686,2.5095562038785926,-0.6206896551724146,-0.24626407944206263,0.24626407944206263
st_V2_st_j60_n_valid,12.379310344827585,13.0,2.5381746509762686,2.5095562038785926,-0.6206896551724146,-0.24626407944206263,0.24626407944206263
st_V1_st_slope_j0_j40_n_valid,12.379310344827585,13.0,2.5381746509762686,2.5095562038785926,-0.6206896551724146,-0.24626407944206263,0.24626407944206263
st_V3_st_j20_n_valid,12.379310344827585,13.0,2.5381746509762686,2.5095562038785926,-0.6206896551724146,-0.24626407944206263,0.24626407944206263
morph_V1_t_peak_value_n_valid,12.379310344827585,13.0,2.5381746509762686,2.5095562038785926,-0.6206896551724146,-0.24626407944206263,0.24626407944206263
st_V1_high_takeoff_gt_2mm_n_valid,12.379310344827585,13.0,2.5381746509762686,2.5095562038785926,-0.6206896551724146,-0.24626407944206263,0.24626407944206263
st_V1_st_j40_n_valid,12.379310344827585,13.0,2.5381746509762686,2.5095562038785926,-0.6206896551724146,-0.24626407944206263,0.24626407944206263
st_V1_st_curvature_sign_n_valid,12.379310344827585,13.0,2.5381746509762686,2.5095562038785926,-0.6206896551724146,-0.24626407944206263,0.24626407944206263
st_V3_st_monotonicity_n_valid,12.379310344827585,13.0,2.5381746509762686,2.5095562038785926,-0.6206896551724146,-0.24626407944206263,0.24626407944206263
st_V1_rs_ratio_n_valid,12.379310344827585,13.0,2.5381746509762686,2.5095562038785926,-0.6206896551724146,-0.24626407944206263,0.24626407944206263
morph_V2_t_polarity_n_valid,12.379310344827585,13.0,2.5381746509762686,2.5095562038785926,-0.6206896551724146,-0.24626407944206263,0.24626407944206263
st_V1_j_point_amplitude_n_valid,12.379310344827585,13.0,2.5381746509762686,2.5095562038785926,-0.6206896551724146,-0.24626407944206263,0.24626407944206263
st_V1_s_amplitude_n_valid,12.379310344827585,13.0,2.5381746509762686,2.5095562038785926,-0.6206896551724146,-0.24626407944206263,0.24626407944206263
st_V3_high_takeoff_gt_2mm_n_valid,12.379310344827585,13.0,2.5381746509762686,2.5095562038785926,-0.6206896551724146,-0.24626407944206263,0.24626407944206263
st_V2_st_curvature_sign_n_valid,12.379310344827585,13.0,2.5381746509762686,2.5095562038785926,-0.6206896551724146,-0.24626407944206263,0.24626407944206263
st_V3_j_point_confidence_n_valid,12.379310344827585,13.0,2.5381746509762686,2.5095562038785926,-0.6206896551724146,-0.24626407944206263,0.24626407944206263
st_V3_st_area_above_baseline_n_valid,12.379310344827585,13.0,2.5381746509762686,2.5095562038785926,-0.6206896551724146,-0.24626407944206263,0.24626407944206263
st_V2_st_slope_j20_j80_n_valid,12.379310344827585,13.0,2.5381746509762686,2.5095562038785926,-0.6206896551724146,-0.24626407944206263,0.24626407944206263
st_V1_j_point_confidence_n_valid,12.379310344827585,13.0,2.5381746509762686,2.5095562038785926,-0.6206896551724146,-0.24626407944206263,0.24626407944206263
morph_V2_t_peak_value_n_valid,12.379310344827585,13.0,2.5381746509762686,2.5095562038785926,-0.6206896551724146,-0.24626407944206263,0.24626407944206263
st_V2_st_j20_n_valid,12.379310344827585,13.0,2.5381746509762686,2.5095562038785926,-0.6206896551724146,-0.24626407944206263,0.24626407944206263
st_V3_st_convexity_n_valid,12.379310344827585,13.0,2.5381746509762686,2.5095562038785926,-0.6206896551724146,-0.24626407944206263,0.24626407944206263
st_V2_j_point_confidence_n_valid,12.379310344827585,13.0,2.5381746509762686,2.5095562038785926,-0.6206896551724146,-0.24626407944206263,0.24626407944206263
st_V2_st_j80_j0_ratio_n_valid,12.379310344827585,13.0,2.5381746509762686,2.5095562038785926,-0.6206896551724146,-0.24626407944206263,0.24626407944206263
st_V3_s_amplitude_n_valid,12.379310344827585,13.0,2.5381746509762686,2.5095562038785926,-0.6206896551724146,-0.24626407944206263,0.24626407944206263
morph_V1_t_amplitude_n_valid,12.379310344827585,13.0,2.5381746509762686,2.5095562038785926,-0.6206896551724146,-0.24626407944206263,0.24626407944206263
morph_V2_second_hump_present_n_valid,12.379310344827585,13.0,2.5381746509762686,2.5095562038785926,-0.6206896551724146,-0.24626407944206263,0.24626407944206263
morph_V3_t_peak_value_n_valid,12.379310344827585,13.0,2.5381746509762686,2.5095562038785926,-0.6206896551724146,-0.24626407944206263,0.24626407944206263
st_V1_st_j20_n_valid,12.379310344827585,13.0,2.5381746509762686,2.5095562038785926,-0.6206896551724146,-0.24626407944206263,0.24626407944206263
st_V1_st_slope_j20_j80_n_valid,12.379310344827585,13.0,2.5381746509762686,2.5095562038785926,-0.6206896551724146,-0.24626407944206263,0.24626407944206263
st_V2_st_j80_n_valid,12.379310344827585,13.0,2.5381746509762686,2.5095562038785926,-0.6206896551724146,-0.24626407944206263,0.24626407944206263
st_V3_st_j80_n_valid,12.379310344827585,13.0,2.5381746509762686,2.5095562038785926,-0.6206896551724146,-0.24626407944206263,0.24626407944206263
st_V1_st_monotonicity_n_valid,12.379310344827585,13.0,2.5381746509762686,2.5095562038785926,-0.6206896551724146,-0.24626407944206263,0.24626407944206263
morph_V2_covedness_score_n_valid,12.379310344827585,13.0,2.5381746509762686,2.5095562038785926,-0.6206896551724146,-0.24626407944206263,0.24626407944206263
st_V3_st_slope_j20_j80_n_valid,12.379310344827585,13.0,2.5381746509762686,2.5095562038785926,-0.6206896551724146,-0.24626407944206263,0.24626407944206263
morph_V1_high_takeoff_gt_2mm_n_valid,12.379310344827585,13.0,2.5381746509762686,2.5095562038785926,-0.6206896551724146,-0.24626407944206263,0.24626407944206263
st_V3_st_j60_n_valid,12.379310344827585,13.0,2.5381746509762686,2.5095562038785926,-0.6206896551724146,-0.24626407944206263,0.24626407944206263
morph_V3_high_takeoff_gt_1mm_n_valid,12.379310344827585,13.0,2.5381746509762686,2.5095562038785926,-0.6206896551724146,-0.24626407944206263,0.24626407944206263
morph_V1_t_inversion_indicator_n_valid,12.379310344827585,13.0,2.5381746509762686,2.5095562038785926,-0.6206896551724146,-0.24626407944206263,0.24626407944206263
st_V2_st_convexity_n_valid,12.379310344827585,13.0,2.5381746509762686,2.5095562038785926,-0.6206896551724146,-0.24626407944206263,0.24626407944206263
morph_V1_saddleback_score_n_valid,12.379310344827585,13.0,2.5381746509762686,2.5095562038785926,-0.6206896551724146,-0.24626407944206263,0.24626407944206263
morph_V2_high_takeoff_gt_2mm_n_valid,12.379310344827585,13.0,2.5381746509762686,2.5095562038785926,-0.6206896551724146,-0.24626407944206263,0.24626407944206263
st_V1_st_j80_n_valid,12.379310344827585,13.0,2.5381746509762686,2.5095562038785926,-0.6206896551724146,-0.24626407944206263,0.24626407944206263
morph_V3_covedness_score_n_valid,12.379310344827585,13.0,2.5381746509762686,2.5095562038785926,-0.6206896551724146,-0.24626407944206263,0.24626407944206263
st_V1_st_j60_n_valid,12.379310344827585,13.0,2.5381746509762686,2.5095562038785926,-0.6206896551724146,-0.24626407944206263,0.24626407944206263
sq_aVR_rms,0.15063415256092852,0.13976590540417091,0.04904108600687432,0.04104144119998946,0.010868247156757604,0.2456723740673391,0.2456723740673391
st_V3_st_slope_j20_j80_median,0.0014137931034482443,0.001730319148936129,0.0012207698796072245,0.0013298296447137696,-0.00031652604548788464,-0.24543583357307414,0.24543583357307414
sq_III_baseline_drift,2.998993492249452e-05,2.0546075463688764e-05,5.076910002140163e-05,2.8675322134579563e-05,9.443859458805757e-06,0.24495121169139208,0.24495121169139208
morph_V1_saddleback_score_mean,0.02343495318913672,0.030179833643637858,0.023269898275456842,0.030062899345133898,-0.006744880454501136,-0.24359190613042528,0.24359190613042528
sq_aVR_std,0.14570679693256178,0.13529644425836668,0.04769673798777303,0.03942800491777663,0.0104103526741951,0.243544134583662,0.243544134583662
sq_aVF_min,-0.3421379310344827,-0.39263829787234045,0.19985386456590296,0.2124523902142338,0.050500366837857746,0.24305286296696144,0.24305286296696144
sq_V5_std,0.24587942824019246,0.22597237917212115,0.07742167348006745,0.08501286533498473,0.01990704906807131,0.24211050710957124,0.24211050710957124
st_V2_st_slope_j0_j40_median,-0.0006586206896551688,-0.00024148936170213193,0.001920687914008968,0.0016041421333314841,-0.00041713132795303685,-0.24101351108050176,0.24101351108050176
st_V1_st_monotonicity_mean,0.7604459342980455,0.7074250207315014,0.24028125151267085,0.2074439103736924,0.05302091356654415,0.24051780897056185,0.24051780897056185
st_V1_st_j20_max,0.1697413793103448,0.14789361702127654,0.11366759013181095,0.07368787943942247,0.021847762289068262,0.2403304337783977,0.2403304337783977
st_V2_s_amplitude_max,-0.735758620689655,-0.8571914893617021,0.5347455182815798,0.48680095055318445,0.12143286867204706,0.24023410166106454,0.24023410166106454
st_V2_s_amplitude_median,-0.9313965517241379,-1.0678031914893615,0.6223165721902255,0.5328513023992132,0.1364066397652236,0.23999973662920432,0.23999973662920432
median_rr_ms,900.8620689655172,862.8723404255319,174.17821316268854,148.91717204058423,37.98972853998532,0.23900690725871523,0.23900690725871523
sq_V2_min,-1.1143103448275862,-1.261063829787234,0.6809473676277715,0.5700861228052476,0.1467534849596479,0.23886020546239042,0.23886020546239042
sq_II_snr_proxy,1474.626972355144,1186.0312071454875,1345.5083349503377,1117.6723191354374,288.5957652096565,0.23871786539435996,0.23871786539435996
sq_V5_rms,0.2538429711400351,0.23332745876389113,0.08071961669904451,0.08897071227551819,0.02051551237614399,0.23871377037640376,0.23871377037640376
st_V1_j_point_amplitude_mean,0.13854365625922416,0.11275634713583628,0.10925372104669238,0.10839606348677909,0.025787309123387878,0.23718710653482178,0.23718710653482178
st_V1_j_point_amplitude_median,0.13770689655172413,0.10930851063829787,0.12483649770533506,0.1173055000973993,0.028398385913426263,0.23623868448297589,0.23623868448297589
morph_V2_t_amplitude_max,0.08103448275862066,0.0971914893617021,0.06095969994870307,0.07300098754734886,-0.016157006603081447,-0.23520428710900265,0.23520428710900265
st_V1_st_convexity_std,0.0010008245662605276,0.0011692518532777638,0.0005766492872101082,0.0007938466390435385,-0.00016842728701723622,-0.23411624392540784,0.23411624392540784
st_V1_st_j40_j0_ratio_min,0.015126995138473985,0.25109977479881423,1.3189431147217832,0.7728407335981418,-0.23597277966034025,-0.23256564185541648,0.23256564185541648
sq_aVR_range,1.1970344827586206,1.0923191489361703,0.46542420270771456,0.4410900475626832,0.10471533382245024,0.2324671427671319,0.2324671427671319
cl_argmax_st_v1v3,1.0689655172413792,0.9148936170212766,0.7848142535683479,0.5772195730319377,0.15407190022010264,0.23222745807665943,0.23222745807665943
st_V1_high_takeoff_gt_1mm_median,0.4827586206896552,0.5957446808510638,0.4997026464203254,0.47978605462892254,-0.11298606016140861,-0.23180537254342118,0.23180537254342118
morph_V1_high_takeoff_gt_1mm_median,0.4827586206896552,0.5957446808510638,0.4997026464203254,0.47978605462892254,-0.11298606016140861,-0.23180537254342118,0.23180537254342118
st_V2_s_amplitude_min,-1.0665862068965517,-1.2059787234042554,0.6565533971110241,0.5671693709043069,0.13939251650770368,0.23133700682188632,0.23133700682188632
st_V1_r_amplitude_min,-0.7648620689655171,-0.6696489361702128,0.38871079792476254,0.42830915602770636,-0.0952131327953043,-0.23011019202369076,0.23011019202369076
st_V1_st_area_above_baseline_std,0.2190444536917854,0.1878588161591023,0.1655514235743389,0.11343970978281527,0.031185637532683108,0.2300931011148584,0.2300931011148584
sq_V2_max,0.6058620689655171,0.677531914893617,0.32662925562509265,0.30282512691663793,-0.07166984592809988,-0.22967738646251026,0.22967738646251026
morph_V3_t_inversion_indicator_max,0.27586206896551724,0.3829787234042553,0.44694763437295587,0.4861131769700368,-0.10711665443873808,-0.22709776206502869,0.22709776206502869
cl_v1v2_slope_consistency,0.7241379310344828,0.6170212765957447,0.44694763437295587,0.4861131769700368,0.10711665443873808,0.22709776206502869,0.22709776206502869
morph_V2_t_polarity_std,0.5516084577198691,0.45656951031276155,0.41634917348302214,0.42025551080078855,0.09503894740710755,0.2269414883862376,0.2269414883862376
morph_V1_t_mean_max,0.05003182066975167,0.05996202532691889,0.04004892069061553,0.04667550321593524,-0.009930204657167221,-0.22423447834096377,0.22423447834096377
sq_V4_noise_energy,0.000374115205657825,0.00020679365380271966,0.001175803327404457,0.00024344855537216284,0.00016732155185510532,0.2236018178521988,0.2236018178521988
sq_V2_std,0.2131554978044675,0.23670154299145033,0.1163620359277488,0.09831447879315164,-0.023546045186982834,-0.22317051671757274,0.22317051671757274
st_V3_s_amplitude_median,-0.9584224137931036,-1.066654255319149,0.5313610172174014,0.4623238668446965,0.10823184152604537,0.22106527306860604,0.22106527306860604
morph_V2_covedness_score_mean,0.08727589130968945,0.10429680187422427,0.06503489250596696,0.0835252023402874,-0.017020910564534822,-0.22090025263097982,0.22090025263097982
morph_V3_t_polarity_std,0.3932854931161394,0.3094694576419716,0.40153549544427436,0.3669713655151898,0.08381603547416783,0.2203254655113475,0.2203254655113475
morph_V2_saddleback_score_max,0.04086206896551721,0.07304255319148933,0.05937495422810121,0.1797085758766104,-0.032180484225972125,-0.21993344202807635,0.21993344202807635
morph_V3_t_peak_value_median,-0.04027586206896551,-0.02693617021276594,0.05505590203052501,0.0639259975268342,-0.01333969185619957,-0.21968350909594458,0.21968350909594458
sq_V2_rms,0.2161553391516256,0.23928849360669632,0.11774286317017288,0.09887259981463382,-0.02313315445507072,-0.2174025879536599,0.2174025879536599
st_V3_s_amplitude_mean,-0.9534511337152819,-1.0596588616173805,0.5289637023131148,0.4622496053411368,0.10620772790209865,0.21738695929491217,0.21738695929491217
morph_V3_covedness_score_max,0.24589942528735628,0.2863936170212765,0.1738263660830736,0.19398838244665428,-0.04049419173392024,-0.21699222430944182,0.21699222430944182
st_V3_st_monotonicity_mean,0.1619434778756187,0.1258819387422126,0.19741326662548195,0.14448412625210338,0.036061539133406095,0.21658318517386346,0.21658318517386346
st_V2_st_j40_j0_ratio_std,0.2277484872144157,0.30920534461842253,0.23767884152073895,0.44525883900448743,-0.08145685740400682,-0.21420080218321927,0.21420080218321927
st_V2_high_takeoff_gt_1mm_std,0.11821595117645117,0.15989221384135652,0.18214494928903627,0.20185468423474995,-0.041676262664905345,-0.21412872174045322,0.21412872174045322
morph_V2_high_takeoff_gt_1mm_std,0.11821595117645117,0.15989221384135652,0.18214494928903627,0.20185468423474995,-0.041676262664905345,-0.21412872174045322,0.21412872174045322
st_V2_st_slope_j0_j40_mean,-0.0007450958732500276,-0.00035403075345231077,0.0020000892292984184,0.001712546891770803,-0.00039106511979771684,-0.21408546680642382,0.21408546680642382
st_V3_st_j40_j0_ratio_min,0.507171163152063,0.7187483907605401,0.9660805978161188,1.0149733668422056,-0.21157722760847708,-0.2122659269293993,0.2122659269293993
morph_V3_high_takeoff_gt_1mm_max,0.5517241379310345,0.44680851063829785,0.4973174173053778,0.49716261470416684,0.10491562729273662,0.21100393243341362,0.21100393243341362
st_V2_high_takeoff_gt_2mm_max,0.4482758620689655,0.5531914893617021,0.4973174173053778,0.49716261470416684,-0.10491562729273662,-0.21100393243341362,0.21100393243341362
st_V3_high_takeoff_gt_1mm_max,0.5517241379310345,0.44680851063829785,0.4973174173053778,0.49716261470416684,0.10491562729273662,0.21100393243341362,0.21100393243341362
morph_V2_high_takeoff_gt_2mm_max,0.4482758620689655,0.5531914893617021,0.4973174173053778,0.49716261470416684,-0.10491562729273662,-0.21100393243341362,0.21100393243341362
st_V3_st_monotonicity_min,0.06896551724137931,0.04448742746615087,0.14843185707525658,0.093525859990225,0.02447808977522844,0.20856929565703108,0.20856929565703108
sq_V3_baseline_drift,0.0001069052843323561,8.032444489644645e-05,0.0001594107666277994,0.00010397958634952929,2.658083943590965e-05,0.20796707887177354,0.20796707887177354
st_V2_r_amplitude_max,-0.25017241379310345,-0.10703191489361702,0.6127714778500933,0.7335145243906748,-0.14314049889948643,-0.20735499144585173,0.20735499144585173
st_V2_st_curvature_sign_max,0.9310344827586207,0.8297872340425532,0.3649312153192539,0.558079874408681,0.1012472487160675,0.2049705457671189,0.2049705457671189
sq_V1_std,0.13805469988540622,0.12715152569850469,0.05326570122960402,0.053402921703745734,0.010903174186901538,0.20436665880193047,0.20436665880193047
morph_V2_saddleback_score_min,0.000856321839080453,0.005572695035460984,0.0022016295505894617,0.029221754547529736,-0.004716373196380531,-0.20435714143923947,0.20435714143923947
sq_V1_rms,0.13933069125963551,0.12837630472619907,0.05326635274900177,0.05385742033621366,0.010954386533436444,0.20424127249575277,0.20424127249575277
morph_V1_t_peak_value_std,0.019819470394560675,0.02444597261981458,0.020748968876495546,0.023786434327804463,-0.004626502225253907,-0.20394539817438817,0.20394539817438817
st_V2_st_j20_std,0.03000620473518026,0.03628421147821712,0.026642236940970725,0.033348742350845756,-0.006278006743036864,-0.20263174784838173,0.20263174784838173
st_V3_s_amplitude_min,-1.0524655172413795,-1.1586489361702128,0.5735788123556806,0.4992366397800429,0.10618341892883332,0.20087777189803752,0.20087777189803752
morph_V3_saddleback_score_std,0.009477085649229177,0.00657191475365408,0.016128353994450877,0.013514057975375022,0.002905170895575097,0.1995506272825194,0.1995506272825194
st_V3_st_slope_j0_j40_median,0.000807327586206876,0.000998138297872317,0.0010140261871394208,0.0009234676018814649,-0.00019081071166544112,-0.1990224783041315,0.1990224783041315
st_V1_st_j60_median,0.06254310344827585,0.07319148936170211,0.05822700333998665,0.05077178844631259,-0.010648385913426262,-0.1982404079222871,0.1982404079222871
morph_V2_covedness_score_max,0.1733965517241379,0.2014007092198581,0.12764459094417122,0.14935101592203456,-0.02800415749572019,-0.19786752105094899,0.19786752105094899
st_V1_st_j80_min,0.014913793103448274,0.02599999999999999,0.06558937952368524,0.05024440267333266,-0.011086206896551714,-0.19606854571012325,0.19606854571012325
sq_V5_mean,0.061459999999999966,0.055741365248226926,0.02690297680672565,0.030978822364947287,0.00571863475177304,0.19383293384885006,0.19383293384885006
st_V2_st_convexity_min,-0.00014137931034482757,-0.0009574468085106513,0.0026606347753586283,0.004927376613343413,0.0008160674981658237,0.19358480590083915,0.19358480590083915
st_V3_st_slope_j20_j80_max,0.002049425287356294,0.0023258865248226572,0.0015426285148536184,0.0013665577214431626,-0.0002764612374663634,-0.1925592017251553,0.1925592017251553
morph_V1_t_peak_value_median,0.033318965517241346,0.03876063829787231,0.020498622383455435,0.03218257248780776,-0.005441672780630964,-0.19205436826101133,0.19205436826101133
sq_III_mean,0.01789209770114939,0.02197290780141841,0.015399621513207151,0.024135086557305205,-0.0040808101002690195,-0.191981714590382,0.191981714590382
st_V1_st_j20_std,0.03251324105790289,0.026841600439213652,0.03873621494873669,0.022199410210892407,0.005671640618689237,0.19183531356900346,0.19183531356900346
st_V3_st_convexity_std,0.0012313714323569623,0.0010959229637926215,0.0007899503823827421,0.0006502001230468762,0.0001354484685643408,0.1917615878925989,0.1917615878925989
morph_V2_covedness_score_std,0.04113051032730497,0.049164087709553474,0.04082546597284578,0.04254430346935861,-0.008033577382248504,-0.19172197495083296,0.19172197495083296
sq_aVR_noise_energy,3.9389397336225376e-05,2.802544580171e-05,7.871851137997606e-05,4.337994542047993e-05,1.1363951534515375e-05,0.19169079484891927,0.19169079484891927
st_V1_st_j80_j0_ratio_min,-0.45916479870201843,-0.1393166973062271,1.8826224628051162,1.5322645192329525,-0.31984810139579134,-0.1911274106290436,0.1911274106290436
sq_V3_range,2.0915862068965514,2.2354468085106385,0.805810259057834,0.7192011173313523,-0.1438606016140871,-0.19101331453876969,0.19101331453876969
morph_V2_t_polarity_max,0.7931034482758621,0.6595744680851063,0.6090869562984722,0.7516392226661998,0.13352898019075576,0.19045164792389116,0.19045164792389116
sq_I_baseline_drift,2.216159331540079e-05,1.4838014603667862e-05,4.8338889579280936e-05,3.104337703355567e-05,7.323578711732929e-06,0.19016263184348242,0.19016263184348242
sq_I_range,0.8686896551724138,0.7849361702127658,0.38879505313373064,0.46943149883233337,0.08375348495964796,0.19006409061457405,0.19006409061457405
st_V2_st_j60_std,0.023923121466621674,0.027567204868160805,0.015754047094038905,0.021110767545414477,-0.003644083401539131,-0.18920555594717417,0.18920555594717417
sq_III_rms,0.12616391119554335,0.13947171281302384,0.056494477507580604,0.07758062618362879,-0.013307801617480491,-0.1891673987405731,0.1891673987405731
st_V1_high_takeoff_gt_1mm_mean,0.5062935712022933,0.5842530571953864,0.4387503042554997,0.40029626275680036,-0.0779594859930931,-0.1877341115980381,0.1877341115980381
morph_V1_high_takeoff_gt_1mm_mean,0.5062935712022933,0.5842530571953864,0.4387503042554997,0.40029626275680036,-0.0779594859930931,-0.1877341115980381,0.1877341115980381
morph_V2_t_mean_min,-0.01823187540428918,-0.025649491643108646,0.024317783501903095,0.04657824331064999,0.007417616238819466,0.1870617603724867,0.1870617603724867
morph_V1_t_inversion_indicator_mean,0.0,0.001934235976789168,0.0,0.01311862665981676,-0.001934235976789168,-0.18700707102266587,0.18700707102266587
morph_V2_second_hump_present_mean,0.0,0.0017730496453900702,0.0,0.012025407771498695,-0.0017730496453900702,-0.18700707102266584,0.18700707102266584
morph_V2_second_hump_present_max,0.0,0.02127659574468085,0.0,0.14430489325798443,-0.02127659574468085,-0.18700707102266578,0.18700707102266578
morph_V2_second_hump_amplitude_n_valid,0.0,0.02127659574468085,0.0,0.14430489325798443,-0.02127659574468085,-0.18700707102266578,0.18700707102266578
morph_V1_t_inversion_indicator_max,0.0,0.02127659574468085,0.0,0.14430489325798443,-0.02127659574468085,-0.18700707102266578,0.18700707102266578
morph_V2_second_hump_present_std,0.0,0.0058805404084315595,0.0,0.03988376552908508,-0.0058805404084315595,-0.18700707102266578,0.18700707102266578
morph_V2_trough_depth_between_humps_n_valid,0.0,0.02127659574468085,0.0,0.14430489325798443,-0.02127659574468085,-0.18700707102266578,0.18700707102266578
morph_V1_t_inversion_indicator_std,0.0,0.006116591218894349,0.0,0.04148474001842789,-0.006116591218894349,-0.18700707102266573,0.18700707102266573
st_V3_st_curvature_sign_max,1.0,0.9574468085106383,0.0,0.2886097865159689,0.04255319148936165,0.18700707102266553,0.18700707102266553
st_V2_r_amplitude_std,0.17125741151422752,0.19356487980256562,0.12547195239941758,0.11542065156836952,-0.0223074682883381,-0.18694955803669114,0.18694955803669114
morph_V1_saddleback_score_min,0.003448275862068951,0.0055354609929077914,0.009226331783367285,0.012298394837035717,-0.0020871851308388403,-0.18577166164620873,0.18577166164620873
sq_II_noise_energy,0.00010467432192718976,7.587884020628323e-05,0.00019591744629096576,0.00012438752289742637,2.879548172090653e-05,0.18532877227308456,0.18532877227308456
st_V3_s_amplitude_max,-0.8462931034482758,-0.9338191489361701,0.48876140990723327,0.46524225473484787,0.08752604548789433,0.18454564455064976,0.18454564455064976
st_V1_st_j40_j0_ratio_median,0.625303176832744,0.6832894711931267,0.3558597806710771,0.2869586608730644,-0.05798629436038272,-0.18419582107179053,0.18419582107179053
st_V1_st_j80_mean,0.052170251086528945,0.06178527736023863,0.0591762076446323,0.047590595289530455,-0.009615026273709686,-0.18392397694963075,0.18392397694963075
morph_V3_t_peak_value_mean,-0.03647026233288909,-0.025622262300457065,0.052524282862074424,0.06305045818597026,-0.010848000032432022,-0.18297195340747233,0.18297195340747233
st_V3_r_amplitude_max,0.6127586206896551,0.7504148936170212,0.8013055792837093,0.7241967400429379,-0.13765627292736604,-0.1824952350289818,0.1824952350289818
st_V1_st_j60_mean,0.06290538004366601,0.07274783793000722,0.05826813770404652,0.051132551220083956,-0.009842457886341208,-0.1824582314880629,0.1824582314880629
sq_II_max,1.2388620689655172,1.1296170212765957,0.6492853219124022,0.565911411501591,0.10924504768892151,0.18243233857945876,0.18243233857945876
sq_III_std,0.12425977899237926,0.13676455730396403,0.05577804495389774,0.07550666870624757,-0.012504778311584766,-0.18199033993943806,0.18199033993943806
sq_V3_min,-1.0839655172413794,-1.1822978723404256,0.5746608884742147,0.5222118227958972,0.09833235509904625,0.18120638498753736,0.18120638498753736
st_V2_st_j20_max,0.2037241379310345,0.23287234042553193,0.1407547136594732,0.17343578945746801,-0.029148202494497427,-0.18009623364941305,0.18009623364941305
sq_V1_max,0.3310689655172413,0.29536170212765955,0.18395500406245954,0.20713552203984661,0.035707263389581745,0.17971992567101877,0.17971992567101877
sq_V5_min,-0.4853103448275862,-0.44155319148936173,0.2728684290059167,0.22731221461977424,-0.0437571533382245,-0.17820369075282944,0.17820369075282944
st_V3_st_slope_j0_j40_mean,0.0008212364095223774,0.0010009671776616145,0.0011379628618065447,0.0009277635211765516,-0.00017973076813923713,-0.17752172204488523,0.17752172204488523
morph_V3_t_amplitude_max,0.09241379310344827,0.10236170212765953,0.0664550754354369,0.049438195042068984,-0.009947909024211263,-0.17612157974452516,0.17612157974452516
st_V2_st_curvature_sign_std,0.38035320249559545,0.3105514373284743,0.44313129083920233,0.3658667067947046,0.06980176516712117,0.17587849768129943,0.17587849768129943
st_V2_j_point_amplitude_std,0.03363589501749202,0.04066543023722395,0.04113946435681657,0.03981391026744753,-0.0070295352197319305,-0.17434105196005834,0.17434105196005834
morph_V1_high_takeoff_gt_2mm_max,0.3793103448275862,0.2978723404255319,0.48521542343000995,0.45732309064265286,0.08143800440205429,0.17398589309923435,0.17398589309923435
st_V1_high_takeoff_gt_2mm_max,0.3793103448275862,0.2978723404255319,0.48521542343000995,0.45732309064265286,0.08143800440205429,0.17398589309923435,0.17398589309923435
morph_V2_t_mean_std,0.01349302696196186,0.015542259818558888,0.010523174554114048,0.012495495655847129,-0.0020492328565970275,-0.1738393310209585,0.1738393310209585
st_V1_st_j40_min,0.03594827586206895,0.04878723404255318,0.0859468906608536,0.06563120241658954,-0.01283895818048423,-0.173552717407852,0.173552717407852
st_V3_st_convexity_min,0.0006931034482758585,0.0011744680851063596,0.002640393261524711,0.0028595839665495337,-0.00048136463683050106,-0.17323493321648978,0.17323493321648978
sq_V1_snr_proxy,2280.636695542234,1603.4018284465753,5030.063118209015,3100.20728711756,677.2348670956587,0.17175134128976036,0.17175134128976036
morph_V1_t_amplitude_std,0.01433196701413551,0.017625761351479273,0.017223035511438944,0.020388486287732776,-0.0032937943373437632,-0.17108793571848732,0.17108793571848732
st_V2_st_area_above_baseline_max,2.212146551724138,2.4812712765957445,1.6601618657025394,1.5205704686331447,-0.26912472487160644,-0.17088969810347449,0.17088969810347449
st_V2_st_monotonicity_std,0.08272251593157702,0.0890603801308366,0.04373983408576321,0.03291343752461748,-0.00633786419925958,-0.16954996570677983,0.16954996570677983
sq_V1_range,1.1774137931034483,1.093659574468085,0.49155330978590156,0.5157824989645508,0.08375421863536325,0.1652768832451234,0.1652768832451234
st_V2_st_j40_max,0.1776206896551724,0.20046808510638292,0.14078417421666825,0.13701659335197322,-0.022847395451210534,-0.16501768677726833,0.16501768677726833
st_V1_st_slope_j0_j40_std,0.000771252191353449,0.0006343445015680725,0.0011040366953139927,0.000628085826897393,0.00013690768978537652,0.1628896943342465,0.1628896943342465
morph_V3_t_peak_value_min,-0.07848275862068964,-0.0674787234042553,0.0626723118151236,0.0703647002172835,-0.011004035216434338,-0.16288482509193095,0.16288482509193095
st_V3_st_monotonicity_max,0.2789968652037617,0.24371373307543526,0.24221246109193553,0.2011977349933593,0.035283132128326455,0.16212605123466511,0.16212605123466511
st_V3_st_j80_median,0.16604310344827586,0.1885691489361702,0.1412406247875186,0.13943636257370717,-0.02252604548789433,-0.1607604763511614,0.1607604763511614
st_V2_rs_ratio_max,0.008183121790188368,0.20195560767184362,0.9723077117575782,1.3371937803417235,-0.19377248588165524,-0.15986295084929625,0.15986295084929625
st_V3_st_j80_mean,0.16657594733979111,0.18882470858888087,0.1421982368099389,0.1374327210472216,-0.022248761249089755,-0.1597698474649746,0.1597698474649746
sq_V3_std,0.25712776373323293,0.270808344118228,0.08610312648747646,0.0874086605573452,-0.013680580384995089,-0.15739824648661682,0.15739824648661682
st_V2_st_j80_max,0.20831034482758623,0.23377659574468088,0.18137617671345768,0.1494617224359382,-0.025466250917094646,-0.15693046739497063,0.15693046739497063
morph_V1_high_takeoff_gt_2mm_mean,0.19980533327389308,0.15051997740967507,0.3466588035233922,0.29583419940001016,0.049285355864218006,0.15595256338913102,0.15595256338913102
st_V1_high_takeoff_gt_2mm_mean,0.19980533327389308,0.15051997740967507,0.3466588035233922,0.29583419940001016,0.049285355864218006,0.15595256338913102,0.15595256338913102
st_V1_st_j80_j0_ratio_max,0.9568588535814125,1.1735195608735807,1.1483386593732334,1.518881809988255,-0.21666070729216813,-0.15583299122683777,0.15583299122683777
morph_V3_saddleback_score_min,0.001948275862068932,0.0023670212765957216,0.0022513739731132906,0.0029273946358762625,-0.0004187454145267895,-0.1555722930777566,0.1555722930777566
st_V1_st_j80_median,0.05246551724137931,0.060521276595744675,0.05768010489410131,0.04882343976729545,-0.008055759354365366,-0.15387940655501472,0.15387940655501472
st_V3_high_takeoff_gt_1mm_mean,0.4105289571821012,0.34320099926202946,0.4341946034777408,0.4427383211020531,0.06732795792007173,0.15318342161735804,0.15318342161735804
morph_V3_high_takeoff_gt_1mm_mean,0.4105289571821012,0.34320099926202946,0.4341946034777408,0.4427383211020531,0.06732795792007173,0.15318342161735804,0.15318342161735804
morph_V3_high_takeoff_gt_1mm_median,0.41379310344827586,0.3404255319148936,0.49251230541674823,0.47385228619829967,0.07336757153338225,0.15253197571298993,0.15253197571298993
st_V3_high_takeoff_gt_1mm_median,0.41379310344827586,0.3404255319148936,0.49251230541674823,0.47385228619829967,0.07336757153338225,0.15253197571298993,0.15253197571298993
sq_V3_rms,0.26344359816885404,0.2769663466365346,0.0878967514597705,0.08919524182457435,-0.013522748467680534,-0.1524443059769951,0.1524443059769951
morph_V3_saddleback_score_max,0.03123563218390798,0.024338652482269463,0.046414616274517324,0.04459136901220657,0.006896979701638516,0.1522852306950071,0.1522852306950071
sq_V2_baseline_drift,8.180864879922799e-05,6.387188959791704e-05,0.00016966940756203865,6.992709547175493e-05,1.7936759201310948e-05,0.15196141745743483,0.15196141745743483
st_V2_r_amplitude_median,-0.5385258620689654,-0.41780851063829794,0.745240412912538,0.8368595124935686,-0.12071735143066742,-0.15025388807970352,0.15025388807970352
morph_V3_high_takeoff_gt_2mm_std,0.05919383660267609,0.04131935793254816,0.13240708703654852,0.11066192578657805,0.01787447867012793,0.14975687731028667,0.14975687731028667
st_V3_high_takeoff_gt_2mm_std,0.05919383660267609,0.04131935793254816,0.13240708703654852,0.11066192578657805,0.01787447867012793,0.14975687731028667,0.14975687731028667
st_V2_r_amplitude_mean,-0.5310983509560082,-0.41542120412962086,0.7211786137113961,0.8029926330353527,-0.11567714682638736,-0.14963638731730214,0.14963638731730214
morph_V2_saddleback_score_std,0.012912957615223429,0.018583784808888622,0.01930339521975367,0.045648942031225014,-0.005670827193665193,-0.14962953726372782,0.14962953726372782
st_V1_r_amplitude_std,0.075729068077622,0.08315984561846981,0.040588079150788436,0.054688335838542684,-0.0074307775408478105,-0.14913868416030493,0.14913868416030493
st_V1_high_takeoff_gt_1mm_min,0.3448275862068966,0.2765957446808511,0.4753120259341455,0.4473148093963539,0.0682318415260455,0.14894217124487838,0.14894217124487838
morph_V1_high_takeoff_gt_1mm_min,0.3448275862068966,0.2765957446808511,0.4753120259341455,0.4473148093963539,0.0682318415260455,0.14894217124487838,0.14894217124487838
morph_V1_high_takeoff_gt_1mm_max,0.7241379310344828,0.7872340425531915,0.44694763437295587,0.4092634906738585,-0.06309611151870875,-0.1488408935989127,0.1488408935989127
st_V1_high_takeoff_gt_1mm_max,0.7241379310344828,0.7872340425531915,0.44694763437295587,0.4092634906738585,-0.06309611151870875,-0.1488408935989127,0.1488408935989127
st_V3_st_slope_j0_j40_min,0.00022241379310344137,0.0003781914893616979,0.0012185234285874815,0.0009702710882059509,-0.00015577769625825654,-0.14545160244024516,0.14545160244024516
morph_V1_high_takeoff_gt_2mm_median,0.1896551724137931,0.13829787234042554,0.3808745178340434,0.33742024525858944,0.05135730007336756,0.14487682718200154,0.14487682718200154
st_V1_high_takeoff_gt_2mm_median,0.1896551724137931,0.13829787234042554,0.3808745178340434,0.33742024525858944,0.05135730007336756,0.14487682718200154,0.14487682718200154
st_V2_rs_ratio_std,0.2918060000438944,0.41706936520317733,0.20049694834979387,1.0864168450171618,-0.12526336515928294,-0.14474675964498568,0.14474675964498568
morph_V3_covedness_score_mean,0.1407662230048893,0.15875964991729266,0.11777923094888262,0.12842858589346537,-0.017993426912403354,-0.14451824136899177,0.14451824136899177
st_V1_st_convexity_mean,-8.594259132798166e-05,-0.0002741183421713269,0.001322077950697537,0.0012899931457627351,0.00018817575084334527,0.14450310890411883,0.14450310890411883
st_V2_st_convexity_std,0.0012443192823804344,0.0014003988801917124,0.0011343368775913357,0.0010555494937540915,-0.00015607959781127807,-0.1437152919084999,0.1437152919084999
morph_V3_t_amplitude_std,0.015422159925486855,0.016958899088683404,0.013015125648188148,0.009195158317796069,-0.0015367391631965488,-0.14228241343734085,0.14228241343734085
st_V3_r_amplitude_std,0.18160810513781234,0.1989848194713595,0.10114420597421785,0.13420267100750782,-0.01737671433354715,-0.1415668425547129,0.1415668425547129
st_V1_st_monotonicity_max,0.8714733542319748,0.8452611218568665,0.20189645376933693,0.18076570974786968,0.02621223237510828,0.13866036674176604,0.13866036674176604
st_V1_st_j60_min,0.028155172413793086,0.03651063829787233,0.06673675814001784,0.05639134622776625,-0.008355465884079243,-0.1380745032760437,0.1380745032760437
st_V3_st_j60_std,0.0277057027372769,0.02551481896099946,0.019049230674196966,0.013576062265260046,0.0021908837762774427,0.13804718898309007,0.13804718898309007
morph_V1_covedness_score_median,0.021627873563218356,0.018184397163120522,0.031077396761051028,0.02203898387707534,0.003443476400097834,0.13329480859720083,0.13329480859720083
morph_V3_t_peak_value_std,0.027412596891094123,0.024584139458828657,0.027715343367058692,0.016413270266959504,0.002828457432265466,0.13214931161817894,0.13214931161817894
st_V3_high_takeoff_gt_2mm_min,0.034482758620689655,0.06382978723404255,0.18246560765962697,0.24444947432076722,-0.029347028613352893,-0.13158256465801307,0.13158256465801307
morph_V3_high_takeoff_gt_2mm_min,0.034482758620689655,0.06382978723404255,0.18246560765962697,0.24444947432076722,-0.029347028613352893,-0.13158256465801307,0.13158256465801307
st_V3_r_amplitude_mean,0.3542051329952446,0.4618859061204625,0.8402929633104931,0.8095467465367572,-0.1076807731252179,-0.13110763254854754,0.13110763254854754
st_V1_st_j40_j0_ratio_std,0.24261863082963844,0.3009465268776596,0.3882289562467477,0.47915193975705,-0.05832789604802116,-0.13050809699481628,0.13050809699481628
st_V3_r_amplitude_median,0.37312931034482755,0.48156914893617025,0.8509354021956479,0.8228487760520395,-0.10843983859134271,-0.1300881373590619,0.1300881373590619
morph_V3_high_takeoff_gt_2mm_median,0.06896551724137931,0.10638297872340426,0.2533954906327425,0.3083271648125413,-0.03741746148202495,-0.1295736400126211,0.1295736400126211
st_V3_high_takeoff_gt_2mm_median,0.06896551724137931,0.10638297872340426,0.2533954906327425,0.3083271648125413,-0.03741746148202495,-0.1295736400126211,0.1295736400126211
morph_V2_t_peak_value_std,0.02644741517519562,0.02929510519333135,0.022700097840781322,0.02185795528239742,-0.002847690018135729,-0.12838788215069916,0.12838788215069916
sq_aVR_baseline_drift,2.0977829109527778e-05,2.560340402005731e-05,2.452095277323967e-05,4.16765129362589e-05,-4.625574910529533e-06,-0.1279353659053063,0.1279353659053063
sq_aVF_noise_energy,9.132786910213988e-05,7.465062635684855e-05,0.0001573066244730317,0.0001125528384564934,1.6677242745291332e-05,0.12702289505164657,0.12702289505164657
morph_V3_saddleback_score_mean,0.007847835648875142,0.010061548262520639,0.010244548243674031,0.020795790335897384,-0.002213712613645497,-0.12602742350796112,0.12602742350796112
st_V1_st_j20_mean,0.11145050672226123,0.10033687513942185,0.09057423494510346,0.08675267955850867,0.011113631582839373,0.12597897656838136,0.12597897656838136
st_V2_j_point_amplitude_min,0.11853448275862068,0.10303191489361699,0.12684928139429763,0.12074420845347653,0.015502567865003689,0.12594513366255308,0.12594513366255308
st_V3_rs_ratio_max,1.1836759502786995,1.566736526089687,1.671000857524579,3.647069548966218,-0.3830605758109875,-0.1254434575938931,0.1254434575938931
st_V2_st_monotonicity_median,0.3996865203761755,0.36557059961315286,0.2951540092753959,0.25831647243335526,0.03411592076302267,0.1250397761172497,0.1250397761172497
sq_V2_snr_proxy,1589.3719510134229,1880.5581076724384,1893.721373949113,2578.641558945696,-291.1861566590155,-0.12427138388043009,0.12427138388043009
st_V1_st_j40_max,0.11777586206896551,0.1258191489361702,0.06851850822284752,0.06311324047044285,-0.00804328686720468,-0.12334212868637427,0.12334212868637427
sq_II_baseline_drift,3.9286495386041294e-05,4.645040336179113e-05,4.4942653077713325e-05,6.483023018707792e-05,-7.163907975749836e-06,-0.12327924325056785,0.12327924325056785
morph_V3_t_amplitude_median,0.05674137931034483,0.061228723404255295,0.03983519295921011,0.034175502525030835,-0.004487344093910467,-0.12320899731672584,0.12320899731672584
st_V2_high_takeoff_gt_2mm_min,0.2413793103448276,0.19148936170212766,0.4279197808962364,0.3934732342320624,0.04988994864269994,0.12262486087772272,0.12262486087772272
morph_V2_high_takeoff_gt_2mm_min,0.2413793103448276,0.19148936170212766,0.4279197808962364,0.3934732342320624,0.04988994864269994,0.12262486087772272,0.12262486087772272
sq_II_min,-0.4269655172413792,-0.4625106382978725,0.20756776753938505,0.33082410781616045,0.03554512105649327,0.12239826083294825,0.12239826083294825
sq_V1_min,-0.8463448275862069,-0.7982978723404253,0.3976111664863368,0.39323496927321056,-0.04804695524578162,-0.12166973235016669,0.12166973235016669
cl_n_leads_t_inverted_v1v3,0.13793103448275862,0.19148936170212766,0.3448275862068966,0.4898240184349506,-0.05355832721936904,-0.12155542864199374,0.12155542864199374
st_V1_st_j20_median,0.11142241379310343,0.09985638297872339,0.10143014207699708,0.09150862859967772,0.01156603081438004,0.12125735422609496,0.12125735422609496
cl_max_covedness_v1v3,0.14816379310344827,0.16450265957446808,0.12481421918862454,0.1417487781968181,-0.016338866471019814,-0.12050193647480827,0.12050193647480827
st_V1_j_point_amplitude_min,0.07460344827586206,0.0612127659574468,0.0944172123508706,0.12093781348547421,0.01339068231841526,0.11993838980179082,0.11993838980179082
st_V3_st_j40_std,0.02428449825905293,0.02261442125777729,0.016281348989437713,0.012364729022834035,0.0016700770012756383,0.11949287969486552,0.11949287969486552
sq_III_snr_proxy,692.6591195605731,830.4511047568137,667.1716109670677,1370.2635675155805,-137.7919851962406,-0.11923034296354112,0.11923034296354112
morph_V3_t_mean_median,-0.015691185251530054,-0.011888197234207845,0.025742176241152,0.03538069587846757,-0.003802988017322208,-0.1185613132916837,0.1185613132916837
st_V2_j_point_amplitude_max,0.224,0.24438297872340428,0.1579127869295646,0.1801743308507352,-0.020382978723404277,-0.11844368067309538,0.11844368067309538
st_V2_st_monotonicity_min,0.2727272727272727,0.2437137330754352,0.26043346815753754,0.23505543568221757,0.029013539651837505,0.11843840751031329,0.11843840751031329
morph_V3_t_polarity_mean,-0.4379061776627699,-0.3481920934608505,0.7016651240923256,0.8038627234519482,-0.0897140842019194,-0.11699849710106273,0.11699849710106273
st_V3_st_j80_min,0.11837931034482757,0.1336914893617021,0.12850651769143676,0.1332695059050073,-0.015312179016874539,-0.11645341918803731,0.11645341918803731
morph_V3_t_amplitude_mean,0.05909769731620641,0.06335694507298316,0.041336384827282295,0.0334571109462714,-0.004259247756776746,-0.11625129923003993,0.11625129923003993
morph_V2_high_takeoff_gt_1mm_min,0.4827586206896552,0.425531914893617,0.4997026464203254,0.4944234058988191,0.05722670579603817,0.11527705254688762,0.11527705254688762
st_V2_high_takeoff_gt_1mm_min,0.4827586206896552,0.425531914893617,0.4997026464203254,0.4944234058988191,0.05722670579603817,0.11527705254688762,0.11527705254688762
st_V2_st_curvature_sign_min,0.06896551724137931,-0.0425531914893617,0.9801841657621996,0.9883889063265476,0.11151870873074102,0.11318335921718127,0.11318335921718127
morph_V3_t_polarity_median,-0.4827586206896552,-0.3829787234042553,0.8558395617924729,0.9121681323500429,-0.09977989728539988,-0.11195206655091884,0.11195206655091884
st_V2_st_j60_max,0.1857758620689655,0.20148936170212767,0.1522842502218668,0.13602931041169744,-0.015713499633162153,-0.11034899483604774,0.11034899483604774
morph_V3_t_inversion_indicator_mean,0.1266538059641508,0.15559794815113964,0.24116723721628405,0.27650146147554555,-0.028944142186988847,-0.10976613837728748,0.10976613837728748
st_V3_st_j60_median,0.12612068965517242,0.13876063829787233,0.11509360172548716,0.11643555835108424,-0.012639948642699905,-0.10903122840264669,0.10903122840264669
st_V1_st_j40_mean,0.0783307818561875,0.0849481521400746,0.06557690136766181,0.058355667428985514,-0.006617370283887106,-0.1081475813819899,0.1081475813819899
st_V3_st_j20_min,0.03818965517241377,0.0494468085106383,0.10896206345464868,0.1013934423391812,-0.01125715333822453,-0.10790792306826391,0.10790792306826391
sq_aVL_range,0.6642413793103449,0.7120212765957447,0.5752886325154928,0.34769174959839905,-0.047779897285399775,-0.10673920063007517,0.10673920063007517
sq_II_range,1.6658275862068967,1.592127659574468,0.7273203093152627,0.6706472141377258,0.07369992663242875,0.10640489054373953,0.10640489054373953
sq_V6_baseline_drift,3.1207254066817567e-05,4.051843295748236e-05,3.238771229798674e-05,0.00011003120287701455,-9.311178890664793e-06,-0.10460813745873952,0.10460813745873952
morph_V1_t_peak_value_min,-0.0012758620689655167,0.0027021276595744605,0.03427565392290922,0.040497000095681884,-0.003977989728539977,-0.10396676511966531,0.10396676511966531
st_V3_st_j60_mean,0.12704207985501084,0.13909514187469935,0.11745699994261313,0.1151453594596158,-0.012053062019688504,-0.10388291484030261,0.10388291484030261
sq_V2_mean,0.027403793103448246,0.024499627659574433,0.02932839827346005,0.027224717010584282,0.002904165443873813,0.10357492219852403,0.10357492219852403
sq_aVF_rms,0.15773334767110986,0.16602342199862943,0.06246894031219936,0.08925426523169301,-0.008290074327519575,-0.10339507439720065,0.10339507439720065
morph_V2_t_amplitude_std,0.015540374762439153,0.01717047420688791,0.01449653588898692,0.016605102126839386,-0.0016300994444487585,-0.10290830586796605,0.10290830586796605
st_V1_s_amplitude_max,-0.37405172413793114,-0.4027127659574467,0.2765284591211616,0.28153448722422053,0.028661041819515565,0.10248866207306719,0.10248866207306719
sq_V5_baseline_drift,5.7233056386699366e-05,7.17020998974884e-05,7.107972484115197e-05,0.0001713447855841945,-1.446904351078904e-05,-0.10189997218816269,0.10189997218816269
st_V2_st_j40_j0_ratio_min,0.36503754427172885,0.45194262762542353,0.8937296775700191,0.8273171552382188,-0.08690508335369468,-0.10187518385000223,0.10187518385000223
morph_V2_high_takeoff_gt_2mm_median,0.3448275862068966,0.2978723404255319,0.4753120259341455,0.4573230906426528,0.046955245781364674,0.10115049964442456,0.10115049964442456
st_V2_high_takeoff_gt_2mm_median,0.3448275862068966,0.2978723404255319,0.4753120259341455,0.4573230906426528,0.046955245781364674,0.10115049964442456,0.10115049964442456
sq_aVF_std,0.1540210148165258,0.16189410381699199,0.061047807705393094,0.08700214692851364,-0.007873089000466182,-0.10067724122680106,0.10067724122680106
st_V3_st_j80_max,0.22562068965517246,0.24135106382978722,0.1781036919583071,0.1436545396226218,-0.01573037417461476,-0.09982623639353928,0.09982623639353928
st_V1_st_j60_std,0.018560924149000225,0.019682335056943057,0.01083290034732063,0.011580886183932802,-0.0011214109079428318,-0.0992075344760723,0.0992075344760723
sq_III_noise_energy,8.931451182060595e-05,7.724360613128087e-05,0.0001425689129295299,0.00010831975992977646,1.2070905689325076e-05,0.09860958719437615,0.09860958719437615
morph_V1_covedness_score_std,0.01833441398802715,0.02039705078535145,0.019009717725072824,0.022074514612497497,-0.0020626367973243,-0.09837251905206865,0.09837251905206865
st_V3_st_curvature_sign_median,0.896551724137931,0.851063829787234,0.4021346134376069,0.5043944506863701,0.045487894350697,0.09712686612729944,0.09712686612729944
st_V2_st_j80_median,0.16287068965517235,0.17696808510638298,0.1656882019384402,0.13197092903021915,-0.014097395451210637,-0.09678974910277939,0.09678974910277939
st_V3_r_amplitude_min,0.016775862068965527,0.10387234042553192,0.898086582745236,0.9227265763848264,-0.08709647835656639,-0.09534563987439995,0.09534563987439995
sq_V3_snr_proxy,1468.5708235860218,1677.2790105531092,2210.330773567985,2176.5689365044614,-208.70818696708739,-0.0953264449186182,0.0953264449186182
st_V1_st_curvature_sign_max,0.5862068965517241,0.6595744680851063,0.8101613878945332,0.7516392226661998,-0.07336757153338225,-0.09475303888867863,0.09475303888867863
st_V2_high_takeoff_gt_1mm_max,0.7931034482758621,0.8297872340425532,0.40508069394726653,0.3758196113330999,-0.03668378576669107,-0.0947530388886785,0.0947530388886785
morph_V2_high_takeoff_gt_1mm_max,0.7931034482758621,0.8297872340425532,0.40508069394726653,0.3758196113330999,-0.03668378576669107,-0.0947530388886785,0.0947530388886785
st_V2_st_slope_j20_j80_min,-0.0005902298850574667,-0.0007801418439716222,0.00207471789727737,0.001978264391713321,0.0001899119589141555,0.09423492754454595,0.09423492754454595
sq_V4_mean,0.06730531609195398,0.06366796099290778,0.03586914876616774,0.04097312135108627,0.0036373550990461967,0.09297875786837582,0.09297875786837582
st_V3_j_point_amplitude_max,0.11653448275862066,0.10669148936170213,0.11192677186095923,0.10246569499580477,0.009842993396918534,0.09273176725505144,0.09273176725505144
st_V3_st_area_above_baseline_mean,1.55889636148447,1.6713737295015565,1.2103667024636433,1.2165866833088603,-0.11247736801708652,-0.0926321426886978,0.0926321426886978
st_V1_st_curvature_sign_std,0.6072148975662516,0.643174134301951,0.39729405205464774,0.38872025819089134,-0.03595923673569945,-0.09173591738760956,0.09173591738760956
cl_mean_st_j40_v1v3,0.10621264367816088,0.11394326241134747,0.08722789268114495,0.08274372107048797,-0.007730618733186589,-0.0915207997788964,0.0915207997788964
st_V3_st_area_above_baseline_median,1.5455732758620688,1.6573590425531917,1.2055184138085615,1.231800182620921,-0.11178576669112283,-0.09148353773492478,0.09148353773492478
st_V2_st_monotonicity_mean,0.40007023423029325,0.3757312546673949,0.2875675547063882,0.25343273849964726,0.024338979562898377,0.0912041620092796,0.0912041620092796
st_V1_st_j40_median,0.07871551724137929,0.08430319148936169,0.06581451614254478,0.058622778417513316,-0.005587674247982399,-0.09094070103086281,0.09094070103086281
st_V2_st_j80_j0_ratio_min,0.6751287547915369,0.7633701329047083,1.1012525254671999,0.8838023454064693,-0.08824137811317145,-0.09080013986599102,0.09080013986599102
sq_V3_max,1.0076206896551723,1.0531489361702127,0.5144590338432912,0.4981595052908598,-0.045528246515040394,-0.09026418231047097,0.09026418231047097
morph_V3_t_mean_mean,-0.015100900992349427,-0.012262315050642921,0.024867083525572063,0.03487222087377453,-0.0028385859417065055,-0.09022005416668419,0.09022005416668419
st_V2_st_slope_j20_j80_median,0.00018103448275859658,0.00031861702127658796,0.0017882946034837707,0.001348466001728984,-0.00013758253851799137,-0.08993311370723958,0.08993311370723958
morph_V1_saddleback_score_median,0.02086206896551721,0.023619680851063796,0.02689180532096218,0.03280734901820984,-0.0027576118855465875,-0.08981464286087222,0.08981464286087222
st_V2_st_j40_median,0.1396293103448276,0.1509946808510638,0.1330608756956893,0.12478028018389158,-0.011365370506236205,-0.0888082583537816,0.0888082583537816
st_V3_st_j60_min,0.08248275862068966,0.09228723404255319,0.10780725798919398,0.11459125995601463,-0.009804475421863537,-0.08748321620048265,0.08748321620048265
st_V1_st_j80_j0_ratio_std,0.3915747223716028,0.34142416411812865,0.6195148204912561,0.5456581495798491,0.05015055825347414,0.08726067073904437,0.08726067073904437
sq_aVL_max,0.26555172413793104,0.2816382978723404,0.19195897302448134,0.18038851988899146,-0.01608657373440936,-0.08702420304993357,0.08702420304993357
st_V3_st_curvature_sign_min,0.1724137931034483,0.2553191489361702,0.9850246108334966,0.9332643489132474,-0.0829053558327219,-0.0869776564265914,0.0869776564265914
sq_II_mean,0.045980632183908,0.04389384751773045,0.021298503642435938,0.025610973991954764,0.002086784666177552,0.08669554176740413,0.08669554176740413
st_V3_rs_ratio_std,0.2722572443585517,0.3255391057779304,0.24086609738070758,0.7574764242550777,-0.053281861419378684,-0.0865919285963624,0.0865919285963624
morph_V2_covedness_score_min,0.03860919540229882,0.03486347517730492,0.03968239029283168,0.04538911886745327,0.0037457202249938995,0.0864696530485818,0.0864696530485818
sq_aVL_min,-0.3986896551724137,-0.43038297872340414,0.486532566401106,0.27713316203137833,0.031693323550990415,0.08552974128586448,0.08552974128586448
st_V3_st_convexity_mean,0.0028031372019911146,0.003005060285897894,0.002060681501397632,0.0025424230950460715,-0.00020192308390677921,-0.08513931841546035,0.08513931841546035
sq_aVF_mean,0.031368735632183876,0.033326258865248204,0.01867811728615593,0.025305860257126236,-0.0019575232330643275,-0.08502265594179385,0.08502265594179385
morph_V2_t_peak_value_mean,-0.006756221100288037,-0.001933237706419652,0.045737213906646736,0.06265183348502389,-0.004822983393868385,-0.084841906252049,0.084841906252049
st_V1_st_convexity_median,-0.00012758620689654483,-0.0002457446808510424,0.0014169288186253644,0.001390003435907023,0.0001181584739544976,0.08438370227461577,0.08438370227461577
st_V2_st_convexity_mean,0.001979365239223206,0.001758258073506866,0.0020551369020421085,0.0029177745927255836,0.0002211071657163403,0.08423369661116359,0.08423369661116359
st_V2_st_j80_mean,0.16322244583791232,0.17530096109582474,0.1656209190525571,0.12992440819665732,-0.012078515257912426,-0.08360441868627787,0.08360441868627787
st_V2_st_j40_mean,0.13890635425539075,0.14946970032909362,0.13249532952493726,0.12279011340170753,-0.010563346073702878,-0.08347177173186764,0.08347177173186764
st_V1_st_j40_std,0.022017647177270158,0.020883322697867263,0.016732181899337895,0.011279934955689703,0.001134324479402895,0.08339127246293544,0.08339127246293544
st_V2_j_point_confidence_min,0.9655172413793104,0.9787234042553191,0.18246560765962697,0.14430489325798443,-0.013206162876008731,-0.08263184894059351,0.08263184894059351
st_V3_st_j20_max,0.13101724137931034,0.12232978723404252,0.11549947624591062,0.10083709616894229,0.008687454145267823,0.08147868400675926,0.08147868400675926
morph_V2_t_mean_median,0.001948698810767765,0.004282007782406715,0.01809122005992799,0.03348052955825141,-0.00233330897163895,-0.08145068135909589,0.08145068135909589
sq_aVL_noise_energy,3.2471264136122765e-05,2.9101031347707082e-05,4.99057077978672e-05,3.559069510496766e-05,3.3702327884156834e-06,0.08103328535130007,0.08103328535130007
st_V2_st_j60_median,0.14399999999999996,0.15448404255319145,0.1426139441603293,0.12103576054400729,-0.010484042553191492,-0.08088065415771241,0.08088065415771241
st_V2_st_slope_j20_j80_mean,0.00014153250381950688,0.000264766798616047,0.0017511393963890057,0.001372685946248383,-0.0001232342947965401,-0.08070586701061859,0.08070586701061859
st_V1_st_area_above_baseline_min,0.546543103448276,0.5926595744680851,0.5976220192424908,0.556639430797862,-0.0461164710198092,-0.08055398571090466,0.08055398571090466
st_V3_st_area_above_baseline_min,1.1650517241379312,1.252031914893617,1.0148735830466733,1.1440531130927376,-0.08698019075568575,-0.07929168366102142,0.07929168366102142
morph_V3_t_peak_value_max,0.0156896551724138,0.0220531914893617,0.08570191059242166,0.07750512913998583,-0.0063635363169479015,-0.07884975461275082,0.07884975461275082
st_V2_rs_ratio_min,-0.9783538029655063,-1.232284372863426,1.123747718268223,4.007286526130149,0.25393056989791973,0.07851424054581345,0.07851424054581345
morph_V3_t_inversion_indicator_std,0.11858114797206419,0.1336435055536396,0.19593237210333073,0.19254501267889698,-0.015062357581575411,-0.07770763951341263,0.07770763951341263
sq_V1_mean,-0.012974597701149403,-0.01398436170212763,0.013626099538432067,0.012890012965691538,0.001009764000978226,0.0766519111892575,0.0766519111892575
st_V2_st_j60_mean,0.14353309194186475,0.15325815388592626,0.14142323678341148,0.11922935124903739,-0.009725061944061503,-0.07592951986340056,0.07592951986340056
st_V2_r_amplitude_min,-0.8014310344827584,-0.7393723404255318,0.8089813808451357,0.8224343954181773,-0.06205869405722664,-0.07592483942504984,0.07592483942504984
st_V1_st_area_above_baseline_median,0.8516508620689657,0.897436170212766,0.6873692284556425,0.5546582118413035,-0.04578530814380033,-0.0752691473184013,0.0752691473184013
sq_aVF_max,1.0306896551724138,0.9838723404255318,0.6511213194571386,0.6108023888060019,0.046817314746882,0.0747446412219632,0.0747446412219632
morph_V2_t_peak_value_max,0.04436206896551724,0.05040425531914891,0.07275536436576509,0.08554136975369908,-0.0060421863536316706,-0.07464898772600746,0.07464898772600746
morph_V1_t_mean_std,0.013072745315644145,0.013975092677695335,0.011465093167550329,0.01250069162164754,-0.0009023473620511906,-0.07445567843440089,0.07445567843440089
st_V3_st_monotonicity_std,0.06394064733224307,0.060627579744217765,0.047912334121739626,0.04263438485129922,0.003313067588025305,0.0741099030093967,0.0741099030093967
st_V1_st_j80_j0_ratio_mean,0.398770570813671,0.4501402519689886,0.6951527415419025,0.6976931595925177,-0.05136968115531759,-0.07372936324493543,0.07372936324493543
st_V2_st_curvature_sign_median,0.6724137931034483,0.6170212765957447,0.6982226459074686,0.7869464684641249,0.055392516507703604,0.07340615876095997,0.07340615876095997
sq_III_range,1.1749655172413793,1.2229148936170213,0.7070975391312163,0.6284362839378942,-0.047949376375642005,-0.07272719329096743,0.07272719329096743
morph_V2_t_peak_value_median,-0.0069741379310344805,-0.0027287234042553186,0.04808995454047665,0.06551313068375927,-0.004245414526779161,-0.0713234470175272,0.0713234470175272
morph_V3_covedness_score_std,0.06340243512470019,0.06736717962569727,0.05232961774734584,0.059544342753951165,-0.003964744500997083,-0.06965212288727547,0.06965212288727547
st_V3_j_point_amplitude_min,0.02187931034482756,0.029319148936170214,0.11661221140086588,0.10073614289013685,-0.007439838591342653,-0.0695177930076829,0.0695177930076829
st_V1_st_j80_std,0.020018485707473402,0.02084957276014133,0.01179052592512124,0.012542452264406466,-0.0008310870526679268,-0.06776991460311235,0.06776991460311235
st_V2_st_slope_j20_j80_max,0.0008499999999999862,0.0009485815602836737,0.001739428936984734,0.0013036674481829607,-9.858156028368754e-05,-0.06644400320645241,0.06644400320645241
morph_V1_t_polarity_std,0.21848036401507637,0.241728480550432,0.3376806577089959,0.36715678232084276,-0.023248116535355634,-0.06525044273374613,0.06525044273374613
st_V3_high_takeoff_gt_1mm_min,0.20689655172413793,0.23404255319148937,0.40508069394726653,0.4233989094070723,-0.027146001467351438,-0.06516670487496261,0.06516670487496261
morph_V3_high_takeoff_gt_1mm_min,0.20689655172413793,0.23404255319148937,0.40508069394726653,0.4233989094070723,-0.027146001467351438,-0.06516670487496261,0.06516670487496261
st_V3_high_takeoff_gt_2mm_mean,0.08810385017281568,0.10543605330839372,0.2435282627710658,0.2834888724666123,-0.01733220313557804,-0.06441581783328458,0.06441581783328458
morph_V3_high_takeoff_gt_2mm_mean,0.08810385017281568,0.10543605330839372,0.2435282627710658,0.2834888724666123,-0.01733220313557804,-0.06441581783328458,0.06441581783328458
morph_V3_covedness_score_median,0.1382471264367816,0.14697429078014185,0.12842692042640463,0.14121868534898488,-0.008727164343360239,-0.06392609617164197,0.06392609617164197
st_V3_st_j40_min,0.05981034482758618,0.06626595744680851,0.10047537129969776,0.1014369551119372,-0.006455612619222326,-0.0638700415788524,0.0638700415788524
st_V3_st_slope_j0_j40_max,0.0015370689655172273,0.0016239361702127448,0.0016541564770045736,0.0011637357015919854,-8.68672046955175e-05,-0.06340195816218026,0.06340195816218026
morph_V3_t_amplitude_min,0.03731034482758617,0.03915957446808508,0.029462546005436692,0.029234216760607022,-0.0018492296404989117,-0.06306882260477954,0.06306882260477954
st_V1_st_j20_min,0.058517241379310345,0.0525,0.0846725419360211,0.10253157271911573,0.006017241379310347,0.06257208655092775,0.06257208655092775
st_V2_j_point_confidence_std,0.009188598448641259,0.006382978723404255,0.04862149278467735,0.043291467977395325,0.0028056197252370038,0.06182241907356196,0.06182241907356196
sq_II_std,0.19533624056340157,0.19088639247802172,0.06840851762128156,0.07429283952915806,0.004449848085379848,0.061698197345183885,0.061698197345183885
morph_V1_t_polarity_mean,0.8340781823540444,0.8537151322573889,0.3775601801965259,0.27916610080977494,-0.019636949903344525,-0.061370335864103794,0.061370335864103794
sq_II_rms,0.20111421589595221,0.19656080919634542,0.07040517820856147,0.07683411329209719,0.004553406699606799,0.061146764974055766,0.061146764974055766
st_V3_st_j40_median,0.10029310344827587,0.10653191489361702,0.1028174241607825,0.10223405583722542,-0.00623881144534115,-0.06089307947917937,0.06089307947917937
st_V3_st_area_above_baseline_std,0.256286718014772,0.24691182376069964,0.19731143305117713,0.1301608264587044,0.009374894254072341,0.05898334011179379,0.05898334011179379
morph_V1_covedness_score_mean,0.025587939678456864,0.024004650479836513,0.03098373673775701,0.024018872871939455,0.001583289198620351,0.05892973439774747,0.05892973439774747
st_V2_st_curvature_sign_mean,0.5933960675339985,0.5567209223671248,0.5460643992380189,0.6728110155005619,0.03667514516687376,0.05841208730361094,0.05841208730361094
st_V2_rs_ratio_median,-0.37457533212763383,-0.3157953413381439,0.8955865821970173,1.0868483535144025,-0.05877999078948992,-0.05770036559260574,0.05770036559260574
st_V2_st_area_above_baseline_mean,1.7959563090926427,1.8767967735925997,1.5303851835488484,1.3171287511880925,-0.08084046449995697,-0.057675567650410174,0.057675567650410174
morph_V2_high_takeoff_gt_2mm_mean,0.34260854088440296,0.31893107011923294,0.4393669827300963,0.3991353064541529,0.023677470765170017,0.05707928332810012,0.05707928332810012
st_V2_high_takeoff_gt_2mm_mean,0.34260854088440296,0.31893107011923294,0.4393669827300963,0.3991353064541529,0.023677470765170017,0.05707928332810012,0.05707928332810012
st_V3_st_j40_mean,0.10065835739086247,0.10654140339483611,0.10425940835027898,0.10236100271137982,-0.005883046003973644,-0.057070724181962774,0.057070724181962774
morph_V2_t_polarity_min,-0.5172413793103449,-0.46808510638297873,0.8558395617924727,0.8715616658835763,-0.04915627292736613,-0.05678562991272339,0.05678562991272339
st_V3_rs_ratio_min,0.2998803017461754,0.36673213195438364,1.1577471579269951,1.1899371951048425,-0.06685183020820823,-0.056756994532850456,0.056756994532850456
cl_v1v2_st_diff,-0.060913793103448285,-0.0666914893617021,0.10269920247529013,0.10271846480879383,0.00577769625825382,0.056251874812552734,0.056251874812552734
cl_v2v3_st_diff,0.039336206896551734,0.0444627659574468,0.10053866291524259,0.08675598542603902,-0.005126559060895063,-0.05559436899820693,0.05559436899820693
st_V1_st_area_above_baseline_mean,0.8682829569433271,0.9010493317894402,0.6561243950678803,0.5520153974422645,-0.03276637484611311,-0.05520319441482982,0.05520319441482982
sq_V4_max,1.672034482758621,1.6354042553191483,0.6607044559568857,0.6701884034748028,0.03663022743947275,0.05494953784040464,0.05494953784040464
st_V2_st_area_above_baseline_median,1.7907974137931038,1.8682632978723406,1.5448885325589368,1.3425718234863426,-0.07746588407923682,-0.05445709938589794,0.05445709938589794
st_V1_s_amplitude_min,-0.7263103448275863,-0.7072446808510637,0.33581920972023394,0.36670686409424397,-0.01906566397652254,-0.05365538133558842,0.05365538133558842
st_V2_st_slope_j20_j80_std,0.00046498409296776195,0.0004894675433481934,0.000543676523970262,0.0004146097006309635,-2.4483450380431465e-05,-0.05235378317133015,0.05235378317133015
st_V2_st_j20_min,0.10810344827586206,0.10160638297872339,0.12960446321273475,0.12085101326040297,0.006497065297138671,0.05229628972776394,0.05229628972776394
morph_V3_t_mean_std,0.015400849964522364,0.014816444188708578,0.013728994532662958,0.009534064980888317,0.0005844057758137861,0.05169037866265863,0.05169037866265863
sq_V4_range,2.4463103448275865,2.4039148936170216,0.8366423082548181,0.8154293955578755,0.04239545121056487,0.05148076868230581,0.05148076868230581
morph_V2_t_peak_value_min,-0.04891379310344826,-0.05231914893617019,0.05432169011220885,0.07357717221812832,0.003405355832721932,0.05086731516744694,0.05086731516744694
st_V1_st_j80_j0_ratio_median,0.46392789736626416,0.43078581739878596,0.6216061821866882,0.6753354875470209,0.0331420799674782,0.050558179890100946,0.050558179890100946
morph_V2_t_polarity_mean,0.1982223546118069,0.16141289033226322,0.6950463101434773,0.765994652170921,0.03680946427954368,0.049745894381853055,0.049745894381853055
st_V2_st_slope_j0_j40_std,0.0006412109301990481,0.000684804836796166,0.0009981418531461747,0.0008889783325441472,-4.359390659711788e-05,-0.046785184547583736,0.046785184547583736
st_V2_j_point_amplitude_median,0.16649999999999998,0.16053191489361704,0.1370141887945715,0.12432735634055385,0.005968085106382942,0.04616606443147641,0.04616606443147641
sq_V4_rms,0.29112895030729435,0.28657342996505586,0.09387163655383199,0.10924203754247719,0.004555520342238495,0.04393213214576272,0.04393213214576272
st_V2_st_j20_median,0.1529655172413793,0.1585265957446808,0.1328594623727412,0.1287929977163024,-0.005561078503301509,-0.042663785146541254,0.042663785146541254
st_V3_st_slope_j20_j80_std,0.00035725169411626403,0.0003477516816950362,0.00021701452165977592,0.00022899010300746504,9.500012421227852e-06,0.04230991899598466,0.04230991899598466
cl_n_leads_coved_v1v3,0.034482758620689655,0.0425531914893617,0.18246560765962697,0.20184751022351363,-0.008070432868672046,-0.041441919008312,0.041441919008312
st_V2_j_point_amplitude_mean,0.16871018918539196,0.16363093046718633,0.1329993535621342,0.12357043446662862,0.005079258718205637,0.039924893570406406,0.039924893570406406
sq_V4_std,0.2820920807612808,0.2781220612041076,0.09041795408349781,0.10475622496874429,0.003970019557173188,0.03987002517663743,0.03987002517663743
st_V3_st_convexity_median,0.0028499999999999693,0.002944680851063797,0.002049306022148413,0.0025879473925593185,-9.468085106382768e-05,-0.03947657158880725,0.03947657158880725
st_V3_high_takeoff_gt_2mm_max,0.20689655172413793,0.19148936170212766,0.40508069394726653,0.3934732342320624,0.01540719002201027,0.038720768353236984,0.038720768353236984
morph_V3_high_takeoff_gt_2mm_max,0.20689655172413793,0.19148936170212766,0.40508069394726653,0.3934732342320624,0.01540719002201027,0.038720768353236984,0.038720768353236984
st_V1_st_curvature_sign_mean,-0.11256264582836592,-0.08754211173188842,0.6768490490839327,0.6463731285096492,-0.025020534096477504,-0.03802105054765299,0.03802105054765299
st_V2_j_point_confidence_mean,0.9973474801061009,0.9978723404255319,0.014035815973817428,0.014430489325798438,-0.0005248603194309975,-0.036748655097346476,0.036748655097346476
st_V2_st_j20_mean,0.15473049560874103,0.15941495317886117,0.13107414149345903,0.12597905905438184,-0.0046844575701201485,-0.036617122423149295,0.036617122423149295
st_V3_st_j60_max,0.17963793103448272,0.1843191489361702,0.14676722694819921,0.11948931339788077,-0.00468121790168749,-0.03587605850272394,0.03587605850272394
st_V3_st_area_above_baseline_max,2.0713879310344825,2.1188989361702126,1.5626497260486296,1.276563744501411,-0.047511005135730144,-0.03413770387397448,0.03413770387397448
sq_V1_baseline_drift,1.6985314213747216e-05,1.6180428910936537e-05,2.695060960158088e-05,2.192477562653943e-05,8.048853028106791e-07,0.033605789177831684,0.033605789177831684
st_V1_s_amplitude_median,-0.5813706896551725,-0.5711063829787234,0.2991038095415754,0.3141522776875554,-0.010264306676449064,-0.033266850230283806,0.033266850230283806
sq_I_noise_energy,1.959566881647677e-05,1.8761808044184605e-05,2.8124240078432002e-05,2.3458426949403455e-05,8.338607722921656e-07,0.03292617175836474,0.03292617175836474
sq_III_max,0.8677241379310343,0.8480425531914895,0.6489757923624985,0.5723433710277762,0.019681584739544844,0.032667245336055285,0.032667245336055285
sq_V3_mean,0.04975293103448273,0.04865627659574465,0.03353474188717855,0.036349441490701136,0.0010966544387380761,0.03105718181249139,0.03105718181249139
st_V2_st_j60_min,0.09877586206896552,0.10255319148936165,0.13324184559424374,0.1169246999933624,-0.0037773294203961305,-0.03062214764026237,0.03062214764026237
morph_V2_t_polarity_median,0.2413793103448276,0.2127659574468085,0.9704308468600199,0.9661542587015086,0.028613352898019084,0.029566131853939786,0.029566131853939786
cl_var_st_j40_v1v3,0.0038966202107279324,0.0037417499999999495,0.004980060478272087,0.006037036142480324,0.0001548702107279829,0.027360492765084173,0.027360492765084173
st_V2_rs_ratio_mean,-0.4237882037632949,-0.3918018555413145,0.9020277756763395,1.3329551462975278,-0.031986348221980376,-0.026914969485769658,0.026914969485769658
morph_V2_t_mean_mean,0.003430685096053268,0.004222633579796327,0.018140607250992258,0.034939398662669,-0.0007919484837430593,-0.026645618986158717,0.026645618986158717
st_V3_s_amplitude_std,0.06204280633043031,0.06310362965573697,0.04110398783661159,0.040893463101612564,-0.001060823325306666,-0.02589063276061038,0.02589063276061038
st_V3_st_j20_median,0.0820258620689655,0.08457446808510638,0.10223597924333215,0.09730777443320035,-0.0025486060161408752,-0.025691256880309887,0.025691256880309887
morph_V2_t_mean_max,0.031012489426282493,0.03217430152589723,0.03732369354954489,0.04999849277526478,-0.0011618120996147382,-0.025467905899120843,0.025467905899120843
st_V3_st_j20_mean,0.0823150037870626,0.08473744838213332,0.10305537282295711,0.09804555552411559,-0.0024224445950707246,-0.024231547811326422,0.024231547811326422
sq_V4_baseline_drift,8.78024714352943e-05,8.453910664051095e-05,0.000110048930276794,0.00014809281788749471,3.263364794783342e-06,0.024179351213711765,0.024179351213711765
morph_V3_t_mean_max,0.01343327362292879,0.012458110565557364,0.04102836407002215,0.03995718409376811,0.0009751630573714247,0.024158127079026148,0.024158127079026148
st_V1_st_curvature_sign_min,-0.8620689655172413,-0.851063829787234,0.5067909812654852,0.5043944506863701,-0.011005135730007276,-0.021779298395991967,0.021779298395991967
st_V3_st_j80_std,0.03109640866710797,0.030672635504965143,0.021364056601661813,0.018383852567687257,0.00042377316214282576,0.021659805028338197,0.021659805028338197
morph_V3_t_mean_min,-0.04333305966064584,-0.04237864115789645,0.03871400939837735,0.04722548614400359,-0.0009544185027493893,-0.021594099852478614,0.021594099852478614
morph_V3_t_inversion_indicator_median,0.1206896551724138,0.1276595744680851,0.31225465993577295,0.3337103647097472,-0.006969919295671298,-0.021395988663871032,0.021395988663871032
morph_V3_t_polarity_max,0.1724137931034483,0.19148936170212766,0.9850246108334966,0.9814946889081527,-0.01907556859867937,-0.019408781943659442,0.019408781943659442
morph_V1_t_polarity_min,0.3793103448275862,0.3617021276595745,0.9252695079309475,0.9322937149024104,0.017608217168011697,0.018940855032616666,0.018940855032616666
st_V3_st_convexity_max,0.0049724137931034034,0.005021276595744648,0.0026739995295339282,0.002649201900710619,-4.886280264124448e-05,-0.018379065034880248,0.018379065034880248
sq_aVR_max,0.32817241379310336,0.3232765957446808,0.18367607712483058,0.31830941070223256,0.00489581804842254,0.017788448305184074,0.017788448305184074
st_V2_st_area_above_baseline_min,1.3765689655172415,1.3533510638297872,1.3823533966924686,1.2715455023396312,0.0232179016874543,0.01766195127589614,0.01766195127589614
st_V2_st_slope_j0_j40_min,-0.0018689655172413624,-0.0018132978723404047,0.00326640194839307,0.003297544424328644,-5.5667644900957635e-05,-0.016941907961330292,0.016941907961330292
st_V2_st_monotonicity_max,0.5423197492163009,0.5377176015473888,0.30149504798857907,0.2637662504252346,0.004602147668912093,0.01651626022099669,0.01651626022099669
st_V2_st_convexity_median,0.001944827586206866,0.0019021276595744486,0.002135752505178648,0.002874224362472518,4.2699926632417274e-05,0.0163014000390034,0.0163014000390034
sq_I_min,-0.2808275862068965,-0.27670212765957447,0.21389686025093518,0.31979766973813484,-0.004125458547322047,-0.014505675532734155,0.014505675532734155
st_V3_rs_ratio_mean,0.7421776904067785,0.7604735100332308,1.3279314315137059,1.2210748636306155,-0.018295819626452325,-0.014490922188440104,0.014490922188440104
sq_V4_min,-0.7742758620689654,-0.7685106382978725,0.4396496172738974,0.40800489527415934,-0.005765223771092898,-0.013718267156868589,0.013718267156868589
st_V1_st_slope_j20_j80_std,0.0004123397843072579,0.00040613504820937227,0.0005371817627690148,0.00039541912993981123,6.204736097885604e-06,0.013658045069554973,0.013658045069554973
st_V3_j_point_amplitude_mean,0.0678089010099659,0.06650271628837022,0.1055616540629615,0.09678526003882262,0.001306184721595674,0.013036230292656699,0.013036230292656699
st_V2_high_takeoff_gt_1mm_mean,0.6103327031318918,0.6157391845505277,0.43666337258299,0.41266646043139754,-0.005406481418635867,-0.012814393827291657,0.012814393827291657
morph_V2_high_takeoff_gt_1mm_mean,0.6103327031318918,0.6157391845505277,0.43666337258299,0.41266646043139754,-0.005406481418635867,-0.012814393827291657,0.012814393827291657
st_V1_high_takeoff_gt_2mm_std,0.10076121224314841,0.0987103911913548,0.17192444304467874,0.1749345561816496,0.0020508210517936054,0.011799773821086122,0.011799773821086122
morph_V1_high_takeoff_gt_2mm_std,0.10076121224314841,0.0987103911913548,0.17192444304467874,0.1749345561816496,0.0020508210517936054,0.011799773821086122,0.011799773821086122
st_V3_st_curvature_sign_mean,0.7583240514274998,0.7629859471124868,0.34988729397917806,0.4876887048504768,-0.004661895684986983,-0.010579704642091868,0.010579704642091868
st_V2_st_j80_min,0.1165862068965517,0.1152127659574468,0.14698487307610458,0.12373976401598824,0.0013734409391049085,0.0103255515532514,0.0103255515532514
cl_max_st_j40_v1v3,0.17145689655172416,0.17054255319148934,0.12243844457954482,0.11568352968460863,0.0009143433602348261,0.0077300144896027346,0.0077300144896027346
morph_V1_covedness_score_max,0.06816091954022985,0.06872340425531911,0.07726169619398283,0.0707022694553827,-0.0005624847150892676,-0.007678623850479097,0.007678623850479097
sq_aVF_baseline_drift,2.9686537002045604e-05,2.944402337282757e-05,3.735343356552524e-05,3.9718066665531515e-05,2.425136292180339e-07,0.006243870077196845,0.006243870077196845
st_V2_high_takeoff_gt_1mm_median,0.603448275862069,0.6063829787234043,0.4802892509373835,0.4830771293507543,-0.0029347028613353476,-0.006088290067621105,0.006088290067621105
morph_V2_high_takeoff_gt_1mm_median,0.603448275862069,0.6063829787234043,0.4802892509373835,0.4830771293507543,-0.0029347028613353476,-0.006088290067621105,0.006088290067621105
st_V3_rs_ratio_median,0.7451449964693814,0.7518167176830057,1.3066816000882153,1.2035946550683803,-0.00667172121362436,-0.005364819574871271,0.005364819574871271
st_V3_st_j40_max,0.14767241379310342,0.14827659574468086,0.12470843761115358,0.10685981115215802,-0.0006041819515774371,-0.005302510058224619,0.005302510058224619
sq_aVF_range,1.3728275862068968,1.3765106382978722,0.6941780586924623,0.7029791580803355,-0.003683052090975414,-0.005264044524980755,0.005264044524980755
st_V1_st_curvature_sign_median,-0.06896551724137931,-0.06382978723404255,0.9801841657621996,0.9764079919645758,-0.005135730007336761,-0.005252124816709588,0.005252124816709588
st_V2_s_amplitude_std,0.10198673344416423,0.102364102790171,0.07232867383515215,0.07560315411533763,-0.0003773693460067673,-0.005073456330401501,0.005073456330401501
st_V1_st_area_above_baseline_max,1.2789137931034482,1.2806276595744681,0.7326164355966239,0.6451700230970384,-0.001713866471019898,-0.0025219404002512617,0.0025219404002512617
st_V1_s_amplitude_mean,-0.5655677116606629,-0.5661892629417512,0.2875431459823006,0.3101390677449073,0.0006215512810883173,0.002059560619506508,0.002059560619506508
st_V2_st_convexity_max,0.004068965517241344,0.00407234042553189,0.002662265492120399,0.0028731110077464474,-3.374908290545639e-06,-0.001207393057323106,0.001207393057323106
st_V1_st_convexity_max,0.0017620689655172275,0.0017595744680850875,0.002300286907607968,0.002169680785862178,2.494497432139987e-06,0.0011236459009556804,0.0011236459009556804
st_V3_j_point_amplitude_median,0.0659051724137931,0.066,0.1048508056180942,0.09677518364856129,-9.482758620690812e-05,-0.0009491526786614804,0.0009491526786614804
st_V2_st_j40_min,0.09829310344827584,0.09823404255319149,0.12732388223314717,0.11589108290297283,5.9060895084353526e-05,0.0004907639686622468,0.0004907639686622468
cl_n_leads_saddleback_v1v3,0.0,0.0,0.0,0.0,0.0,0.0,0.0
morph_V2_second_hump_present_min,0.0,0.0,0.0,0.0,0.0,0.0,0.0
morph_V2_second_hump_present_median,0.0,0.0,0.0,0.0,0.0,0.0,0.0
morph_V2_t_inversion_indicator_min,0.0,0.0,0.0,0.0,0.0,0.0,0.0
morph_V1_second_hump_present_min,0.0,0.0,0.0,0.0,0.0,0.0,0.0
morph_V1_second_hump_present_max,0.0,0.0,0.0,0.0,0.0,0.0,0.0
morph_V1_second_hump_present_mean,0.0,0.0,0.0,0.0,0.0,0.0,0.0
morph_V1_second_hump_present_median,0.0,0.0,0.0,0.0,0.0,0.0,0.0
morph_V1_second_hump_present_std,0.0,0.0,0.0,0.0,0.0,0.0,0.0
morph_V3_second_hump_amplitude_n_valid,0.0,0.0,0.0,0.0,0.0,0.0,0.0
st_V2_j_point_confidence_median,1.0,1.0,0.0,0.0,0.0,0.0,0.0
st_V3_j_point_confidence_mean,1.0,1.0,0.0,0.0,0.0,0.0,0.0
morph_V1_second_hump_amplitude_n_valid,0.0,0.0,0.0,0.0,0.0,0.0,0.0
st_V1_j_point_confidence_median,1.0,1.0,0.0,0.0,0.0,0.0,0.0
st_V3_j_point_confidence_median,1.0,1.0,0.0,0.0,0.0,0.0,0.0
st_V2_j_point_confidence_max,1.0,1.0,0.0,0.0,0.0,0.0,0.0
morph_V1_trough_depth_between_humps_n_valid,0.0,0.0,0.0,0.0,0.0,0.0,0.0
morph_V1_t_polarity_max,1.0,1.0,0.0,0.0,0.0,0.0,0.0
st_V1_j_point_confidence_min,1.0,1.0,0.0,0.0,0.0,0.0,0.0
st_V1_j_point_confidence_std,0.0,0.0,0.0,0.0,0.0,0.0,0.0
st_V1_j_point_confidence_max,1.0,1.0,0.0,0.0,0.0,0.0,0.0
st_V1_j_point_confidence_mean,1.0,1.0,0.0,0.0,0.0,0.0,0.0
st_V3_j_point_confidence_std,0.0,0.0,0.0,0.0,0.0,0.0,0.0
st_V3_j_point_confidence_min,1.0,1.0,0.0,0.0,0.0,0.0,0.0
st_V3_j_point_confidence_max,1.0,1.0,0.0,0.0,0.0,0.0,0.0
morph_V1_t_inversion_indicator_median,0.0,0.0,0.0,0.0,0.0,0.0,0.0
morph_V3_trough_depth_between_humps_n_valid,0.0,0.0,0.0,0.0,0.0,0.0,0.0
morph_V1_t_inversion_indicator_min,0.0,0.0,0.0,0.0,0.0,0.0,0.0
morph_V3_second_hump_present_mean,0.0,0.0,0.0,0.0,0.0,0.0,0.0
morph_V3_second_hump_present_std,0.0,0.0,0.0,0.0,0.0,0.0,0.0
morph_V3_second_hump_present_median,0.0,0.0,0.0,0.0,0.0,0.0,0.0
morph_V3_second_hump_present_max,0.0,0.0,0.0,0.0,0.0,0.0,0.0
morph_V3_second_hump_present_min,0.0,0.0,0.0,0.0,0.0,0.0,0.0
