feature,mean_FP,mean_TN,std_FP,std_TN,mean_difference,cohen_d,abs_cohen_d
sq_I_snr_proxy,4902.115949427309,1505.486674252624,6370.951841565593,2057.9925178914937,3396.629275174685,1.4989851397642526,1.4989851397642526
morph_V3_t_inversion_indicator_median,0.375,0.08844765342960288,0.4841229182759271,0.28235109165113464,0.28655234657039713,0.9913734991172599,0.9913734991172599
st_V2_high_takeoff_gt_2mm_max,0.125,0.5342960288808665,0.33071891388307384,0.49882239565099995,-0.40929602888086647,-0.8262715512883378,0.8262715512883378
morph_V2_high_takeoff_gt_2mm_max,0.125,0.5342960288808665,0.33071891388307384,0.49882239565099995,-0.40929602888086647,-0.8262715512883378,0.8262715512883378
morph_V2_high_takeoff_gt_1mm_mean,0.3458333333333333,0.6895522212149947,0.43267177064272533,0.42271289826609604,-0.3437188878816614,-0.8126470932613357,0.8126470932613357
st_V2_high_takeoff_gt_1mm_mean,0.3458333333333333,0.6895522212149947,0.43267177064272533,0.42271289826609604,-0.3437188878816614,-0.8126470932613357,0.8126470932613357
morph_V3_t_inversion_indicator_mean,0.3357142857142857,0.12154575945986013,0.43670846764665067,0.26078241693364035,0.21416852625442556,0.8035190242793404,0.8035190242793404
sq_aVL_rms,0.04282758021959568,0.06991250891715725,0.014781250004676868,0.0364660563535709,-0.027084928697561572,-0.7505412754352675,0.7505412754352675
sq_aVL_std,0.04229999920157429,0.06893425937903808,0.014336918093209347,0.035883399649116826,-0.026634260177463787,-0.7500813164018418,0.7500813164018418
morph_V2_high_takeoff_gt_1mm_max,0.5,0.7942238267148014,0.5,0.4042676586041709,-0.2942238267148014,-0.7230732711527798,0.7230732711527798
st_V2_high_takeoff_gt_1mm_max,0.5,0.7942238267148014,0.5,0.4042676586041709,-0.2942238267148014,-0.7230732711527798,0.7230732711527798
morph_V3_covedness_score_median,0.21582812499999998,0.1292682009626955,0.16616125508038015,0.11841539851047594,0.08655992403730448,0.7223796649949654,0.7223796649949654
morph_V2_high_takeoff_gt_1mm_median,0.375,0.6985559566787004,0.4841229182759271,0.45592537858729604,-0.3235559566787004,-0.708552101165943,0.708552101165943
st_V2_high_takeoff_gt_1mm_median,0.375,0.6985559566787004,0.4841229182759271,0.45592537858729604,-0.3235559566787004,-0.708552101165943,0.708552101165943
cl_argmax_st_v1v3,0.5,0.9927797833935018,0.5,0.7057923308739835,-0.4927797833935018,-0.7025352522563136,0.7025352522563136
sq_III_std,0.07923511691842047,0.12248766987912522,0.030786382208312747,0.06233426850820479,-0.04325255296070475,-0.7004615321215749,0.7004615321215749
sq_III_rms,0.08071443278992299,0.12467359496842689,0.031700345453969415,0.0636940347097002,-0.0439591621785039,-0.6966736807284194,0.6966736807284194
st_V3_st_area_above_baseline_max,1.1778125,2.1217897111913357,0.6979829393285699,1.4550319707408135,-0.9439772111913358,-0.6550342522476127,0.6550342522476127
st_V3_st_j60_max,0.09687499999999999,0.18394043321299638,0.06053343600853995,0.13713782320308618,-0.0870654332129964,-0.6412934206755213,0.6412934206755213
cl_max_covedness_v1v3,0.21870833333333334,0.14187755716004807,0.16309452674071495,0.11862720507254035,0.07683077617328526,0.640650788347153,0.640650788347153
morph_V3_t_peak_value_max,-0.031250000000000014,0.013487364620938627,0.06222389010661415,0.07042661915151498,-0.04473736462093864,-0.6369642752124826,0.6369642752124826
sq_aVL_range,0.394375,0.6172527075812274,0.15879620390613877,0.35457420598066725,-0.22287770758122744,-0.6348868899526533,0.6348868899526533
cl_n_leads_t_inverted_v1v3,0.375,0.12274368231046931,0.4841229182759271,0.397767755114493,0.2522563176895307,0.6304381021510185,0.6304381021510185
st_V2_high_takeoff_gt_2mm_mean,0.125,0.4028298234168013,0.33071891388307384,0.447083148717081,-0.2778298234168013,-0.6249371820268901,0.6249371820268901
morph_V2_high_takeoff_gt_2mm_mean,0.125,0.4028298234168013,0.33071891388307384,0.447083148717081,-0.2778298234168013,-0.6249371820268901,0.6249371820268901
sq_III_range,0.695875,1.0441227436823104,0.18736290821558038,0.565044357310302,-0.3482477436823104,-0.6232176506752103,0.6232176506752103
st_V3_st_j80_max,0.13699999999999998,0.2361534296028881,0.07923383115816121,0.16113909422233258,-0.09915342960288812,-0.621180764715001,0.621180764715001
morph_V3_t_mean_max,-0.014698863636363625,0.01027590512116419,0.03232298373656576,0.04051640547856501,-0.024974768757527813,-0.619201643834526,0.619201643834526
st_V3_st_j40_max,0.07499999999999998,0.15263357400722022,0.052043251243557034,0.126721219046143,-0.07763357400722024,-0.6190304129388289,0.6190304129388289
morph_V2_high_takeoff_gt_1mm_min,0.25,0.555956678700361,0.4330127018922193,0.4968589841281171,-0.30595667870036103,-0.6176214031763918,0.6176214031763918
st_V2_high_takeoff_gt_1mm_min,0.25,0.555956678700361,0.4330127018922193,0.4968589841281171,-0.30595667870036103,-0.6176214031763918,0.6176214031763918
st_V3_st_area_above_baseline_mean,0.9107427759740259,1.7243448067834317,0.6330092579009692,1.3565785124260348,-0.8136020308094059,-0.6056335363150291,0.6056335363150291
morph_V3_covedness_score_mean,0.20556364989177484,0.13889059443384266,0.14986115425856178,0.11154510194773602,0.06667305545793217,0.5918594365955798,0.5918594365955798
st_V2_high_takeoff_gt_2mm_median,0.125,0.40794223826714804,0.33071891388307384,0.48776557914790214,-0.28294223826714804,-0.5839936195201477,0.5839936195201477
morph_V2_high_takeoff_gt_2mm_median,0.125,0.40794223826714804,0.33071891388307384,0.48776557914790214,-0.28294223826714804,-0.5839936195201477,0.5839936195201477
st_V3_st_area_above_baseline_median,0.93178125,1.7234196750902526,0.6545278646367452,1.3717751063648562,-0.7916384250902526,-0.5826830912623637,0.5826830912623637
st_V2_high_takeoff_gt_2mm_std,0.0,0.10013850612666556,0.0,0.17506254455688178,-0.10013850612666556,-0.579223999808899,0.579223999808899
morph_V2_high_takeoff_gt_2mm_std,0.0,0.10013850612666556,0.0,0.17506254455688178,-0.10013850612666556,-0.579223999808899,0.579223999808899
st_V3_st_area_above_baseline_min,0.63146875,1.348552346570397,0.6056336356130969,1.2580051410806987,-0.717083596570397,-0.5755106325284136,0.5755106325284136
morph_V3_high_takeoff_gt_2mm_max,0.0,0.24187725631768953,0.0,0.4282203278616234,-0.24187725631768953,-0.5719610183283758,0.5719610183283758
st_V3_high_takeoff_gt_2mm_max,0.0,0.24187725631768953,0.0,0.4282203278616234,-0.24187725631768953,-0.5719610183283758,0.5719610183283758
st_V3_st_j80_mean,0.10420423430735926,0.18791849637997193,0.06797929626772524,0.148158883565976,-0.08371426207261268,-0.5706293380309545,0.5706293380309545
st_V3_st_j60_mean,0.07214671266233763,0.14419529226027844,0.05599995879050822,0.12964788136363387,-0.07204857959794081,-0.56140152119919,0.56140152119919
st_V3_st_j60_median,0.07318749999999999,0.14466696750902527,0.0559326813566988,0.1299448399395108,-0.07147946750902529,-0.5557032918467443,0.5557032918467443
st_V3_st_j20_max,0.06431249999999994,0.1327581227436823,0.052788456065223234,0.12475646737717683,-0.06844562274368235,-0.5542905545922987,0.5542905545922987
st_V3_st_j80_median,0.10712499999999996,0.18804602888086638,0.06976007991681206,0.1488589706503272,-0.08092102888086643,-0.548932461106861,0.548932461106861
cl_v1v2_slope_consistency,0.5,0.740072202166065,0.5,0.4385947306422365,-0.24007220216606495,-0.5453497930657811,0.5453497930657811
st_V1_high_takeoff_gt_2mm_std,0.0,0.08776490133989025,0.0,0.16733601820600852,-0.08776490133989025,-0.5310924347118782,0.5310924347118782
morph_V1_high_takeoff_gt_2mm_std,0.0,0.08776490133989025,0.0,0.16733601820600852,-0.08776490133989025,-0.5310924347118782,0.5310924347118782
st_V3_st_j80_min,0.06899999999999998,0.1409115523465704,0.07019837961092834,0.13923125171810724,-0.07191155234657043,-0.5213208801445752,0.5213208801445752
morph_V3_t_mean_median,-0.029423295454545428,-0.012094333175908335,0.03762845069686751,0.03314967272806579,-0.017328962278637092,-0.5208940588268303,0.5208940588268303
st_V3_st_j40_mean,0.05432393127705621,0.11601555340316591,0.05011794815894088,0.1199709115245717,-0.0616916221261097,-0.5195530611854735,0.5195530611854735
st_V3_high_takeoff_gt_1mm_median,0.125,0.37364620938628157,0.33071891388307384,0.48283764613142205,-0.24864620938628157,-0.5183831132183129,0.5183831132183129
morph_V3_high_takeoff_gt_1mm_median,0.125,0.37364620938628157,0.33071891388307384,0.48283764613142205,-0.24864620938628157,-0.5183831132183129,0.5183831132183129
sq_aVL_min,-0.17662499999999998,-0.3124440433212996,0.08560656735905255,0.26726925256573203,0.13581904332129963,0.5139088114978869,0.5139088114978869
st_V3_st_j60_std,0.01620092547516206,0.02272920127145847,0.00706822732790053,0.013002280201874272,-0.006528275796296411,-0.5065195381127493,0.5065195381127493
st_V3_high_takeoff_gt_1mm_mean,0.14772727272727273,0.3741788537396891,0.32758034784999035,0.45394312684074317,-0.2264515810124164,-0.5018378151469518,0.5018378151469518
morph_V3_high_takeoff_gt_1mm_mean,0.14772727272727273,0.3741788537396891,0.32758034784999035,0.45394312684074317,-0.2264515810124164,-0.5018378151469518,0.5018378151469518
st_V3_st_j40_median,0.056718749999999964,0.11643050541516245,0.05034745486057364,0.12039887040754338,-0.059711755415162486,-0.5010893496746988,0.5010893496746988
st_V3_j_point_amplitude_max,0.054999999999999966,0.11633032490974728,0.05184713106817003,0.12427000598398255,-0.06133032490974731,-0.4986445569609905,0.4986445569609905
st_V3_st_slope_j20_j80_std,0.0001799196386232467,0.0003342482892257819,6.876458621577085e-05,0.00031617715945061613,-0.0001543286506025352,-0.49396297294322955,0.49396297294322955
st_V3_st_j60_min,0.04256250000000003,0.10377075812274367,0.057345137925982864,0.1252939387774648,-0.061208258122743636,-0.49336465464812257,0.49336465464812257
st_V3_high_takeoff_gt_2mm_mean,0.0,0.16593316666580626,0.0,0.34392010202298995,-0.16593316666580626,-0.48855596159688847,0.48855596159688847
morph_V3_high_takeoff_gt_2mm_mean,0.0,0.16593316666580626,0.0,0.34392010202298995,-0.16593316666580626,-0.48855596159688847,0.48855596159688847
morph_V3_t_mean_mean,-0.028889530450609997,-0.012464893676480977,0.0374163178088736,0.03355457191431993,-0.01642463677412902,-0.48802327811615176,0.48802327811615176
st_V2_st_area_above_baseline_max,1.5502500000000001,2.360899819494585,1.0850717142198483,1.6866161268953814,-0.8106498194945848,-0.4841591700702009,0.4841591700702009
st_V3_st_slope_j20_j80_max,0.0013624999999999625,0.0021148014440432812,0.0006894920634463664,0.0015701377205768643,-0.0007523014440433187,-0.4839866797734868,0.4839866797734868
st_V2_st_j20_max,0.14162499999999995,0.21891155234657036,0.1259580163189307,0.16396053261817303,-0.07728655234657042,-0.47378044250404233,0.47378044250404233
st_V2_j_point_amplitude_max,0.15174999999999997,0.2327292418772563,0.1531967688954307,0.1739110492287065,-0.08097924187725633,-0.4669315001677006,0.4669315001677006
st_V3_st_j40_std,0.01410522828121525,0.020589093478716996,0.006661530435469698,0.014022096879526045,-0.006483865197501746,-0.46689610499617784,0.46689610499617784
st_V3_st_j20_mean,0.044134374999999976,0.09706620210927869,0.04915822956472761,0.11566362052008707,-0.05293182710927871,-0.4623450759352756,0.4623450759352756
st_V3_high_takeoff_gt_1mm_max,0.25,0.48014440433212996,0.4330127018922193,0.499605599769132,-0.23014440433212996,-0.4620762772312524,0.4620762772312524
morph_V3_high_takeoff_gt_1mm_max,0.25,0.48014440433212996,0.4330127018922193,0.499605599769132,-0.23014440433212996,-0.4620762772312524,0.4620762772312524
sq_III_max,0.460375,0.678202166064982,0.2314686466349168,0.47842238742509946,-0.21782716606498198,-0.4596781726914726,0.4596781726914726
cl_max_st_j40_v1v3,0.13193749999999999,0.18553971119133572,0.09388596390701866,0.11757287759413293,-0.053602211191335736,-0.4579631405368995,0.4579631405368995
sq_aVF_std,0.11554553018147422,0.14437515795237968,0.03783451347799711,0.06356226235690939,-0.02882962777090546,-0.45723113347854644,0.45723113347854644
st_V2_st_curvature_sign_min,0.5,0.04693140794223827,0.8660254037844386,0.9952774619883948,0.45306859205776173,0.4565918813484333,0.4565918813484333
st_V2_st_j80_max,0.1394375,0.22086101083032492,0.0941247302452974,0.18068289931366882,-0.08142351083032492,-0.45475972884281646,0.45475972884281646
sq_III_min,-0.23549999999999996,-0.3659205776173285,0.15309719135242164,0.2925887581875232,0.13042057761732853,0.4498052359914928,0.4498052359914928
cl_mean_st_j40_v1v3,0.08656249999999996,0.123209687123947,0.06843059325879035,0.08196800406105845,-0.036647187123947045,-0.44877644062171335,0.44877644062171335
st_V2_st_area_above_baseline_mean,1.321107318722944,1.875743369312749,1.0681097152020316,1.2451979565837012,-0.5546360505898049,-0.44688260528315055,0.44688260528315055
sq_aVF_rms,0.11899849767810751,0.14791262022372326,0.03965193417333844,0.06539733793234122,-0.028914122545615747,-0.44562889732212185,0.44562889732212185
st_V3_st_j20_median,0.046749999999999986,0.09776173285198556,0.05048530107863079,0.11721563484395273,-0.05101173285198557,-0.43964683929646925,0.43964683929646925
morph_V3_high_takeoff_gt_2mm_median,0.0,0.15703971119133575,0.0,0.3625957986856237,-0.15703971119133575,-0.4385563431541563,0.4385563431541563
st_V3_high_takeoff_gt_2mm_median,0.0,0.15703971119133575,0.0,0.3625957986856237,-0.15703971119133575,-0.4385563431541563,0.4385563431541563
st_V3_st_j40_min,0.02850000000000001,0.07962093862815885,0.050639041262646345,0.11790164778637967,-0.051120938628158835,-0.4380301813140817,0.4380301813140817
morph_V3_t_peak_value_mean,-0.052811755952380926,-0.026680612632424307,0.06243504638767559,0.06002986506555817,-0.02613114331995662,-0.43486300390522653,0.43486300390522653
morph_V3_t_amplitude_std,0.00908408857249635,0.014319471037500555,0.004188557114827524,0.01242060003662418,-0.0052353824650042055,-0.4262055577388462,0.4262055577388462
st_V2_st_area_above_baseline_median,1.33990625,1.8720460288808662,1.1022014047003559,1.252146843889337,-0.5321397788808662,-0.42617033151038647,0.42617033151038647
sq_aVF_range,0.9367500000000001,1.1752129963898916,0.2770359859296261,0.5673312991612477,-0.23846299638989155,-0.4243396858811209,0.4243396858811209
st_V1_high_takeoff_gt_2mm_max,0.125,0.3212996389891697,0.33071891388307384,0.46697556785617694,-0.1962996389891697,-0.42297931240459696,0.42297931240459696
morph_V1_high_takeoff_gt_2mm_max,0.125,0.3212996389891697,0.33071891388307384,0.46697556785617694,-0.1962996389891697,-0.42297931240459696,0.42297931240459696
st_V1_st_j80_std,0.011953290298124076,0.019295437197086502,0.004050159940168419,0.017610572698407843,-0.007342146898962426,-0.4218879894034412,0.4218879894034412
morph_V3_t_mean_std,0.008669227780265262,0.013362751897943897,0.004235206393174601,0.01138931460783716,-0.004693524117678635,-0.4165622641731326,0.4165622641731326
st_V1_st_j60_std,0.012363277997873238,0.01924503011379064,0.005637505432397427,0.016922558348687465,-0.006881752115917402,-0.4112077939216163,0.4112077939216163
morph_V1_t_polarity_min,0.75,0.37184115523465705,0.6614378277661477,0.928296372541526,0.37815884476534295,0.4098718241384261,0.4098718241384261
st_V2_st_curvature_sign_median,1.0,0.7220216606498195,0.0,0.6892565656192386,0.27797833935018046,0.4083840023461555,0.4083840023461555
st_V3_j_point_amplitude_mean,0.03135050054112552,0.0787684186894936,0.04993285715893377,0.11804229089337942,-0.04741791814836807,-0.40584508906377864,0.40584508906377864
sq_aVF_min,-0.254625,-0.3595740072202166,0.18381168182408866,0.26399592309544856,0.1049490072202166,0.40009780735290446,0.40009780735290446
morph_V3_covedness_score_min,0.10587499999999997,0.0691061973525872,0.09409845427647691,0.09200315104465917,0.036768802647412765,0.3994197114687012,0.3994197114687012
st_V3_st_curvature_sign_mean,0.9772727272727273,0.7982019500545057,0.06013071161510431,0.45450160792598804,0.17907077721822162,0.3988702040478541,0.3988702040478541
st_V2_j_point_amplitude_mean,0.122918777056277,0.17706306378019093,0.14547472686384808,0.1358873939663849,-0.05414428672391393,-0.3977317308363156,0.3977317308363156
st_V2_j_point_amplitude_median,0.12428124999999995,0.1795153429602888,0.14243915573302696,0.13904235060219408,-0.05523409296028883,-0.3970037860417236,0.3970037860417236
st_V2_st_j40_max,0.13824999999999998,0.20074548736462092,0.10437402694157202,0.15883916446886395,-0.06249548736462093,-0.3962457914268934,0.3962457914268934
st_V3_st_j80_std,0.020707088543130248,0.027252598671310035,0.009597907064997378,0.016664284804972087,-0.006545510128179787,-0.39607388146985534,0.39607388146985534
st_V2_st_j80_median,0.117125,0.16729422382671477,0.09306516534128116,0.12747813779803702,-0.050169223826714765,-0.3958446251858863,0.3958446251858863
st_V1_st_area_above_baseline_std,0.12495730250171208,0.18922843353037877,0.058638767231954256,0.16441744234949077,-0.06427113102866669,-0.39519127177957825,0.39519127177957825
st_V2_st_j20_mean,0.11735884740259739,0.16554962171031037,0.1225712194424537,0.12218451412683091,-0.048190774307712986,-0.39437891567122546,0.39437891567122546
morph_V3_t_inversion_indicator_min,0.125,0.04332129963898917,0.33071891388307384,0.20357938165879688,0.08167870036101083,0.3933192091529018,0.3933192091529018
st_V2_st_j20_median,0.11906249999999999,0.16783393501805052,0.1259380272941815,0.12445705167338023,-0.048771435018050535,-0.39175764077847186,0.39175764077847186
st_V2_st_convexity_max,0.002937499999999925,0.003920216606498155,0.0009406613365074333,0.0025437023437759787,-0.0009827166064982303,-0.39052500084129366,0.39052500084129366
st_V1_st_monotonicity_max,0.9318181818181819,0.8546110928782409,0.09906588508046983,0.20058391471196083,0.077207088939941,0.3885621634993344,0.3885621634993344
morph_V3_t_amplitude_min,0.04981249999999996,0.03816606498194943,0.045596694987136956,0.02952771206549015,0.01164643501805053,0.38783865631837305,0.38783865631837305
st_V1_st_curvature_sign_max,0.5,0.7545126353790613,0.8660254037844386,0.6507614512606331,-0.2545126353790613,-0.387422998082257,0.387422998082257
st_V2_st_j80_mean,0.11635982142857139,0.16606295902013757,0.090469762361989,0.12931663185857475,-0.04970313759156618,-0.38680241539768734,0.38680241539768734
st_V3_j_point_amplitude_median,0.03331249999999999,0.07938898916967509,0.051160401862671054,0.12037671425753534,-0.0460764891696751,-0.3867079191167629,0.3867079191167629
morph_V1_covedness_score_n_valid,11.75,12.754512635379061,1.479019945774904,2.6267898207652105,-1.0045126353790614,-0.3856823389615941,0.3856823389615941
st_V1_st_convexity_n_valid,11.75,12.754512635379061,1.479019945774904,2.6267898207652105,-1.0045126353790614,-0.3856823389615941,0.3856823389615941
st_V3_st_j80_j0_ratio_n_valid,11.75,12.754512635379061,1.479019945774904,2.6267898207652105,-1.0045126353790614,-0.3856823389615941,0.3856823389615941
st_V2_high_takeoff_gt_2mm_n_valid,11.75,12.754512635379061,1.479019945774904,2.6267898207652105,-1.0045126353790614,-0.3856823389615941,0.3856823389615941
morph_V1_high_takeoff_gt_1mm_n_valid,11.75,12.754512635379061,1.479019945774904,2.6267898207652105,-1.0045126353790614,-0.3856823389615941,0.3856823389615941
st_V3_r_amplitude_n_valid,11.75,12.754512635379061,1.479019945774904,2.6267898207652105,-1.0045126353790614,-0.3856823389615941,0.3856823389615941
st_V2_st_area_above_baseline_n_valid,11.75,12.754512635379061,1.479019945774904,2.6267898207652105,-1.0045126353790614,-0.3856823389615941,0.3856823389615941
morph_V3_saddleback_score_n_valid,11.75,12.754512635379061,1.479019945774904,2.6267898207652105,-1.0045126353790614,-0.3856823389615941,0.3856823389615941
morph_V3_high_takeoff_gt_2mm_n_valid,11.75,12.754512635379061,1.479019945774904,2.6267898207652105,-1.0045126353790614,-0.3856823389615941,0.3856823389615941
st_V2_s_amplitude_n_valid,11.75,12.754512635379061,1.479019945774904,2.6267898207652105,-1.0045126353790614,-0.3856823389615941,0.3856823389615941
st_V1_st_area_above_baseline_n_valid,11.75,12.754512635379061,1.479019945774904,2.6267898207652105,-1.0045126353790614,-0.3856823389615941,0.3856823389615941
st_V2_st_j40_j0_ratio_n_valid,11.75,12.754512635379061,1.479019945774904,2.6267898207652105,-1.0045126353790614,-0.3856823389615941,0.3856823389615941
morph_V2_t_amplitude_n_valid,11.75,12.754512635379061,1.479019945774904,2.6267898207652105,-1.0045126353790614,-0.3856823389615941,0.3856823389615941
st_V3_st_curvature_sign_n_valid,11.75,12.754512635379061,1.479019945774904,2.6267898207652105,-1.0045126353790614,-0.3856823389615941,0.3856823389615941
st_V2_st_j40_n_valid,11.75,12.754512635379061,1.479019945774904,2.6267898207652105,-1.0045126353790614,-0.3856823389615941,0.3856823389615941
morph_V2_saddleback_score_n_valid,11.75,12.754512635379061,1.479019945774904,2.6267898207652105,-1.0045126353790614,-0.3856823389615941,0.3856823389615941
st_V2_high_takeoff_gt_1mm_n_valid,11.75,12.754512635379061,1.479019945774904,2.6267898207652105,-1.0045126353790614,-0.3856823389615941,0.3856823389615941
st_V1_st_j80_j0_ratio_n_valid,11.75,12.754512635379061,1.479019945774904,2.6267898207652105,-1.0045126353790614,-0.3856823389615941,0.3856823389615941
st_V3_st_j40_j0_ratio_n_valid,11.75,12.754512635379061,1.479019945774904,2.6267898207652105,-1.0045126353790614,-0.3856823389615941,0.3856823389615941
st_V2_st_slope_j0_j40_n_valid,11.75,12.754512635379061,1.479019945774904,2.6267898207652105,-1.0045126353790614,-0.3856823389615941,0.3856823389615941
st_V1_st_j60_n_valid,11.75,12.754512635379061,1.479019945774904,2.6267898207652105,-1.0045126353790614,-0.3856823389615941,0.3856823389615941
morph_V3_second_hump_present_n_valid,11.75,12.754512635379061,1.479019945774904,2.6267898207652105,-1.0045126353790614,-0.3856823389615941,0.3856823389615941
morph_V1_t_polarity_n_valid,11.75,12.754512635379061,1.479019945774904,2.6267898207652105,-1.0045126353790614,-0.3856823389615941,0.3856823389615941
st_V3_st_j20_n_valid,11.75,12.754512635379061,1.479019945774904,2.6267898207652105,-1.0045126353790614,-0.3856823389615941,0.3856823389615941
st_V3_rs_ratio_n_valid,11.75,12.754512635379061,1.479019945774904,2.6267898207652105,-1.0045126353790614,-0.3856823389615941,0.3856823389615941
st_V1_r_amplitude_n_valid,11.75,12.754512635379061,1.479019945774904,2.6267898207652105,-1.0045126353790614,-0.3856823389615941,0.3856823389615941
st_V3_j_point_amplitude_n_valid,11.75,12.754512635379061,1.479019945774904,2.6267898207652105,-1.0045126353790614,-0.3856823389615941,0.3856823389615941
st_V1_st_j40_j0_ratio_n_valid,11.75,12.754512635379061,1.479019945774904,2.6267898207652105,-1.0045126353790614,-0.3856823389615941,0.3856823389615941
st_V3_st_j40_n_valid,11.75,12.754512635379061,1.479019945774904,2.6267898207652105,-1.0045126353790614,-0.3856823389615941,0.3856823389615941
st_V2_r_amplitude_n_valid,11.75,12.754512635379061,1.479019945774904,2.6267898207652105,-1.0045126353790614,-0.3856823389615941,0.3856823389615941
morph_V1_t_mean_n_valid,11.75,12.754512635379061,1.479019945774904,2.6267898207652105,-1.0045126353790614,-0.3856823389615941,0.3856823389615941
st_V3_st_slope_j20_j80_n_valid,11.75,12.754512635379061,1.479019945774904,2.6267898207652105,-1.0045126353790614,-0.3856823389615941,0.3856823389615941
st_V2_st_slope_j20_j80_n_valid,11.75,12.754512635379061,1.479019945774904,2.6267898207652105,-1.0045126353790614,-0.3856823389615941,0.3856823389615941
st_V3_st_area_above_baseline_n_valid,11.75,12.754512635379061,1.479019945774904,2.6267898207652105,-1.0045126353790614,-0.3856823389615941,0.3856823389615941
morph_V2_t_inversion_indicator_n_valid,11.75,12.754512635379061,1.479019945774904,2.6267898207652105,-1.0045126353790614,-0.3856823389615941,0.3856823389615941
morph_V2_high_takeoff_gt_1mm_n_valid,11.75,12.754512635379061,1.479019945774904,2.6267898207652105,-1.0045126353790614,-0.3856823389615941,0.3856823389615941
st_V3_st_convexity_n_valid,11.75,12.754512635379061,1.479019945774904,2.6267898207652105,-1.0045126353790614,-0.3856823389615941,0.3856823389615941
st_V2_j_point_confidence_n_valid,11.75,12.754512635379061,1.479019945774904,2.6267898207652105,-1.0045126353790614,-0.3856823389615941,0.3856823389615941
st_V2_st_j60_n_valid,11.75,12.754512635379061,1.479019945774904,2.6267898207652105,-1.0045126353790614,-0.3856823389615941,0.3856823389615941
morph_V2_t_mean_n_valid,11.75,12.754512635379061,1.479019945774904,2.6267898207652105,-1.0045126353790614,-0.3856823389615941,0.3856823389615941
st_V3_st_slope_j0_j40_n_valid,11.75,12.754512635379061,1.479019945774904,2.6267898207652105,-1.0045126353790614,-0.3856823389615941,0.3856823389615941
morph_V1_t_peak_value_n_valid,11.75,12.754512635379061,1.479019945774904,2.6267898207652105,-1.0045126353790614,-0.3856823389615941,0.3856823389615941
st_V1_st_slope_j0_j40_n_valid,11.75,12.754512635379061,1.479019945774904,2.6267898207652105,-1.0045126353790614,-0.3856823389615941,0.3856823389615941
morph_V3_t_inversion_indicator_n_valid,11.75,12.754512635379061,1.479019945774904,2.6267898207652105,-1.0045126353790614,-0.3856823389615941,0.3856823389615941
morph_V3_t_amplitude_n_valid,11.75,12.754512635379061,1.479019945774904,2.6267898207652105,-1.0045126353790614,-0.3856823389615941,0.3856823389615941
morph_V3_t_polarity_n_valid,11.75,12.754512635379061,1.479019945774904,2.6267898207652105,-1.0045126353790614,-0.3856823389615941,0.3856823389615941
st_V3_st_monotonicity_n_valid,11.75,12.754512635379061,1.479019945774904,2.6267898207652105,-1.0045126353790614,-0.3856823389615941,0.3856823389615941
morph_V3_t_mean_n_valid,11.75,12.754512635379061,1.479019945774904,2.6267898207652105,-1.0045126353790614,-0.3856823389615941,0.3856823389615941
st_V2_rs_ratio_n_valid,11.75,12.754512635379061,1.479019945774904,2.6267898207652105,-1.0045126353790614,-0.3856823389615941,0.3856823389615941
st_V1_s_amplitude_n_valid,11.75,12.754512635379061,1.479019945774904,2.6267898207652105,-1.0045126353790614,-0.3856823389615941,0.3856823389615941
st_V1_j_point_amplitude_n_valid,11.75,12.754512635379061,1.479019945774904,2.6267898207652105,-1.0045126353790614,-0.3856823389615941,0.3856823389615941
morph_V2_t_polarity_n_valid,11.75,12.754512635379061,1.479019945774904,2.6267898207652105,-1.0045126353790614,-0.3856823389615941,0.3856823389615941
st_V1_rs_ratio_n_valid,11.75,12.754512635379061,1.479019945774904,2.6267898207652105,-1.0045126353790614,-0.3856823389615941,0.3856823389615941
st_V1_high_takeoff_gt_2mm_n_valid,11.75,12.754512635379061,1.479019945774904,2.6267898207652105,-1.0045126353790614,-0.3856823389615941,0.3856823389615941
morph_V1_second_hump_present_n_valid,11.75,12.754512635379061,1.479019945774904,2.6267898207652105,-1.0045126353790614,-0.3856823389615941,0.3856823389615941
st_V2_j_point_amplitude_n_valid,11.75,12.754512635379061,1.479019945774904,2.6267898207652105,-1.0045126353790614,-0.3856823389615941,0.3856823389615941
st_V2_st_monotonicity_n_valid,11.75,12.754512635379061,1.479019945774904,2.6267898207652105,-1.0045126353790614,-0.3856823389615941,0.3856823389615941
st_V1_st_curvature_sign_n_valid,11.75,12.754512635379061,1.479019945774904,2.6267898207652105,-1.0045126353790614,-0.3856823389615941,0.3856823389615941
st_V1_st_j40_n_valid,11.75,12.754512635379061,1.479019945774904,2.6267898207652105,-1.0045126353790614,-0.3856823389615941,0.3856823389615941
st_V2_st_j20_n_valid,11.75,12.754512635379061,1.479019945774904,2.6267898207652105,-1.0045126353790614,-0.3856823389615941,0.3856823389615941
st_V2_st_j80_j0_ratio_n_valid,11.75,12.754512635379061,1.479019945774904,2.6267898207652105,-1.0045126353790614,-0.3856823389615941,0.3856823389615941
morph_V2_t_peak_value_n_valid,11.75,12.754512635379061,1.479019945774904,2.6267898207652105,-1.0045126353790614,-0.3856823389615941,0.3856823389615941
st_V1_j_point_confidence_n_valid,11.75,12.754512635379061,1.479019945774904,2.6267898207652105,-1.0045126353790614,-0.3856823389615941,0.3856823389615941
morph_V1_t_amplitude_n_valid,11.75,12.754512635379061,1.479019945774904,2.6267898207652105,-1.0045126353790614,-0.3856823389615941,0.3856823389615941
st_V1_st_slope_j20_j80_n_valid,11.75,12.754512635379061,1.479019945774904,2.6267898207652105,-1.0045126353790614,-0.3856823389615941,0.3856823389615941
st_V3_s_amplitude_n_valid,11.75,12.754512635379061,1.479019945774904,2.6267898207652105,-1.0045126353790614,-0.3856823389615941,0.3856823389615941
morph_V2_covedness_score_n_valid,11.75,12.754512635379061,1.479019945774904,2.6267898207652105,-1.0045126353790614,-0.3856823389615941,0.3856823389615941
st_V1_high_takeoff_gt_1mm_n_valid,11.75,12.754512635379061,1.479019945774904,2.6267898207652105,-1.0045126353790614,-0.3856823389615941,0.3856823389615941
st_V3_high_takeoff_gt_1mm_n_valid,11.75,12.754512635379061,1.479019945774904,2.6267898207652105,-1.0045126353790614,-0.3856823389615941,0.3856823389615941
morph_V1_high_takeoff_gt_2mm_n_valid,11.75,12.754512635379061,1.479019945774904,2.6267898207652105,-1.0045126353790614,-0.3856823389615941,0.3856823389615941
st_V3_st_j60_n_valid,11.75,12.754512635379061,1.479019945774904,2.6267898207652105,-1.0045126353790614,-0.3856823389615941,0.3856823389615941
morph_V2_second_hump_present_n_valid,11.75,12.754512635379061,1.479019945774904,2.6267898207652105,-1.0045126353790614,-0.3856823389615941,0.3856823389615941
morph_V3_t_peak_value_n_valid,11.75,12.754512635379061,1.479019945774904,2.6267898207652105,-1.0045126353790614,-0.3856823389615941,0.3856823389615941
st_V2_st_j80_n_valid,11.75,12.754512635379061,1.479019945774904,2.6267898207652105,-1.0045126353790614,-0.3856823389615941,0.3856823389615941
st_V3_j_point_confidence_n_valid,11.75,12.754512635379061,1.479019945774904,2.6267898207652105,-1.0045126353790614,-0.3856823389615941,0.3856823389615941
st_V3_high_takeoff_gt_2mm_n_valid,11.75,12.754512635379061,1.479019945774904,2.6267898207652105,-1.0045126353790614,-0.3856823389615941,0.3856823389615941
st_V1_st_monotonicity_n_valid,11.75,12.754512635379061,1.479019945774904,2.6267898207652105,-1.0045126353790614,-0.3856823389615941,0.3856823389615941
st_V1_st_j20_n_valid,11.75,12.754512635379061,1.479019945774904,2.6267898207652105,-1.0045126353790614,-0.3856823389615941,0.3856823389615941
morph_V3_high_takeoff_gt_1mm_n_valid,11.75,12.754512635379061,1.479019945774904,2.6267898207652105,-1.0045126353790614,-0.3856823389615941,0.3856823389615941
st_V3_st_j80_n_valid,11.75,12.754512635379061,1.479019945774904,2.6267898207652105,-1.0045126353790614,-0.3856823389615941,0.3856823389615941
morph_V1_t_inversion_indicator_n_valid,11.75,12.754512635379061,1.479019945774904,2.6267898207652105,-1.0045126353790614,-0.3856823389615941,0.3856823389615941
st_V2_st_convexity_n_valid,11.75,12.754512635379061,1.479019945774904,2.6267898207652105,-1.0045126353790614,-0.3856823389615941,0.3856823389615941
morph_V1_saddleback_score_n_valid,11.75,12.754512635379061,1.479019945774904,2.6267898207652105,-1.0045126353790614,-0.3856823389615941,0.3856823389615941
morph_V3_covedness_score_n_valid,11.75,12.754512635379061,1.479019945774904,2.6267898207652105,-1.0045126353790614,-0.3856823389615941,0.3856823389615941
st_V2_st_curvature_sign_n_valid,11.75,12.754512635379061,1.479019945774904,2.6267898207652105,-1.0045126353790614,-0.3856823389615941,0.3856823389615941
st_V1_st_j80_n_valid,11.75,12.754512635379061,1.479019945774904,2.6267898207652105,-1.0045126353790614,-0.3856823389615941,0.3856823389615941
morph_V2_high_takeoff_gt_2mm_n_valid,11.75,12.754512635379061,1.479019945774904,2.6267898207652105,-1.0045126353790614,-0.3856823389615941,0.3856823389615941
morph_V3_high_takeoff_gt_2mm_std,0.0,0.050291452889591595,0.0,0.1326238442242352,-0.050291452889591595,-0.3839823364335173,0.3839823364335173
st_V3_high_takeoff_gt_2mm_std,0.0,0.050291452889591595,0.0,0.1326238442242352,-0.050291452889591595,-0.3839823364335173,0.3839823364335173
st_V1_st_j40_std,0.013711458717386,0.020876270102020658,0.00821983240220531,0.018925868901553716,-0.0071648113846346576,-0.38242936041410946,0.38242936041410946
st_V2_st_j60_max,0.13856249999999995,0.1985830324909747,0.08974040251609082,0.158945510839642,-0.06002053249097475,-0.38083927036512477,0.38083927036512477
st_V2_st_j40_j0_ratio_min,0.7834467969991492,0.5026191871824144,0.503030889561484,0.7457169124720224,0.2808276098167348,0.37915153400945567,0.37915153400945567
st_V1_high_takeoff_gt_1mm_min,0.25,0.4368231046931408,0.4330127018922193,0.49599262081142514,-0.18682310469314078,-0.3777779173924715,0.3777779173924715
morph_V1_high_takeoff_gt_1mm_min,0.25,0.4368231046931408,0.4330127018922193,0.49599262081142514,-0.18682310469314078,-0.3777779173924715,0.3777779173924715
sq_V6_min,-0.19825,-0.2886534296028881,0.07569635063858757,0.24229135375734387,0.09040342960288808,0.37735384789807025,0.37735384789807025
st_V3_st_j20_std,0.013465132365082627,0.02067914456699828,0.007095490379011414,0.019403175125626237,-0.007214012201915655,-0.37584390289506564,0.37584390289506564
sq_V6_std,0.14684972942939228,0.1707931931382889,0.04009396390482073,0.06425984090644474,-0.023943463708896606,-0.37545036960651224,0.37545036960651224
st_V1_st_j20_std,0.015299723463274113,0.02594707890452307,0.00620151785528192,0.028773157506758473,-0.010647355441248956,-0.3744874078459622,0.3744874078459622
st_V3_st_j20_min,0.01856250000000001,0.05964801444043319,0.05136720591729707,0.11101775529455814,-0.04108551444043318,-0.37373098776201186,0.37373098776201186
morph_V3_t_peak_value_median,-0.050499999999999975,-0.02734566787003609,0.06419684084906359,0.062047861746377934,-0.023154332129963887,-0.3728441004111377,0.3728441004111377
sq_V6_rms,0.15202919336157258,0.17628511696337923,0.0412954054546374,0.0662778882193041,-0.024255923601806645,-0.36877398709478304,0.36877398709478304
sq_aVL_max,0.21775,0.3048086642599278,0.11258968647260725,0.2391714251553709,-0.08705866425992781,-0.36755670228772375,0.36755670228772375
morph_V3_t_peak_value_std,0.01532628910603695,0.02230465595423266,0.006139752765215445,0.019299191311399802,-0.006978366848195711,-0.365676183895539,0.365676183895539
st_V3_st_curvature_sign_std,0.07186994682200862,0.19409638360133102,0.19015000603047172,0.33893645066909484,-0.1222264367793224,-0.36371317254543756,0.36371317254543756
st_V2_st_j40_median,0.11368749999999997,0.15352075812274366,0.1050846942649119,0.1106867195511043,-0.03983325812274369,-0.3603137919602687,0.3603137919602687
st_V3_st_slope_j0_j40_max,0.000874999999999975,0.0015043321299638766,0.000659308349712033,0.0017693806167543439,-0.0006293321299639016,-0.3595290462560009,0.3595290462560009
st_V3_st_area_above_baseline_std,0.17159417498330587,0.2214723123218402,0.07990003754072367,0.14143583105329172,-0.04987813733853433,-0.35566320562668563,0.35566320562668563
st_V2_st_slope_j0_j40_std,0.00031751293757381247,0.0005051040650313209,0.00018691850864277482,0.0005347093698550442,-0.0001875911274575084,-0.3547000265110991,0.3547000265110991
morph_V1_high_takeoff_gt_1mm_median,0.5,0.6660649819494585,0.5,0.4687374964121061,-0.1660649819494585,-0.3536790024243606,0.3536790024243606
st_V1_high_takeoff_gt_1mm_median,0.5,0.6660649819494585,0.5,0.4687374964121061,-0.1660649819494585,-0.3536790024243606,0.3536790024243606
morph_V3_high_takeoff_gt_2mm_min,0.0,0.10830324909747292,0.0,0.31076302117916743,-0.10830324909747292,-0.3528993248256768,0.3528993248256768
st_V3_high_takeoff_gt_2mm_min,0.0,0.10830324909747292,0.0,0.31076302117916743,-0.10830324909747292,-0.3528993248256768,0.3528993248256768
sq_V2_max,0.45712499999999995,0.6039386281588448,0.19206472704533753,0.4217570859568298,-0.14681362815884486,-0.35156329651141094,0.35156329651141094
sq_aVL_noise_energy,1.1205379536943583e-05,2.4529946581611947e-05,1.2547657621591302e-05,3.832791090362661e-05,-1.3324567044668365e-05,-0.3515500649126928,0.3515500649126928
morph_V3_high_takeoff_gt_1mm_min,0.125,0.2815884476534296,0.33071891388307384,0.44977371399578403,-0.1565884476534296,-0.3501441775034073,0.3501441775034073
st_V3_high_takeoff_gt_1mm_min,0.125,0.2815884476534296,0.33071891388307384,0.44977371399578403,-0.1565884476534296,-0.3501441775034073,0.3501441775034073
st_V2_st_j60_mean,0.11285281385281384,0.15173993658630006,0.090332895763816,0.11224564984121932,-0.03888712273348621,-0.34796615601317427,0.34796615601317427
st_V2_st_j40_mean,0.11396934523809518,0.15213069752415906,0.10332978628899113,0.10991641675664443,-0.038161352286063877,-0.3476854573349692,0.3476854573349692
st_V3_j_point_amplitude_min,0.0009375000000000112,0.039494584837545116,0.055684623943688435,0.11267121334771543,-0.03855708483754511,-0.3454528999914802,0.3454528999914802
st_V3_st_curvature_sign_min,0.75,0.44765342960288806,0.6614378277661477,0.8881306672190893,0.30234657039711194,0.34232092736675424,0.34232092736675424
st_V2_st_j60_median,0.11524999999999999,0.15329061371841152,0.09162602318664714,0.1127766030891004,-0.038040613718411526,-0.3387364678269623,0.3387364678269623
st_V2_high_takeoff_gt_2mm_min,0.125,0.2743682310469314,0.33071891388307384,0.44619536622325995,-0.14936823104693142,-0.33664110624743865,0.33664110624743865
morph_V2_high_takeoff_gt_2mm_min,0.125,0.2743682310469314,0.33071891388307384,0.44619536622325995,-0.14936823104693142,-0.33664110624743865,0.33664110624743865
st_V3_st_slope_j20_j80_median,0.0009729166666666251,0.0015117629362213852,0.0006363244881085985,0.0016288556254542882,-0.0005388462695547601,-0.33433519164797126,0.33433519164797126
st_V2_st_slope_j0_j40_min,-0.0006937499999999624,-0.0015055956678700153,0.001629165334611524,0.0024598307716107485,0.0008118456678700529,0.3323567102745225,0.3323567102745225
sq_V2_mean,0.014337812499999963,0.024465496389891674,0.014240856087581407,0.03088665956105547,-0.01012768388989171,-0.331138931020724,0.331138931020724
st_V2_st_slope_j20_j80_std,0.00026107123073036253,0.0004630575334697001,6.871961104736726e-05,0.000618675710619944,-0.0002019863027393376,-0.3305442394799682,0.3305442394799682
morph_V2_t_polarity_min,0.0,-0.3140794223826715,1.0,0.949396711831133,0.3140794223826715,0.33037313739245233,0.33037313739245233
st_V2_st_curvature_sign_mean,0.8333333333333333,0.6531820382038609,0.2886751345948129,0.5503179124081857,0.18015129512947237,0.33033322237010804,0.33033322237010804
morph_V1_covedness_score_std,0.013297170144875713,0.020766290309909872,0.014368843001982089,0.02280580939219171,-0.007469120165034159,-0.32997978477758066,0.32997978477758066
morph_V2_covedness_score_median,0.06602604166666665,0.09242132972322499,0.02733813583238498,0.08124766757161157,-0.026395288056558344,-0.3284971009207774,0.3284971009207774
st_V3_st_slope_j20_j80_mean,0.0010011643217892625,0.0015142049045115155,0.0006333219250982725,0.0015910522412516353,-0.000513040582722253,-0.3258630284307362,0.3258630284307362
morph_V1_covedness_score_max,0.04819791666666663,0.07318050541516241,0.052503934004391566,0.07739240916922614,-0.02498258874849578,-0.3249808031276025,0.3249808031276025
st_V1_st_curvature_sign_min,-1.0,-0.8231046931407943,0.0,0.5517681783261459,-0.17689530685920574,-0.3246372400871159,0.3246372400871159
sq_III_snr_proxy,376.3019916612558,887.8849259703601,397.89513930850336,1608.3153328422984,-511.5829343091043,-0.32184495095296145,0.32184495095296145
cl_var_st_j40_v1v3,0.001764078124999925,0.004204107952266292,0.002046345394247211,0.007672619497164903,-0.002440029827266367,-0.3217353268766333,0.3217353268766333
st_V1_st_slope_j20_j80_std,0.0002202688533942391,0.00036439314808411265,0.00012059958691586818,0.00046262999376053306,-0.00014412429468987355,-0.31518689585320186,0.31518689585320186
sq_V3_mean,0.037963645833333295,0.05001728640192536,0.02313805728941043,0.038583743010316196,-0.012053640568592067,-0.31490602756977853,0.31490602756977853
morph_V1_covedness_score_mean,0.016309451659451614,0.02672126862095293,0.014943658272501383,0.03352840789906696,-0.010411816961501317,-0.3136613314506014,0.3136613314506014
st_V2_st_area_above_baseline_min,1.08225,1.4439864620938627,1.0289423574719823,1.171529219112222,-0.3617364620938628,-0.3096496003683074,0.3096496003683074
st_V3_r_amplitude_std,0.14761849310176572,0.18266996958424414,0.07569377586276509,0.11406781720930831,-0.035051476482478416,-0.309435517729986,0.309435517729986
morph_V1_t_polarity_mean,0.925,0.7914291836716421,0.19843134832984427,0.4392318623803179,0.133570816328358,0.30713923186094727,0.30713923186094727
cl_v1v2_st_diff,-0.024406249999999987,-0.053842960288808646,0.06656234595052596,0.09677497100810395,0.02943671028880866,0.30617872254272915,0.30617872254272915
st_V3_r_amplitude_median,0.6484375,0.3975731046931408,0.52324721914574,0.8287612514705893,0.2508643953068592,0.3049748083830437,0.3049748083830437
sq_I_mean,0.027369166666666625,0.023669479542719574,0.008100669478934721,0.01225915685119285,0.0036996871239470507,0.30391460708314505,0.30391460708314505
sq_V6_range,1.1825,1.3544801444043322,0.34544174617437307,0.5727055024757874,-0.17198014440433207,-0.30268516045264376,0.30268516045264376
morph_V1_t_polarity_std,0.114564392373896,0.22312718065691806,0.30310889132455354,0.3611284394744391,-0.10856278828302206,-0.30172573802716884,0.30172573802716884
sq_V3_rms,0.23637701553624563,0.2645057620120427,0.08027715509622987,0.09494190672744217,-0.02812874647579705,-0.2973233118317465,0.2973233118317465
st_V3_st_curvature_sign_median,1.0,0.8465703971119134,0.0,0.5228678273711649,0.1534296028880866,0.29713644131427996,0.29713644131427996
sq_II_std,0.16045029304878775,0.17894641074962378,0.04203053866356926,0.06273801210497891,-0.018496117700836034,-0.2968456404878497,0.2968456404878497
st_V1_j_point_amplitude_std,0.018818353059864665,0.030056566843619358,0.010022373560258356,0.03834063529476906,-0.011238213783754693,-0.29655186503937553,0.29655186503937553
st_V3_st_monotonicity_min,0.03409090909090909,0.0790941910075484,0.06327004957761388,0.15365399560912638,-0.04500328191663931,-0.29594241348201294,0.29594241348201294
st_V2_st_area_above_baseline_std,0.15555889697227238,0.25997216791191774,0.0569209131901619,0.357538092541156,-0.10441327093964536,-0.29561911847545125,0.29561911847545125
morph_V1_t_polarity_median,1.0,0.8447653429602888,0.0,0.5317531448237393,0.15523465703971118,0.2956087576328612,0.2956087576328612
st_V1_st_area_above_baseline_max,1.148625,1.3739250902527078,0.6598055466385532,0.7658778563345123,-0.2253000902527078,-0.29511483326208005,0.29511483326208005
sq_aVF_baseline_drift,1.3988340598752451e-05,2.8374307308841832e-05,1.3097963207551425e-05,4.994664628283756e-05,-1.4385966710089381e-05,-0.2914023084412213,0.2914023084412213
sq_V5_std,0.20487242066826164,0.22987405412014728,0.049296749645948226,0.0866639574599486,-0.025001633451885635,-0.2909335695899079,0.2909335695899079
sq_V5_rms,0.21173794909946891,0.23729070272454397,0.051035873562792745,0.08948452805318496,-0.02555275362507506,-0.28796808417802006,0.28796808417802006
st_V2_st_j40_j0_ratio_max,2.011502904632852,1.490661037849014,1.3410807835343506,1.8233328540443312,0.5208418667838379,0.28728934022820773,0.28728934022820773
sq_II_min,-0.32987500000000003,-0.4025740072202166,0.18729551349405035,0.25512747385656676,0.07269900722021655,0.286590569819864,0.286590569819864
st_V1_st_j40_j0_ratio_std,0.08839262802192935,0.29823352991181235,0.04398036500369116,0.746477351320083,-0.209840901889883,-0.28463812436739033,0.28463812436739033
sq_II_rms,0.16603854804195584,0.18415828966163,0.044657552804116395,0.06488005983958132,-0.018119741619674168,-0.28111613132722674,0.28111613132722674
st_V3_r_amplitude_mean,0.6084069940476191,0.3837168621941714,0.5415201155301831,0.814322891841165,0.22469013185344772,0.2778459935364241,0.2778459935364241
st_V1_st_j60_max,0.0960625,0.11571841155234655,0.053435380074909146,0.07130226339821115,-0.019655911552346556,-0.27717705036940843,0.27717705036940843
st_V3_r_amplitude_min,0.31118749999999995,0.0715,0.5892776795312631,0.8709726864704871,0.23968749999999994,0.27705949640937305,0.27705949640937305
st_V1_high_takeoff_gt_1mm_std,0.20228339679297141,0.14762304869042048,0.21087156127015444,0.19712457832112693,0.05466034810255094,0.27679467807472946,0.27679467807472946
morph_V1_high_takeoff_gt_1mm_std,0.20228339679297141,0.14762304869042048,0.21087156127015444,0.19712457832112693,0.05466034810255094,0.27679467807472946,0.27679467807472946
sq_aVF_max,0.682125,0.8156389891696751,0.31757181766491804,0.4858276049474156,-0.13351398916967516,-0.27678509461450185,0.27678509461450185
st_V2_st_j40_j0_ratio_mean,1.1609539913090052,0.9403522307848066,0.4919921308325355,0.8040666459782776,0.22060176052419866,0.2765052579546019,0.2765052579546019
sq_II_range,1.2617500000000001,1.4147870036101087,0.32127548537042167,0.5581113278473454,-0.15303700361010852,-0.27650115190858765,0.27650115190858765
st_V1_st_j80_max,0.08331249999999997,0.10372563176895305,0.03716427846400355,0.07464567682487841,-0.020413131768953083,-0.27604682932617136,0.27604682932617136
sq_V3_std,0.23245306760015905,0.25783170086445917,0.07941963464632495,0.09224772981626919,-0.02537863326430012,-0.27599866248684124,0.27599866248684124
median_rr_ms,925.625,882.7256317689531,128.36562770072058,156.1046250562457,42.89936823104688,0.27591885467920463,0.27591885467920463
morph_V2_covedness_score_max,0.14181249999999995,0.17703640192539105,0.11273375213984398,0.12876751145077217,-0.0352239019253911,-0.2743399887810754,0.2743399887810754
morph_V1_covedness_score_median,0.0115833333333333,0.020406137184115485,0.012921286136320445,0.03253231853616617,-0.008822803850782185,-0.27407107825698473,0.27407107825698473
sq_V2_rms,0.1940194392596597,0.22237642170886007,0.05924520375974645,0.10436797417054625,-0.028356982449200374,-0.2740084714288744,0.2740084714288744
st_V1_st_j80_j0_ratio_std,0.12242203506802676,0.3415669621809009,0.07527206345120396,0.8159149494328262,-0.21914492711287412,-0.2719432855670046,0.2719432855670046
sq_aVF_snr_proxy,615.8399355591855,1166.0930357592247,534.0861072551284,2066.1931921092046,-550.2531002000392,-0.26944031665359786,0.26944031665359786
st_V1_st_j20_max,0.14018749999999996,0.1680018050541516,0.09770681191068514,0.10475820102818852,-0.02781430505415164,-0.26593778458501255,0.26593778458501255
morph_V2_covedness_score_mean,0.0755595621392496,0.09569816937129311,0.04410339877785165,0.07673429120849834,-0.020138607232043512,-0.2646469447190647,0.2646469447190647
st_V1_st_monotonicity_mean,0.7842729240456513,0.7228431954194289,0.15726451301775868,0.23391231125131348,0.061429728626222424,0.2644167314818192,0.2644167314818192
sq_III_baseline_drift,6.995557166627871e-06,2.7573540488316556e-05,6.060329713567043e-06,7.919599417779009e-05,-2.0577983321688685e-05,-0.26309102017919295,0.26309102017919295
st_V1_st_curvature_sign_median,-0.375,-0.12274368231046931,0.8569568250501305,0.9628978427646834,-0.2522563176895307,-0.2626525368512672,0.2626525368512672
morph_V2_t_amplitude_mean,0.041576379870129826,0.050734212717619166,0.026004393012408544,0.035226344638246795,-0.00915783284748934,-0.2614466701695531,0.2614466701695531
st_V1_st_curvature_sign_mean,-0.2444264069264069,-0.07876179672068842,0.6490226060814639,0.6351688530595282,-0.1656646102057185,-0.26067766521083585,0.26067766521083585
st_V3_st_slope_j0_j40_std,0.00020855963156606613,0.0003086049698989589,0.00010911640105200637,0.0003888942828342541,-0.00010004533833289278,-0.26023807433299134,0.26023807433299134
st_V1_st_monotonicity_std,0.09991718697716112,0.08989576580992928,0.04544535143736735,0.03842639187740572,0.010021421167231842,0.25951879137878087,0.25951879137878087
hr_estimate_bpm,67.03916343604205,70.33140586200939,8.885740411354847,12.79082925463536,-3.292242425967345,-0.2590538497932061,0.2590538497932061
sq_V1_max,0.23662499999999997,0.29309747292418775,0.1283218000769939,0.22190821897136548,-0.05647247292418778,-0.2566068534845922,0.2566068534845922
st_V2_st_curvature_sign_std,0.23570226039551584,0.3361229295848075,0.40824829046386296,0.3909855787884398,-0.10042066918929166,-0.25655362280278693,0.25655362280278693
sq_V5_min,-0.357,-0.4731083032490974,0.15816447135814035,0.4587304752468771,0.11610830324909743,0.25591199465905984,0.25591199465905984
sq_V2_std,0.19309677968966885,0.21932008107437165,0.0588115278092126,0.10339295309443146,-0.026223301384702802,-0.25577639529621676,0.25577639529621676
morph_V2_covedness_score_min,0.023572916666666617,0.0374302045728038,0.028182670425749064,0.0554750623556177,-0.013857287906137182,-0.2521171353658116,0.2521171353658116
st_V3_j_point_amplitude_std,0.016633024575744487,0.021552341651828316,0.008099219953465853,0.01995783699460963,-0.00491931707608383,-0.24907200685808614,0.24907200685808614
morph_V2_t_mean_std,0.007803136907749237,0.015255176813652311,0.004356071731191055,0.03048127356117041,-0.007452039905903074,-0.24749606093208687,0.24749606093208687
st_V1_st_j40_max,0.11606249999999999,0.13524007220216608,0.08547603373899612,0.0772763288044702,-0.019177572202166093,-0.2474857092225329,0.2474857092225329
st_V1_st_slope_j0_j40_std,0.00039034989787890335,0.0005954571314279852,0.0002947481767442941,0.000841035306749609,-0.00020510723354908187,-0.2465642209533366,0.2465642209533366
morph_V1_t_peak_value_std,0.010656363826254475,0.019064002800472424,0.00587670805748055,0.03463959549655076,-0.00840763897421795,-0.2456865964660916,0.2456865964660916
morph_V3_covedness_score_std,0.04324057745354552,0.05503512366890158,0.047531716462745614,0.0481049042532879,-0.011794546215356055,-0.24525572544280116,0.24525572544280116
morph_V1_t_mean_min,0.014999999999999965,0.004590191281842888,0.0204440124395408,0.04290955985864968,0.010409808718157077,0.24495188507101032,0.24495188507101032
sq_III_noise_energy,3.931112190318231e-05,5.8747899869411874e-05,4.213265786952293e-05,8.115268992263652e-05,-1.9436777966229565e-05,-0.24170219756372194,0.24170219756372194
st_V1_st_j40_j0_ratio_max,0.8241453507991128,1.3376810832908623,0.11958853592550255,2.151577348299817,-0.5135357324917496,-0.24167702581669262,0.24167702581669262
st_V1_st_convexity_std,0.0009292948808190001,0.0011748616655391949,0.001088916287566668,0.001017941670744805,-0.00024556678472019476,-0.24080916377771122,0.24080916377771122
st_V1_st_monotonicity_min,0.625,0.5615359369872005,0.20039991009714095,0.26559608701596593,0.0634640630127995,0.24023256759002629,0.24023256759002629
st_V2_st_j80_std,0.0148209380934051,0.031144951606919855,0.005361719146700373,0.06914974700296542,-0.016324013513514757,-0.23902422489056122,0.23902422489056122
sq_II_snr_proxy,922.077065008277,1425.3205214172772,549.4417198395834,2150.2128634513024,-503.24345640900015,-0.23679692137473263,0.23679692137473263
sq_V1_mean,-0.017204479166666627,-0.013518035499398284,0.011915105039996439,0.015680340475123837,-0.0036864436672683423,-0.23633815625758464,0.23633815625758464
morph_V2_t_amplitude_max,0.05524999999999998,0.09453429602888085,0.03142351826260071,0.17027321879963656,-0.039284296028880866,-0.2335198581673138,0.2335198581673138
sq_V3_baseline_drift,5.473884200460317e-05,8.30550947027344e-05,4.238147435874728e-05,0.00012492275231129125,-2.8316252698131224e-05,-0.22919226035824083,0.22919226035824083
morph_V2_saddleback_score_median,0.0015989583333333123,0.011739771359807433,0.0017199727342598092,0.04487833961047589,-0.010140813026474122,-0.22880556451786987,0.22880556451786987
morph_V1_t_peak_value_max,0.05193749999999996,0.06121119133574005,0.02431233933108865,0.04112808623850727,-0.009273691335740089,-0.22731954700476345,0.22731954700476345
st_V3_st_convexity_std,0.0006735081424850125,0.0011882549082053119,0.0004179940852962719,0.0022999556806953263,-0.0005147467657202994,-0.2265327551420969,0.2265327551420969
sq_V2_noise_energy,5.997428362563973e-05,0.00010103751826933064,7.531402106007192e-05,0.00018482966547849267,-4.106323464369091e-05,-0.22449550186019368,0.22449550186019368
morph_V1_t_mean_std,0.007980263548741377,0.010800020923353741,0.00216536309902879,0.012743918040737613,-0.0028197573746123646,-0.22396930673726326,0.22396930673726326
morph_V1_t_amplitude_mean,0.03762636634199131,0.04286994800988053,0.02266532710263342,0.0237136757961194,-0.00524358166788922,-0.22135740711670016,0.22135740711670016
st_V2_j_point_amplitude_std,0.018020454958559324,0.03297284622316406,0.00878234162874947,0.06857661568041772,-0.014952391264604733,-0.22074098395706626,0.22074098395706626
morph_V2_t_mean_max,0.01855681818181815,0.0347102071302379,0.023701306651395217,0.07407440176518751,-0.016153388948419747,-0.22053172304906415,0.22053172304906415
morph_V1_high_takeoff_gt_1mm_mean,0.5611742424242424,0.651074811788339,0.401088922925085,0.40807565151596775,-0.08990056936409663,-0.22039624034185426,0.22039624034185426
st_V1_high_takeoff_gt_1mm_mean,0.5611742424242424,0.651074811788339,0.401088922925085,0.40807565151596775,-0.08990056936409663,-0.22039624034185426,0.22039624034185426
morph_V3_saddleback_score_mean,0.0021860750360749998,0.016511440579920062,0.0016591532389384808,0.066018443580175,-0.014325365543845062,-0.21972305547095888,0.21972305547095888
st_V2_s_amplitude_std,0.0717525631015343,0.09433417601016107,0.04235711089725141,0.10694491157237668,-0.022581612908626772,-0.21338864184008735,0.21338864184008735
st_V1_st_j80_j0_ratio_max,0.7075852135758645,1.1624005963497868,0.24633903104333382,2.1748227059501968,-0.4548153827739223,-0.2117284979510393,0.2117284979510393
sq_II_baseline_drift,2.5446593385313853e-05,3.794686114250551e-05,2.4029818015669826e-05,5.976247606766722e-05,-1.2500267757191655e-05,-0.21136877299369464,0.21136877299369464
sq_V5_snr_proxy,1244.0782465738407,1863.0338005156161,654.8467684414533,2964.9448722917286,-618.9555539417754,-0.21125793608965077,0.21125793608965077
morph_V2_t_polarity_mean,0.36093073593073594,0.19215984549081305,0.7768239276277218,0.8026791221584799,0.16877089043992288,0.21042449300234578,0.21042449300234578
rr_mean_ms,911.3059163059163,879.6460768273353,123.77434356201387,152.1337906923202,31.659839478581034,0.20898085109083223,0.20898085109083223
st_V2_st_j20_std,0.017130351218740077,0.03149535550601269,0.00791302026458969,0.06962226841720671,-0.014365004287272616,-0.20889360083320604,0.20889360083320604
morph_V2_saddleback_score_mean,0.007296730699855659,0.01841094648079774,0.011327545670639266,0.05387505836460939,-0.01111421578094208,-0.2087788096580167,0.2087788096580167
sq_V5_range,1.7232499999999997,1.8851046931407942,0.4791747463086926,0.7888204646821987,-0.16185469314079448,-0.20680594352739634,0.20680594352739634
morph_V1_t_amplitude_median,0.03615624999999999,0.040443140794223814,0.022165548119491625,0.020737533070764307,-0.004286890794223827,-0.2063580793946559,0.2063580793946559
cl_v2v3_st_diff,0.056968749999999985,0.03709025270758122,0.06441690838543478,0.09707024594937728,0.019878497292418765,0.20621688026959373,0.20621688026959373
morph_V3_t_peak_value_min,-0.07937499999999999,-0.06540433212996388,0.060680387070288215,0.06828438396255769,-0.013970667870036105,-0.2051296082939711,0.2051296082939711
morph_V2_t_amplitude_std,0.00840236495002525,0.01771655297717856,0.005211203220239963,0.04597892077698483,-0.00931418802715331,-0.20509457358135488,0.20509457358135488
st_V1_st_j40_j0_ratio_min,0.5254279123511421,0.31314982802395364,0.13181603615113605,1.0631391473915013,0.21227808432718842,0.2021478276398996,0.2021478276398996
st_V2_st_monotonicity_max,0.5113636363636364,0.5713816869051526,0.3047065381316346,0.29689793168436324,-0.06001805054151621,-0.20201734421268372,0.20201734421268372
morph_V3_t_amplitude_median,0.06506249999999995,0.057510830324909716,0.050098301805051274,0.03714364216743137,0.007551669675090238,0.20128088183572412,0.20128088183572412
st_V2_st_convexity_std,0.0009880002251026,0.0014553553087843854,0.0008277662965259608,0.002352073316247274,-0.0004673550836817855,-0.20088788566503687,0.20088788566503687
morph_V1_t_peak_value_min,0.018375,-0.00816425992779784,0.03008815173785189,0.13369306239305584,0.02653925992779784,0.2008814565121688,0.2008814565121688
st_V2_st_slope_j0_j40_mean,-0.00022373579545453934,-0.0006233091564007867,0.00152348443587495,0.002024863291180897,0.00039957336094624736,0.19840107044982297,0.19840107044982297
st_V1_j_point_amplitude_max,0.16631249999999997,0.19179241877256314,0.11472492577356501,0.12880559770556063,-0.02547991877256317,-0.19832445876329013,0.19832445876329013
st_V2_st_j40_std,0.015552913226669175,0.027723742301647456,0.0066636320347625445,0.0627369004104624,-0.012170829074978282,-0.19641455090194382,0.19641455090194382
st_V2_st_j60_std,0.015634779141352088,0.026691759576594774,0.00525785470704035,0.05708064536706546,-0.011056980435242687,-0.19612800899603355,0.19612800899603355
morph_V2_t_amplitude_median,0.04134375,0.04704151624548734,0.026826682583530524,0.029117930422151075,-0.005697766245487339,-0.19604586301115998,0.19604586301115998
st_V1_st_area_above_baseline_median,0.9117500000000001,1.037596119133574,0.5741429074063356,0.6471355289122337,-0.12584611913357402,-0.1949803865735508,0.1949803865735508
morph_V3_saddleback_score_max,0.0033645833333332876,0.04732851985559563,0.0018441619125559926,0.22894823322902413,-0.04396393652226234,-0.19444536488906622,0.19444536488906622
sq_V2_range,1.5745,1.7418339350180507,0.5822654034029499,0.8674854077799986,-0.16733393501805072,-0.19421975237380776,0.19421975237380776
sq_V4_snr_proxy,961.710636367061,1371.8877964821536,535.5471659055706,2159.262336482377,-410.17716011509253,-0.19220567979962405,0.19220567979962405
morph_V2_t_mean_min,-0.007647727272727287,-0.022997671610909546,0.03020138801131358,0.08083506282946284,0.015349944338182259,0.19194565571151606,0.19194565571151606
st_V3_st_convexity_max,0.0038374999999999377,0.004396028880866388,0.0015353643704345752,0.0029441281166751043,-0.0005585288808664505,-0.19144099920439456,0.19144099920439456
st_V1_st_slope_j0_j40_max,-0.0005343749999999624,-0.00010153429602887399,0.00046669340511194693,0.0022949304299752964,-0.00043284070397108844,-0.1908840370410408,0.1908840370410408
st_V2_st_monotonicity_min,0.23863636363636362,0.2904496225795864,0.2608690973465681,0.27362683523713777,-0.05181325894322278,-0.1895710219914472,0.1895710219914472
morph_V2_t_amplitude_min,0.026749999999999986,0.03124729241877253,0.018671502349837853,0.023889019158419095,-0.004497292418772544,-0.18917027745095455,0.18917027745095455
st_V1_rs_ratio_median,-0.9750664665351746,-1.18957989212085,0.646290447551061,1.154189073474297,0.21451342558567543,0.18745464875008608,0.18745464875008608
morph_V1_t_amplitude_max,0.052874999999999964,0.07601985559566786,0.023562085540121444,0.12498135804376147,-0.023144855595667896,-0.18743567766107727,0.18743567766107727
sq_V6_snr_proxy,1666.67691351972,2323.067074542276,1097.5493047840118,3566.605160138532,-656.3901610225557,-0.18613360922819971,0.18613360922819971
st_V3_st_slope_j0_j40_mean,0.00057433576839825,0.0009311783678417815,0.0006056416817773917,0.0019439314293567562,-0.0003568425994435315,-0.18565237368061252,0.18565237368061252
st_V2_st_curvature_sign_max,1.0,0.9350180505415162,0.0,0.35460012008111697,0.06498194945848379,0.18556349106113418,0.18556349106113418
morph_V1_t_inversion_indicator_max,0.0,0.032490974729241874,0.0,0.17730006004055848,-0.032490974729241874,-0.18556349106113404,0.18556349106113404
st_V3_r_amplitude_max,0.7889999999999999,0.6517960288808665,0.4995853280471715,0.7474959599896421,0.1372039711191334,0.1848205606636084,0.1848205606636084
st_V1_st_j60_median,0.07146874999999997,0.08222292418772563,0.04369289800342271,0.058567682681031706,-0.01075417418772566,-0.18463498857680932,0.18463498857680932
sq_aVL_mean,0.005814479166666626,0.0034618742478940926,0.004903229376898728,0.012883986543396852,0.002352604918772533,0.1845615529610065,0.1845615529610065
st_V3_st_convexity_min,0.0016249999999999628,0.0002866425992779599,0.0013131545986668739,0.007368015710818197,0.001338357400722003,0.18385920369798917,0.18385920369798917
morph_V2_t_peak_value_max,0.028749999999999977,0.047332129963898906,0.04006791110102945,0.1026072995489795,-0.01858212996389893,-0.18302807986224912,0.18302807986224912
st_V1_st_j80_j0_ratio_min,0.3216979971251466,-0.012998207582670552,0.21631269564236577,1.8667060533780662,0.33469620470781714,0.18152631363798472,0.18152631363798472
st_V1_st_area_above_baseline_mean,0.9237996482683983,1.0380488498856684,0.5861030403706817,0.6315394700815706,-0.11424920161727004,-0.181217031768282,0.181217031768282
morph_V1_t_amplitude_std,0.00847472941455745,0.013892734259985905,0.0025050446982832477,0.03033183587930261,-0.005418004845428455,-0.18085970045616007,0.18085970045616007
st_V1_st_convexity_max,0.0011749999999999998,0.001607581227436794,0.0015618498647436948,0.0024107117149596968,-0.00043258122743679425,-0.1807430415093259,0.1807430415093259
st_V2_st_slope_j0_j40_median,-0.0002562499999999875,-0.0006298285198555906,0.0016170961628796227,0.002081467681652582,0.00037357851985560307,0.1803648795466076,0.1803648795466076
st_V3_s_amplitude_max,-0.9623125,-0.8758935018050542,0.35251958611366546,0.48195063414045547,-0.0864189981949458,-0.18035104862244894,0.18035104862244894
morph_V3_saddleback_score_median,0.0021093749999999624,0.012477135980746052,0.0016687405716545823,0.05897513641784792,-0.01036776098074609,-0.17801241397605916,0.17801241397605916
morph_V2_t_polarity_std,0.31331106586882335,0.38627273494148623,0.41001190876568355,0.4117938742534465,-0.07296166907266288,-0.1771990005973498,0.1771990005973498
st_V2_st_slope_j20_j80_min,-0.0004208333333333375,-0.0007583032490974596,0.0014143301810790247,0.0019165992373158037,0.00033746991576412205,0.17707771532337446,0.17707771532337446
st_V3_st_monotonicity_mean,0.11343467138921678,0.1476397817237942,0.12259343420893587,0.1947654660474625,-0.034205110334577404,-0.1769483888850564,0.1769483888850564
sq_V6_max,0.98425,1.0658267148014442,0.3570685333377894,0.46522587069773297,-0.08157671480144424,-0.1762465989195718,0.1762465989195718
sq_V4_noise_energy,0.00015109988503897532,0.0002233975377487687,0.00020386116249637468,0.0004155802101663821,-7.229765270979339e-05,-0.17562517859255167,0.17562517859255167
sq_V4_std,0.252851392610549,0.26755284183511924,0.0514609510995055,0.08442479608354979,-0.014701449224570229,-0.17550606742346883,0.17550606742346883
morph_V2_t_peak_value_std,0.017912946903854376,0.026674229813186314,0.006644475974930108,0.05058879868745049,-0.008761282909331938,-0.1753303211149623,0.1753303211149623
sq_V4_rms,0.2606942471682492,0.27607529553016025,0.053263442294377315,0.08868213764838191,-0.015381048361911065,-0.17482792680778725,0.17482792680778725
morph_V1_t_inversion_indicator_std,0.0,0.008773018318337088,0.0,0.05112595100680666,-0.008773018318337088,-0.17375860186129766,0.17375860186129766
st_V1_st_slope_j20_j80_max,-0.0005437499999999875,-0.0003108904933814515,0.0010561308282541902,0.0013558037098343925,-0.000232859506618536,-0.1725915187131711,0.1725915187131711
st_V1_st_monotonicity_median,0.7727272727272727,0.7312110272399082,0.1700753357624519,0.24212883557479759,0.041516245487364545,0.1725479581910766,0.1725479581910766
morph_V3_t_polarity_max,0.0,0.16967509025270758,1.0,0.9855000577106707,-0.16967509025270758,-0.17210848289922792,0.17210848289922792
morph_V2_t_inversion_indicator_median,0.0,0.02707581227436823,0.0,0.1594997980821265,-0.02707581227436823,-0.17189372913570644,0.17189372913570644
morph_V1_high_takeoff_gt_2mm_mean,0.125,0.18288905768731634,0.33071891388307384,0.33724861655656874,-0.057889057687316336,-0.17173245407247464,0.17173245407247464
st_V1_high_takeoff_gt_2mm_mean,0.125,0.18288905768731634,0.33071891388307384,0.33724861655656874,-0.057889057687316336,-0.17173245407247464,0.17173245407247464
st_V3_st_slope_j0_j40_median,0.0005796874999999499,0.0009162003610108109,0.0005721033526328485,0.0019998276276170204,-0.000336512861010861,-0.17021488143717148,0.17021488143717148
st_V1_st_slope_j20_j80_min,-0.0012458333333332874,-0.0015245487364620558,0.0011743718770285637,0.0016505542004440453,0.00027871540312876834,0.16990242957715346,0.16990242957715346
st_V1_high_takeoff_gt_1mm_max,0.75,0.8158844765342961,0.4330127018922193,0.3875783759249911,-0.06588447653429608,-0.16947067210101385,0.16947067210101385
morph_V1_high_takeoff_gt_1mm_max,0.75,0.8158844765342961,0.4330127018922193,0.3875783759249911,-0.06588447653429608,-0.16947067210101385,0.16947067210101385
sq_aVR_mean,-0.03515604166666661,-0.03273636281588444,0.01250178276002345,0.014514404810810082,-0.0024196788507821684,-0.1672434931700751,0.1672434931700751
sq_II_max,0.931875,1.0122129963898918,0.38563889764260034,0.48853113825434935,-0.08033799638989181,-0.16521994395100154,0.16521994395100154
sq_V2_snr_proxy,1627.253889103041,2239.6506048642,1437.463580369449,3748.6297559607224,-612.3967157611589,-0.16511657119276563,0.16511657119276563
sq_V1_baseline_drift,9.604168082008711e-06,2.226543220792546e-05,4.955504061958347e-06,7.766438094849666e-05,-1.2661264125916748e-05,-0.16507124986064248,0.16507124986064248
sq_V1_std,0.13169617049481883,0.1417707476963524,0.03236593424660936,0.06168995737176219,-0.010074577201533569,-0.16479359685807052,0.16479359685807052
morph_V3_saddleback_score_std,0.000621046262062875,0.01281727310027813,0.0004140300764121472,0.07497726751917899,-0.012196226838215255,-0.16471547125630795,0.16471547125630795
morph_V3_t_amplitude_mean,0.06508001893939389,0.05897833863048517,0.051228261193757535,0.03671012488490761,0.006101680308908716,0.16429860041938318,0.16429860041938318
st_V1_s_amplitude_std,0.11030116168014281,0.09985508320272367,0.08336172313029387,0.06369009758471615,0.010446078477419143,0.16258649168498193,0.16258649168498193
sq_V1_rms,0.13320730705297262,0.14314613370323492,0.03294255912739214,0.06198701888223889,-0.0099388266502623,-0.1617793682568788,0.1617793682568788
st_V3_high_takeoff_gt_1mm_std,0.04821182598999186,0.07250042422149064,0.12755650182183886,0.15115675716121435,-0.02428859823149878,-0.1612600112460825,0.1612600112460825
morph_V3_high_takeoff_gt_1mm_std,0.04821182598999186,0.07250042422149064,0.12755650182183886,0.15115675716121435,-0.02428859823149878,-0.1612600112460825,0.1612600112460825
st_V1_st_curvature_sign_std,0.6042705775142598,0.6635107559150392,0.38072809997987156,0.36836469015578316,-0.05924017840077933,-0.16068379496972648,0.16068379496972648
morph_V2_saddleback_score_max,0.02899999999999995,0.06837545126353788,0.05136170076579975,0.24811911837336031,-0.039375451263537926,-0.16060835178556168,0.16060835178556168
st_V1_st_j80_median,0.06078124999999995,0.06995487364620938,0.03236231351336769,0.05849327110921595,-0.009173623646209425,-0.15819559246366383,0.15819559246366383
st_V1_st_j40_j0_ratio_median,0.6664634884003853,0.7280670474339302,0.14363835588073212,0.39423469486593754,-0.061603559033544975,-0.15796459928733875,0.15796459928733875
st_V3_st_monotonicity_max,0.21590909090909088,0.25369215621923197,0.18146272071217398,0.2405759066999488,-0.037783065310141084,-0.1578965862846194,0.1578965862846194
sq_aVR_max,0.25787499999999997,0.2830180505415162,0.1061124845388138,0.16189512705808254,-0.02514305054151622,-0.15641186616758024,0.15641186616758024
st_V3_rs_ratio_median,0.592116052724247,0.8558953923095048,0.4231321877196127,1.7119235941724626,-0.2637793395852578,-0.15590458280889716,0.15590458280889716
st_V2_st_j40_j0_ratio_median,1.0453146286920851,0.926678868687378,0.41962415917898577,0.7708414294785861,0.1186357600047071,0.15526132761446962,0.15526132761446962
st_V1_st_j40_median,0.08928124999999998,0.09967779783393502,0.06425734849756487,0.06710200371353064,-0.010396547833935038,-0.15509574011079216,0.15509574011079216
st_V3_st_j40_j0_ratio_mean,1.3186327434375205,1.5910414986712111,0.9829321427990565,1.7742033267737465,-0.2724087552336907,-0.1548718612095891,0.1548718612095891
sq_V1_noise_energy,2.179705666828019e-05,4.005567823923141e-05,3.2289194321295236e-05,0.00011993977003838709,-1.8258621570951217e-05,-0.1540084937236899,0.1540084937236899
morph_V3_t_amplitude_max,0.08137499999999998,0.08982851985559565,0.05908455276127596,0.055218881976096174,-0.00845351985559567,-0.15281747152190228,0.15281747152190228
sq_I_noise_energy,1.6223957058488724e-05,2.2775787412864473e-05,3.068565405626915e-05,4.349681464493136e-05,-6.551830354375748e-06,-0.15157238475108764,0.15157238475108764
morph_V1_t_polarity_max,1.0,0.9566787003610109,0.0,0.29114577839214373,0.04332129963898912,0.15067099507409498,0.15067099507409498
morph_V2_t_peak_value_min,-0.024874999999999987,-0.048777978339350166,0.048915584173144656,0.16085405066745906,0.023902978339350178,0.15029688823565962,0.15029688823565962
st_V2_j_point_amplitude_min,0.09149999999999997,0.1194476534296029,0.13937584080463875,0.18757984091666227,-0.027947653429602926,-0.1498229851838173,0.1498229851838173
st_V1_j_point_amplitude_min,0.10800000000000001,0.09243862815884477,0.09275033692661175,0.10450039221729895,0.015561371841155247,0.14930450774683765,0.14930450774683765
morph_V1_t_mean_mean,0.027363849124360448,0.02444520246386018,0.020333787531585816,0.01952811412242733,0.0029186466605002695,0.1493032804607956,0.1493032804607956
st_V3_st_j40_j0_ratio_median,1.203848232149224,1.4313126120063502,0.9427620366978682,1.5421774434367719,-0.2274643798571261,-0.1486514883126748,0.1486514883126748
sq_V6_mean,0.038786562499999955,0.04180180806257517,0.01189200320299829,0.02054672228381125,-0.0030152455625752153,-0.1479727433127577,0.1479727433127577
st_V3_st_j40_j0_ratio_min,0.4860770649103194,0.6423455665897657,0.9401352058015854,1.0605835364207674,-0.15626850167944634,-0.14773395648638915,0.14773395648638915
morph_V2_t_inversion_indicator_std,0.06123724356957945,0.04378604446085017,0.16201851746019652,0.11741033792915527,0.017451199108729283,0.14699947251731052,0.14699947251731052
st_V1_rs_ratio_std,0.36911509815529286,2.277115968557617,0.2131634188065346,13.209161175587395,-1.9080008704023241,-0.14626505257663103,0.14626505257663103
st_V3_s_amplitude_median,-1.0553124999999999,-0.9812373646209385,0.3946410899079695,0.5097282406861352,-0.07407513537906141,-0.1460481590374089,0.1460481590374089
morph_V1_high_takeoff_gt_2mm_median,0.125,0.18050541516245489,0.33071891388307384,0.382254046555246,-0.055505415162454885,-0.14565926606430793,0.14565926606430793
st_V1_high_takeoff_gt_2mm_median,0.125,0.18050541516245489,0.33071891388307384,0.382254046555246,-0.055505415162454885,-0.14565926606430793,0.14565926606430793
sq_V6_noise_energy,2.6439449176332253e-05,5.834640696344737e-05,3.321695792034529e-05,0.0002221712643217329,-3.190695778711512e-05,-0.14538282869389432,0.14538282869389432
morph_V1_covedness_score_min,0.0027083333333332875,0.00585860409145605,0.0020433666392065154,0.022022938966698838,-0.0031502707581227626,-0.14483178290897972,0.14483178290897972
st_V1_st_j60_mean,0.07355504599567095,0.08184447387050454,0.044658733160696046,0.05767669218755986,-0.008289427874833596,-0.1444394762593007,0.1444394762593007
st_V3_s_amplitude_std,0.0487941138429732,0.05446436292869018,0.03280987104282381,0.03983057067641522,-0.005670249085716984,-0.14292858997513977,0.14292858997513977
st_V3_rs_ratio_mean,0.5440193014321131,1.0666822312602273,0.4481662686245296,3.7123288231156684,-0.5226629298281142,-0.14253899335930878,0.14253899335930878
st_V1_st_j40_j0_ratio_mean,0.6757840214767645,0.7623247307724401,0.13372944390465175,0.6150272012141007,-0.08654070929567559,-0.14239822585218748,0.14239822585218748
st_V1_r_amplitude_median,-0.582125,-0.6391886281588448,0.3866209788022373,0.401859137684284,0.057063628158844804,0.14212992141881772,0.14212992141881772
st_V3_st_j40_j0_ratio_max,2.460800071934054,3.3168003277565132,1.6065807479487724,6.160835013816978,-0.8560002558224591,-0.14057199233782877,0.14057199233782877
morph_V3_saddleback_score_min,0.001447916666666625,0.006662154031287572,0.0015342940264897896,0.03770995782637642,-0.005214237364620947,-0.140011694174686,0.140011694174686
sq_V3_noise_energy,0.0001894308024803302,0.00015361926125279597,0.00033201144633629014,0.00025405263383177873,3.581154122753421e-05,0.13974300161717135,0.13974300161717135
morph_V2_saddleback_score_std,0.0097922141599596,0.020961019036944615,0.018683310577031462,0.08108268629113746,-0.011168804876985015,-0.13938788775041783,0.13938788775041783
st_V2_st_slope_j20_j80_max,0.0004749999999999876,0.0007849578820697809,0.00134587848221478,0.0022716225746747427,-0.0003099578820697933,-0.13755630911960806,0.13755630911960806
st_V3_st_curvature_sign_max,1.0,0.9638989169675091,0.0,0.266268431979578,0.03610108303249093,0.13729010174630438,0.13729010174630438
st_V1_st_j40_mean,0.09039465638528135,0.09923295149290028,0.06636501865745627,0.06489490673970104,-0.008838295107618924,-0.13611685818637867,0.13611685818637867
st_V1_rs_ratio_min,-1.6379544826701538,-7.990514725876646,0.9677455663727859,47.55258368470965,6.352560243206492,0.1352729837700545,0.1352729837700545
st_V3_s_amplitude_mean,-1.0437364042207793,-0.9758139913759203,0.3883129965192849,0.5062868786573007,-0.067922412844859,-0.13484637414406594,0.13484637414406594
st_V2_st_convexity_mean,0.001525511363636325,0.0018878030056393414,0.000920444997477874,0.0027284234974588907,-0.00036229164200301633,-0.1342639232131247,0.1342639232131247
st_V3_st_slope_j20_j80_min,0.0007312499999999667,0.0009486161251503979,0.0006592523911809276,0.0016373930643510013,-0.00021736612515043112,-0.1341487565701109,0.1341487565701109
st_V1_rs_ratio_mean,-1.0573786597637282,-1.7283880204466635,0.6836576674738379,5.109354548286806,0.6710093606829353,0.132954375628829,0.132954375628829
st_V2_st_monotonicity_mean,0.3816779811097992,0.4202145848166371,0.2841848202599395,0.2907946275037267,-0.03853660370683787,-0.13259544066526185,0.13259544066526185
sq_aVL_baseline_drift,3.0105148550522666e-06,1.3887912681323156e-05,3.3064573227646734e-06,8.353725200598796e-05,-1.087739782627089e-05,-0.13184840385526148,0.13184840385526148
sq_aVR_std,0.12812038508663226,0.1328168710575,0.02927823217123066,0.03582886623497638,-0.0046964859708677476,-0.13162300920890405,0.13162300920890405
morph_V1_saddleback_score_max,0.07249999999999997,0.08776143200962691,0.09534658998738359,0.1170620295921669,-0.015261432009626943,-0.13091659627430313,0.13091659627430313
sq_III_mean,0.013045312499999951,0.015825478339350156,0.011115138403333565,0.021475550572967506,-0.002780165839350205,-0.13064558804904242,0.13064558804904242
sq_aVR_baseline_drift,1.6289965599143635e-05,2.1355524455184492e-05,1.5099459946924259e-05,3.930172537304943e-05,-5.0655588560408576e-06,-0.13026958598453145,0.13026958598453145
cl_n_leads_coved_v1v3,0.0,0.021660649819494584,0.0,0.16855765386178703,-0.021660649819494584,-0.13012528098527132,0.13012528098527132
st_V1_st_j20_mean,0.11456470508658004,0.12573074083308006,0.08827140217544996,0.08597784188617806,-0.01116603574650002,-0.12978433711242351,0.12978433711242351
st_V1_st_j20_median,0.1150625,0.1268682310469314,0.08829697315735122,0.09103756743166205,-0.011805731046931403,-0.12977498632707601,0.12977498632707601
st_V2_st_j40_j0_ratio_std,0.3514116200905753,0.2807287096764543,0.4105429980321346,0.5558492497583649,0.070682910414121,0.12788286208293878,0.12788286208293878
st_V1_st_j80_min,0.04399999999999999,0.03600541516245487,0.028720637179561317,0.06340003194083105,0.007994584837545123,0.1273555436282417,0.1273555436282417
morph_V1_saddleback_score_std,0.021336011369092266,0.025418725284994198,0.030272153929024354,0.032311073200010386,-0.004082713915901932,-0.1265479282780976,0.1265479282780976
morph_V1_t_mean_median,0.02659659090909085,0.024165475137548527,0.020006664533969522,0.01928267187011461,0.002431115771542324,0.12595862585469036,0.12595862585469036
st_V1_st_j80_mean,0.06221670725108221,0.06949336308079018,0.03327581691668875,0.05866967585917495,-0.007276655829707976,-0.12508129783608657,0.12508129783608657
morph_V1_saddleback_score_mean,0.02368538059163054,0.03152398130131375,0.025425262550394737,0.06428812758645941,-0.007838600709683213,-0.12322156802179617,0.12322156802179617
st_V2_st_convexity_median,0.0017437499999999623,0.0020638989169674805,0.0008970219827295111,0.002642251794537906,-0.0003201489169675181,-0.12251314553044426,0.12251314553044426
st_V2_st_j20_min,0.087,0.10887545126353788,0.11778316942585643,0.18267778495419495,-0.02187545126353789,-0.1206236479496061,0.1206236479496061
st_V3_st_j40_j0_ratio_std,0.5931583253824657,0.7884706470258455,0.42547453876455005,1.653463713813819,-0.19531232164337975,-0.11951138671266971,0.11951138671266971
sq_V6_baseline_drift,2.2163552765022927e-05,4.065782535160533e-05,2.2460571798399697e-05,0.00015672303959095903,-1.8494272586582405e-05,-0.11946206009230989,0.11946206009230989
morph_V1_t_peak_value_mean,0.035338866341991314,0.03173525529805781,0.024710878625293344,0.030703989763333158,0.0036036110439335023,0.11788092521556377,0.11788092521556377
sq_V2_baseline_drift,4.5930013383108955e-05,8.011661405795394e-05,3.6131211645779275e-05,0.0002985782416006958,-3.418660067484499e-05,-0.1159193152588384,0.1159193152588384
st_V2_rs_ratio_std,0.19339966803840758,1.0247353562123085,0.07019043908814905,7.368203638227476,-0.8313356881739009,-0.11424915099079672,0.11424915099079672
st_V2_st_j80_j0_ratio_median,1.190805090126149,1.386589978051706,0.8019741681457241,1.7451069752686201,-0.19578488792555682,-0.11330153282412239,0.11330153282412239
st_V1_s_amplitude_mean,-0.5808856737012987,-0.6182302729668865,0.20312963641024726,0.33389045671792267,0.03734459926558775,0.1127284711886058,0.1127284711886058
sq_aVR_rms,0.13301385358194542,0.13718680173243736,0.03117057180976074,0.03723100483519922,-0.004172948150491934,-0.11249947603024615,0.11249947603024615
sq_V3_max,0.906,0.9602635379061372,0.4259395497015979,0.4845201495429421,-0.05426353790613714,-0.11231040080051902,0.11231040080051902
morph_V1_saddleback_score_median,0.01624999999999995,0.023274217809867603,0.016744609414508428,0.0633782816098178,-0.007024217809867655,-0.11212749011702527,0.11212749011702527
st_V1_s_amplitude_max,-0.41762499999999997,-0.451528880866426,0.18648119040535965,0.3075437967046764,0.03390388086642604,0.11111319115833942,0.11111319115833942
morph_V2_t_polarity_max,0.75,0.6678700361010831,0.6614378277661477,0.7442779150816838,0.08212996389891691,0.11063653064645401,0.11063653064645401
st_V1_r_amplitude_mean,-0.5878332115800866,-0.6316989384565824,0.38317306594335615,0.39695931528910666,0.043865726876495814,0.11059773649533122,0.11059773649533122
st_V2_st_convexity_min,-0.00018750000000001253,-0.0009974729241877282,0.0020654524322772116,0.007411847339125957,0.0008099729241877157,0.11054916114076804,0.11054916114076804
st_V2_rs_ratio_mean,-0.4679547209837383,-0.06365046907566416,0.4301581367722795,3.751600495745126,-0.4043042519080742,-0.1091083550433691,0.1091083550433691
sq_aVR_range,1.00375,1.038173285198556,0.2506844380890046,0.31845804988887777,-0.034423285198555975,-0.1086057039819893,0.1086057039819893
sq_V4_min,-0.70125,-0.7418194945848374,0.29652898256325644,0.37863220952432886,0.040569494584837384,0.10766358948951457,0.10766358948951457
morph_V1_t_inversion_indicator_mean,0.0,0.006637325770899778,0.0,0.0624695362616568,-0.006637325770899778,-0.10758792431373729,0.10758792431373729
st_V3_st_monotonicity_median,0.1193181818181818,0.14095831965868064,0.13043454867328405,0.20267569141713862,-0.02164013784049884,-0.10755433850135655,0.10755433850135655
st_V2_rs_ratio_max,-0.1918457230942798,3.211659149648205,0.38620290562364573,32.28583414959266,-3.403504872742485,-0.10674615825239968,0.10674615825239968
st_V1_high_takeoff_gt_2mm_min,0.125,0.09386281588447654,0.33071891388307384,0.2916377679223207,0.031137184115523464,0.10639102615139862,0.10639102615139862
morph_V1_high_takeoff_gt_2mm_min,0.125,0.09386281588447654,0.33071891388307384,0.2916377679223207,0.031137184115523464,0.10639102615139862,0.10639102615139862
st_V1_j_point_confidence_min,1.0,0.9891696750902527,0.0,0.10350376308181551,0.010830324909747335,0.1059556262396257,0.1059556262396257
sq_V5_noise_energy,5.738459361713623e-05,0.00018430925243842242,6.070873404917013e-05,0.0012155177102687394,-0.0001269246588212862,-0.1057327804300344,0.1057327804300344
st_V1_s_amplitude_median,-0.58640625,-0.6218384476534295,0.20710108256220558,0.3395363448165466,0.03543219765342953,0.10517466434779457,0.10517466434779457
st_V1_st_j20_min,0.0895625,0.08070036101083032,0.0841113241112634,0.08511646576046249,0.008862138989169682,0.1041480439820182,0.1041480439820182
st_V3_st_j80_j0_ratio_min,1.3674562935444405,1.5401414309982493,1.4991872020003068,1.6767249893494023,-0.17268513745380876,-0.10324594823442446,0.10324594823442446
st_V2_r_amplitude_median,-0.3835625,-0.45821931407942235,0.5133442398564048,0.7294185811777758,0.07465681407942237,0.10299604125801376,0.10299604125801376
morph_V3_t_polarity_min,-0.75,-0.6750902527075813,0.6614378277661477,0.7377351494264146,-0.07490974729241873,-0.10178738263212718,0.10178738263212718
sq_aVF_noise_energy,4.872524539157707e-05,5.660769819477913e-05,6.348942698207784e-05,7.889958676083293e-05,-7.882452803202055e-06,-0.10034325098879983,0.10034325098879983
st_V3_rs_ratio_min,0.23066246488983755,0.3830258016217396,0.5256139357465096,1.5434470091249848,-0.15236333673190205,-0.09981358873564973,0.09981358873564973
st_V2_rs_ratio_median,-0.4287325427848053,-0.24208032099366117,0.43992048483738194,1.9185327599612438,-0.18665222179114416,-0.0984494386854632,0.0984494386854632
sq_V4_baseline_drift,6.584989680505817e-05,8.235975935221932e-05,0.00010231178144998408,0.00016969106684158172,-1.650986254716115e-05,-0.09806866637240726,0.09806866637240726
st_V3_s_amplitude_min,-1.108625,-1.0575992779783394,0.41722871051139326,0.5286852981462725,-0.05102572202166056,-0.0969677650415704,0.0969677650415704
st_V2_st_j80_min,0.09212499999999998,0.10986101083032489,0.08927056835822206,0.18744473937936984,-0.017736010830324903,-0.09553792361197201,0.09553792361197201
st_V2_st_monotonicity_median,0.38636363636363635,0.41467016737774864,0.28747978728803447,0.29885045337247007,-0.02830653101411229,-0.09480561230742211,0.09480561230742211
morph_V3_t_polarity_std,0.34784289906124494,0.3115788098699842,0.4515434313340184,0.3837378250696902,0.03626408919126073,0.09405591160393553,0.09405591160393553
st_V1_st_convexity_min,-0.0021749999999999747,-0.0024833935018050203,0.002860397699621515,0.003314514415818002,0.00030839350180504555,0.09333845565485925,0.09333845565485925
st_V1_j_point_confidence_mean,1.0,0.9939395919434142,0.0,0.06648091871419884,0.006060408056585809,0.0923088905298797,0.0923088905298797
st_V2_st_j80_j0_ratio_mean,1.2919172058139146,1.4516601839868788,0.9203730362662276,1.746486626343509,-0.15974297817296423,-0.09229349282607029,0.09229349282607029
sq_V3_min,-1.1235,-1.0751444043321299,0.4491625540937267,0.5304408364298917,-0.048355595667870066,-0.09148187068676975,0.09148187068676975
morph_V3_t_inversion_indicator_max,0.375,0.33212996389891697,0.4841229182759271,0.470977335950915,0.04287003610108303,0.09095991341302864,0.09095991341302864
st_V1_j_point_amplitude_median,0.1349375,0.14402527075812274,0.10298609963849491,0.10013920271779465,-0.009087770758122754,-0.09068672480040149,0.09068672480040149
st_V3_rs_ratio_max,0.7618044694500612,3.548622096410491,0.39834706322648894,31.13478651286436,-2.78681762696043,-0.09063593762819645,0.09063593762819645
morph_V2_t_inversion_indicator_mean,0.05,0.03724939968834638,0.13228756555322954,0.14198407223712883,0.01275060031165362,0.08994990998094389,0.08994990998094389
sq_V4_mean,0.06008374999999998,0.06330603188928997,0.024624612574504483,0.036910260072054876,-0.0032222818892899963,-0.08790581048697396,0.08790581048697396
morph_V1_t_peak_value_median,0.03518749999999998,0.03253880866425991,0.022781828696353562,0.03041683312854723,0.0026486913357400693,0.08755647619454116,0.08755647619454116
st_V3_st_slope_j0_j40_min,0.00024062499999993748,0.0004162454873646065,0.0007090858441507242,0.002033438335234586,-0.00017562048736466902,-0.08732009121646855,0.08732009121646855
st_V3_rs_ratio_std,0.16445113299293881,0.887655497485237,0.07163788980747264,8.430032377565952,-0.7232043644922982,-0.08687005066205983,0.08687005066205983
morph_V2_t_inversion_indicator_min,0.0,0.007220216606498195,0.0,0.08466454440114494,-0.007220216606498195,-0.08635496801376723,0.08635496801376723
cl_n_leads_saddleback_v1v3,0.0,0.007220216606498195,0.0,0.08466454440114494,-0.007220216606498195,-0.08635496801376723,0.08635496801376723
morph_V1_second_hump_present_max,0.0,0.007220216606498195,0.0,0.08466454440114494,-0.007220216606498195,-0.08635496801376723,0.08635496801376723
st_V1_j_point_confidence_std,0.0,0.003401261209257522,0.0,0.03990486661894444,-0.003401261209257522,-0.08630834705803489,0.08630834705803489
st_V2_s_amplitude_max,-0.8195,-0.7756299638989171,0.25669181424424115,0.5199731432987518,-0.043870036101082865,-0.0851702109416465,0.0851702109416465
morph_V1_second_hump_present_std,0.0,0.0025191541177335,0.0,0.029997237836683583,-0.0025191541177335,-0.08503782582772268,0.08503782582772268
morph_V2_saddleback_score_min,0.00101041666666665,0.003310168471720808,0.001417547214087275,0.027955592146510343,-0.002299751805054158,-0.083298424877016,0.083298424877016
sq_V5_max,1.36625,1.411996389891697,0.47339142102492726,0.5525139166987669,-0.04574638989169699,-0.08307044089027815,0.08307044089027815
morph_V3_t_inversion_indicator_std,0.08879073791551811,0.10268074051815382,0.15624379420560908,0.1679928104475858,-0.013890002602635704,-0.08282050251428458,0.08282050251428458
st_V3_st_convexity_mean,0.0028016179653679125,0.0025490348578032186,0.0013162705828893512,0.0031027537410445345,0.00025258310756469393,0.08224448338416078,0.08224448338416078
sq_I_baseline_drift,1.111757271013872e-05,1.862972285275985e-05,1.2436400589932964e-05,9.459337714498524e-05,-7.512150142621131e-06,-0.08039833074065658,0.08039833074065658
morph_V1_second_hump_present_mean,0.0,0.0011017863003422565,0.0,0.013942451434062086,-0.0011017863003422565,-0.08001969733562896,0.08001969733562896
morph_V1_t_amplitude_min,0.024312499999999987,0.025675090252707557,0.02223726812695301,0.017031215567076107,-0.0013625902527075705,-0.07931707947794164,0.07931707947794164
morph_V2_t_polarity_median,0.25,0.17328519855595667,0.9682458365518543,0.9830371974946693,0.07671480144404333,0.0780673956690916,0.0780673956690916
st_V2_st_j60_min,0.08737499999999998,0.10037906137184116,0.0883691652953676,0.16992541046335782,-0.01300406137184118,-0.07722803540419747,0.07722803540419747
morph_V1_second_hump_amplitude_n_valid,0.0,0.01444043321299639,0.0,0.1894533106628437,-0.01444043321299639,-0.07718211941592582,0.07718211941592582
morph_V1_trough_depth_between_humps_n_valid,0.0,0.01444043321299639,0.0,0.1894533106628437,-0.01444043321299639,-0.07718211941592582,0.07718211941592582
st_V3_st_convexity_median,0.0028687499999999503,0.0026433212996389436,0.0014113241787413577,0.002978487940719577,0.00022542870036100678,0.07642210816672462,0.07642210816672462
sq_V5_mean,0.05277635416666662,0.05505765643802644,0.015792328641234664,0.0305006647093007,-0.0022813022713598155,-0.07548154102288503,0.07548154102288503
sq_aVL_snr_proxy,546.6236639390813,655.9321529893559,541.6381433976848,1484.1632279073058,-109.3084890502746,-0.07445238931961715,0.07445238931961715
st_V3_st_j80_j0_ratio_max,6.187234250568827,6.820747025725341,4.335447947104783,8.755834905217082,-0.6335127751565137,-0.07303825933654583,0.07303825933654583
st_V1_st_slope_j0_j40_min,-0.00186562499999995,-0.0020546028880866125,0.0015438353974355828,0.0026113192623567778,0.00018897788808666248,0.07295804732589378,0.07295804732589378
st_V1_r_amplitude_min,-0.7238749999999999,-0.7541028880866425,0.39476335870366697,0.4207474152368402,0.030227888086642563,0.07194990530316794,0.07194990530316794
sq_aVR_snr_proxy,2131.384788004389,1894.426617336563,2020.8197804395595,3325.8182947959326,236.95817066782615,0.07181050948780855,0.07181050948780855
morph_V3_t_mean_min,-0.0426022727272727,-0.03930796697580513,0.04153099105457521,0.04621044657690266,-0.003294305751467566,-0.07145932833232675,0.07145932833232675
morph_V1_t_mean_max,0.04255113636363633,0.04470030481451957,0.022604342968171574,0.03229573996736885,-0.0021491684508832404,-0.0669703471448094,0.0669703471448094
st_V1_st_j60_min,0.052187499999999984,0.04815342960288806,0.03878944564891331,0.06104683144137824,0.0040340703971119204,0.0665743282721256,0.0665743282721256
st_V2_st_j80_j0_ratio_max,2.8415348651473313,2.5829825683300642,2.821813389675586,3.91722590023681,0.2585522968172671,0.0664001761253034,0.0664001761253034
st_V2_st_j40_min,0.08937499999999995,0.10058844765342957,0.0991406040681617,0.17055516256229708,-0.011213447653429617,-0.06629183224071603,0.06629183224071603
sq_V5_baseline_drift,4.673439539145926e-05,0.0001633878252571945,6.038955897011458e-05,0.0018183188738583878,-0.00011665342986573525,-0.06496210183255219,0.06496210183255219
st_V1_st_j40_min,0.06712499999999998,0.06268772563176893,0.057865009936921306,0.06859002196294874,0.004437274368231048,0.0649245980167871,0.0649245980167871
sq_V1_min,-0.896125,-0.8672093862815884,0.2868211278392859,0.45513653228079903,-0.02891561371841156,-0.06401078721683928,0.06401078721683928
sq_I_max,0.5825,0.5660505415162455,0.2258888000764978,0.2604832588314952,0.016449458483754564,0.06334434076895401,0.06334434076895401
sq_I_min,-0.222375,-0.2357364620938628,0.10278489371011676,0.21460081119394808,0.013361462093862797,0.06286393574324914,0.06286393574324914
st_V1_j_point_confidence_median,1.0,0.9963898916967509,0.0,0.05997562355897527,0.0036101083032491488,0.0609514631929745,0.0609514631929745
st_V1_j_point_confidence_max,1.0,0.9963898916967509,0.0,0.05997562355897527,0.0036101083032491488,0.0609514631929745,0.0609514631929745
morph_V2_second_hump_present_std,0.0,0.0011345475831312432,0.0,0.018848520055308026,-0.0011345475831312432,-0.060951463192973634,0.060951463192973634
morph_V2_trough_depth_between_humps_n_valid,0.0,0.0036101083032490976,0.0,0.05997562355897527,-0.0036101083032490976,-0.060951463192973634,0.060951463192973634
morph_V2_second_hump_amplitude_n_valid,0.0,0.0036101083032490976,0.0,0.05997562355897527,-0.0036101083032490976,-0.060951463192973634,0.060951463192973634
morph_V2_second_hump_present_mean,0.0,0.00040112314480545525,0.0,0.006663958173219474,-0.00040112314480545525,-0.060951463192973634,0.060951463192973634
morph_V1_t_inversion_indicator_min,0.0,0.0036101083032490976,0.0,0.05997562355897527,-0.0036101083032490976,-0.060951463192973634,0.060951463192973634
morph_V2_second_hump_present_max,0.0,0.0036101083032490976,0.0,0.05997562355897527,-0.0036101083032490976,-0.060951463192973634,0.060951463192973634
morph_V1_t_inversion_indicator_median,0.0,0.0036101083032490976,0.0,0.05997562355897527,-0.0036101083032490976,-0.060951463192973634,0.060951463192973634
morph_V3_t_polarity_median,-0.375,-0.3176895306859206,0.8569568250501305,0.9424664647523604,-0.057310469314079404,-0.06093972436094067,0.06093972436094067
st_V1_rs_ratio_max,-0.5536387031432011,0.6084605122400337,0.4792175165171052,19.84407510707568,-1.1620992153832348,-0.059299060241669144,0.059299060241669144
st_V3_st_j80_j0_ratio_std,1.4625168334070182,1.598533057357174,1.236058519288299,2.384923686737288,-0.1360162239501559,-0.05755466961111231,0.05755466961111231
morph_V2_t_peak_value_median,-0.0019687499999999757,0.001086642599277981,0.048927311758745734,0.054207097879973375,-0.0030553925992779568,-0.05649480298693212,0.05649480298693212
st_V1_j_point_amplitude_mean,0.1372547213203463,0.1423675635282268,0.10547799192594806,0.0953026164508028,-0.005112842207880497,-0.0534998720295982,0.0534998720295982
st_V1_st_slope_j20_j80_median,-0.0008822916666666335,-0.0009543622141997273,0.0010546312999429976,0.0013672822548796695,7.207054753309388e-05,0.05297685346497085,0.05297685346497085
sq_II_mean,0.04147770833333329,0.04025386281588443,0.01821629627439666,0.023354833787181367,0.0012238455174488558,0.05265790554058658,0.05265790554058658
st_V1_r_amplitude_std,0.08118868519891878,0.0839106631405174,0.06332039421569156,0.05260738460410238,-0.002721977941598619,-0.05145657393622155,0.05145657393622155
st_V1_st_slope_j0_j40_mean,-0.0011715016233765877,-0.0010783653008831335,0.0010782717097155654,0.0018433849483500432,-9.313632249345421e-05,-0.05094076683916888,0.05094076683916888
sq_V4_max,1.56,1.529321299638989,0.37450567418932385,0.6134358360296427,0.030678700361010947,0.050403819756933296,0.050403819756933296
morph_V1_saddleback_score_min,0.00416666666666665,0.006680505415162449,0.008779711460710594,0.05087472382325756,-0.002513838748495799,-0.05001612815601741,0.05001612815601741
st_V1_st_slope_j20_j80_mean,-0.0008724666305915758,-0.0009372896292048012,0.0010550756829178383,0.0013188562922458397,6.482299861322539e-05,0.04937123273667442,0.04937123273667442
st_V2_st_monotonicity_std,0.0846772530898562,0.08672263888825396,0.049070773125424454,0.041395701399914095,-0.0020453857983977614,-0.049164824177011866,0.049164824177011866
st_V2_rs_ratio_min,-0.782267530875573,-0.8752073722727564,0.45869548262255094,1.9750468340207867,0.09293984139718336,0.04761747395534155,0.04761747395534155
sq_V1_range,1.13275,1.1603068592057761,0.32953821857259585,0.5842709082994646,-0.02755685920577622,-0.047567375754275075,0.047567375754275075
st_V1_st_j80_j0_ratio_median,0.5067326935793387,0.536004493711711,0.21403507838542793,0.6262043689477647,-0.029271800132372294,-0.04726390121687005,0.04726390121687005
st_V1_r_amplitude_max,-0.4668125,-0.4845234657039711,0.4048039600766647,0.37547773226610937,0.01771096570397107,0.0470747502504382,0.0470747502504382
st_V2_st_j80_j0_ratio_min,0.6711068883328842,0.7164423301309023,1.198540799650039,0.9760826238888999,-0.04533544179801807,-0.04615736451407305,0.04615736451407305
st_V1_st_j80_j0_ratio_mean,0.5074461534019953,0.5483938179210602,0.2104948419464204,0.9005452642567434,-0.04094766451906495,-0.04601099018914784,0.04601099018914784
sq_aVF_mean,0.02693749999999995,0.02792379663056555,0.015002315556226995,0.022155567745284273,-0.0009862966305655974,-0.04481802580044502,0.04481802580044502
st_V3_st_j80_j0_ratio_mean,3.295153803353325,3.4545587099585564,2.175190934289833,3.6970560450793037,-0.1594049066052312,-0.04346965520489579,0.04346965520489579
morph_V2_high_takeoff_gt_1mm_std,0.09642556509887895,0.08922338327557697,0.17242357197651262,0.165598758898726,0.007202181823301984,0.04344658340810155,0.04344658340810155
st_V2_high_takeoff_gt_1mm_std,0.09642556509887895,0.08922338327557697,0.17242357197651262,0.165598758898726,0.007202181823301984,0.04344658340810155,0.04344658340810155
sq_aVR_noise_energy,3.1203920495587054e-05,2.9311900482485986e-05,5.6920125901080086e-05,4.3258058551671356e-05,1.8920200131010683e-06,0.043347630436832506,0.043347630436832506
st_V2_st_slope_j0_j40_max,0.0002968749999999876,0.00021227436823104254,0.00124902696503113,0.001986671078780656,8.460063176894504e-05,0.04290622147512819,0.04290622147512819
st_V1_s_amplitude_min,-0.7525,-0.7684025270758122,0.26961917587590095,0.3766720047512012,0.0159025270758123,0.042475441913213806,0.042475441913213806
morph_V2_t_mean_mean,0.005471662239275851,0.0066677770881036335,0.025559673903221728,0.02872210028078198,-0.0011961148488277822,-0.04175199476925007,0.04175199476925007
morph_V2_t_peak_value_mean,-7.178030303029923e-05,0.002163882890117647,0.04623367078906409,0.05447356812189172,-0.002235663193147946,-0.041183930853285845,0.041183930853285845
st_V3_st_j80_j0_ratio_median,2.98160982835869,3.124278921477907,1.984439094534742,3.5434738747846115,-0.14266909311921738,-0.04060868302761078,0.04060868302761078
st_V1_st_area_above_baseline_min,0.7067187500000001,0.7301074007220217,0.5336022546906427,0.599204345692263,-0.023388650722021675,-0.03913314698948099,0.03913314698948099
st_V2_s_amplitude_median,-0.96903125,-0.9488429602888089,0.34758990378165117,0.5274646605397489,-0.020188289711191132,-0.03854484460782572,0.03854484460782572
st_V1_st_slope_j0_j40_median,-0.0011718749999999624,-0.0011034747292418539,0.0011010426521597862,0.001933641872492973,-6.840027075810857e-05,-0.03567320213250627,0.03567320213250627
morph_V2_t_inversion_indicator_max,0.125,0.1371841155234657,0.33071891388307384,0.34404161662727684,-0.01218411552346571,-0.0354479677848421,0.0354479677848421
st_V2_s_amplitude_min,-1.0605625,-1.080879061371841,0.3992487818938839,0.5793076416526001,0.020316561371841013,0.03530038235707759,0.03530038235707759
sq_V3_snr_proxy,1802.674143034098,1901.7588686944184,1853.7035757257788,2937.4106682554066,-99.08472566032037,-0.03398587380706833,0.03398587380706833
sq_V2_min,-1.117375,-1.1378953068592057,0.4175853019144712,0.6152255961561581,0.020520306859205695,0.033578831655368915,0.033578831655368915
st_V2_r_amplitude_mean,-0.4268082792207792,-0.4504612854948089,0.5087495930355583,0.711816097285646,0.02365300627402972,0.033431971538096225,0.033431971538096225
sq_aVR_min,-0.745875,-0.7551552346570397,0.2807674471426486,0.28442817626695815,0.009280234657039754,0.0326380161580592,0.0326380161580592
st_V2_r_amplitude_max,-0.182625,-0.1597256317689531,0.46090771513937584,0.732147070378836,-0.022899368231046907,-0.03151317364072643,0.03151317364072643
st_V2_s_amplitude_mean,-0.9575064393939394,-0.9427594334952193,0.33892443061551514,0.5234531230341394,-0.014747005898720134,-0.0283771049082633,0.0283771049082633
morph_V2_t_mean_median,0.005505681818181813,0.006249897063543798,0.024537561204522773,0.02755364248403151,-0.0007442152453619845,-0.027079080469388492,0.027079080469388492
morph_V3_t_polarity_mean,-0.33766233766233766,-0.3191081102993902,0.7490647454767676,0.8085999881226442,-0.018554227362947484,-0.02298647055018043,0.02298647055018043
morph_V3_covedness_score_max,0.2534687499999999,0.249955174488568,0.18209414507136365,0.16842640050771734,0.0035135755114319156,0.02081775590808949,0.02081775590808949
st_V2_r_amplitude_std,0.1738917980479632,0.17692717391352195,0.10310526100461785,0.15913994248999808,-0.0030353758655587426,-0.019211991933418687,0.019211991933418687
st_V2_st_slope_j20_j80_median,-3.541666666665409e-05,-5.385078219016489e-06,0.0014279802534231778,0.0017897806047240468,-3.0031588447637603e-05,-0.016855412087321185,0.016855412087321185
sq_II_noise_energy,6.644509565965835e-05,6.500838050315986e-05,0.00010313600806070053,9.177728929356644e-05,1.436715156498492e-06,0.015603723247213397,0.015603723247213397
st_V2_st_j80_j0_ratio_std,0.56922450465184,0.5522320183877153,0.6195407696765006,1.139300663392785,0.01699248626412475,0.01504647475911882,0.01504647475911882
rr_cv,0.04486073558030492,0.04420144579600742,0.040051015844323044,0.04495990237644901,0.0006592897842975023,0.014701534855629764,0.014701534855629764
st_V1_st_convexity_mean,-0.00033842803030302094,-0.00030727330520470797,0.0008731275647700036,0.0021565842845890824,-3.115472509831297e-05,-0.014598064861668661,0.014598064861668661
st_V2_st_slope_j20_j80_mean,-1.6650432900421996e-05,8.555621830455895e-06,0.0013766688692620566,0.0017431516157894009,-2.5206054730877893e-05,-0.014527812764510824,0.014527812764510824
sq_I_rms,0.10285875588375457,0.102315030677626,0.028067899156263534,0.03801900412863853,0.0005437252061285675,0.014382563586210028,0.014382563586210028
sq_V4_range,2.26125,2.2711407942238266,0.4835193248464843,0.7130730756548854,-0.00989079422382666,-0.013964269671681002,0.013964269671681002
st_V1_st_convexity_median,-0.0002562499999999874,-0.00023104693140793642,0.0007795982539102786,0.0021522953882380028,-2.5203068592050967e-05,-0.01183774145338345,0.01183774145338345
sq_I_range,0.804875,0.8017870036101084,0.282990475767295,0.36437704335315996,0.0030879963898916563,0.008516628793899857,0.008516628793899857
st_V2_r_amplitude_min,-0.7221875,-0.7158953068592057,0.5726026074807467,0.7481848358568445,-0.006292193140794322,-0.008453368174635373,0.008453368174635373
st_V3_st_monotonicity_std,0.056250695928569676,0.056640141918103945,0.0380931857249302,0.046558267934887924,-0.0003894459895342692,-0.00839911040529404,0.00839911040529404
sq_V3_range,2.0295,2.035407942238267,0.8372368243215298,0.7237655665448463,-0.005907942238267072,-0.008128860926614712,0.008128860926614712
sq_V1_snr_proxy,2386.3723400266513,2417.492406539733,2275.768556279902,4947.315155965422,-31.120066513081838,-0.006352539465341576,0.006352539465341576
sq_I_std,0.09900351997879593,0.09916777081977672,0.02741060974829683,0.037000435397544336,-0.00016425084098078968,-0.004464139746281394,0.004464139746281394
rr_std_ms,39.8823994763421,39.73679735801797,32.32012080180866,43.059648924839266,0.14560211832413472,0.0033998134166959514,0.0033998134166959514
morph_V2_covedness_score_std,0.041965325792157684,0.04190104184472343,0.04805197848241497,0.03594947906961599,6.428394743425436e-05,0.0017710277295337545,0.0017710277295337545
st_V3_j_point_confidence_median,1.0,1.0,0.0,0.0,0.0,0.0,0.0
morph_V3_second_hump_present_std,0.0,0.0,0.0,0.0,0.0,0.0,0.0
st_V3_j_point_confidence_mean,1.0,1.0,0.0,0.0,0.0,0.0,0.0
morph_V2_second_hump_present_min,0.0,0.0,0.0,0.0,0.0,0.0,0.0
morph_V2_second_hump_present_median,0.0,0.0,0.0,0.0,0.0,0.0,0.0
st_V2_j_point_confidence_max,1.0,1.0,0.0,0.0,0.0,0.0,0.0
st_V2_j_point_confidence_median,1.0,1.0,0.0,0.0,0.0,0.0,0.0
st_V2_j_point_confidence_std,0.0,0.0,0.0,0.0,0.0,0.0,0.0
st_V2_j_point_confidence_min,1.0,1.0,0.0,0.0,0.0,0.0,0.0
st_V2_j_point_confidence_mean,1.0,1.0,0.0,0.0,0.0,0.0,0.0
st_V3_j_point_confidence_min,1.0,1.0,0.0,0.0,0.0,0.0,0.0
st_V3_j_point_confidence_std,0.0,0.0,0.0,0.0,0.0,0.0,0.0
st_V3_j_point_confidence_max,1.0,1.0,0.0,0.0,0.0,0.0,0.0
morph_V1_second_hump_present_min,0.0,0.0,0.0,0.0,0.0,0.0,0.0
morph_V1_second_hump_present_median,0.0,0.0,0.0,0.0,0.0,0.0,0.0
morph_V3_trough_depth_between_humps_n_valid,0.0,0.0,0.0,0.0,0.0,0.0,0.0
morph_V3_second_hump_amplitude_n_valid,0.0,0.0,0.0,0.0,0.0,0.0,0.0
morph_V3_second_hump_present_median,0.0,0.0,0.0,0.0,0.0,0.0,0.0
morph_V3_second_hump_present_mean,0.0,0.0,0.0,0.0,0.0,0.0,0.0
morph_V3_second_hump_present_min,0.0,0.0,0.0,0.0,0.0,0.0,0.0
morph_V3_second_hump_present_max,0.0,0.0,0.0,0.0,0.0,0.0,0.0
