2026-03-24 13:13:22,717 [INFO] src.pipeline — Processing 188981 ...
2026-03-24 13:13:35,431 [INFO] src.pipeline — Processing 251972 ...
2026-03-24 13:13:35,535 [INFO] src.pipeline — Processing 265715 ...
2026-03-24 13:13:35,659 [INFO] src.pipeline — Processing 267628 ...
2026-03-24 13:13:35,863 [INFO] src.pipeline — Processing 267630 ...
2026-03-24 13:13:35,922 [ERROR] src.pipeline — [267630] FAILED: TOO_FEW_RPEAKS: 0
2026-03-24 13:13:35,922 [INFO] src.pipeline — Processing 286830 ...
2026-03-24 13:13:36,017 [INFO] src.pipeline — Processing 287355 ...
2026-03-24 13:13:36,105 [INFO] src.pipeline — Processing 292220 ...
2026-03-24 13:13:36,200 [INFO] src.pipeline — Processing 292666 ...
2026-03-24 13:13:36,353 [INFO] src.pipeline — Processing 304141 ...
2026-03-24 13:13:36,504 [INFO] src.pipeline — Processing 314397 ...
2026-03-24 13:13:36,646 [INFO] src.pipeline — Processing 316872 ...
2026-03-24 13:13:36,793 [INFO] src.pipeline — Processing 317547 ...
2026-03-24 13:13:36,910 [INFO] src.pipeline — Processing 319150 ...
2026-03-24 13:13:36,998 [INFO] src.pipeline — Processing 319221 ...
2026-03-24 13:13:37,097 [INFO] src.pipeline — Processing 325231 ...
2026-03-24 13:13:37,182 [INFO] src.pipeline — Processing 325966 ...
2026-03-24 13:13:37,260 [INFO] src.pipeline — Processing 329034 ...
2026-03-24 13:13:37,364 [INFO] src.pipeline — Processing 329533 ...
2026-03-24 13:13:37,481 [INFO] src.pipeline — Processing 395553 ...
2026-03-24 13:13:37,560 [INFO] src.pipeline — Processing 405298 ...
2026-03-24 13:13:37,662 [INFO] src.pipeline — Processing 406008 ...
2026-03-24 13:13:37,743 [INFO] src.pipeline — Processing 413267 ...
2026-03-24 13:13:37,833 [INFO] src.pipeline — Processing 419510 ...
2026-03-24 13:13:37,902 [INFO] src.pipeline — Processing 419960 ...
2026-03-24 13:13:38,003 [INFO] src.pipeline — Processing 428031 ...
2026-03-24 13:13:38,114 [INFO] src.pipeline — Processing 434996 ...
2026-03-24 13:13:38,249 [INFO] src.pipeline — Processing 438721 ...
2026-03-24 13:13:38,340 [INFO] src.pipeline — Processing 445953 ...
2026-03-24 13:13:38,427 [INFO] src.pipeline — Processing 450733 ...
2026-03-24 13:13:38,511 [INFO] src.pipeline — Processing 460919 ...
2026-03-24 13:13:38,592 [INFO] src.pipeline — Processing 461866 ...
2026-03-24 13:13:38,676 [INFO] src.pipeline — Processing 466796 ...
2026-03-24 13:13:38,754 [INFO] src.pipeline — Processing 471727 ...
2026-03-24 13:13:38,849 [INFO] src.pipeline — Processing 478457 ...
2026-03-24 13:13:38,929 [INFO] src.pipeline — Processing 482516 ...
2026-03-24 13:13:39,028 [INFO] src.pipeline — Processing 482868 ...
2026-03-24 13:13:39,116 [INFO] src.pipeline — Processing 487609 ...
2026-03-24 13:13:39,215 [INFO] src.pipeline — Processing 489539 ...
2026-03-24 13:13:39,293 [INFO] src.pipeline — Processing 505351 ...
2026-03-24 13:13:39,377 [INFO] src.pipeline — Processing 506408 ...
2026-03-24 13:13:39,460 [INFO] src.pipeline — Processing 509648 ...
2026-03-24 13:13:39,545 [INFO] src.pipeline — Processing 516092 ...
2026-03-24 13:13:39,628 [INFO] src.pipeline — Processing 519139 ...
2026-03-24 13:13:39,719 [INFO] src.pipeline — Processing 519687 ...
2026-03-24 13:13:39,809 [INFO] src.pipeline — Processing 532816 ...
2026-03-24 13:13:39,887 [INFO] src.pipeline — Processing 538053 ...
2026-03-24 13:13:39,981 [INFO] src.pipeline — Processing 540736 ...
2026-03-24 13:13:40,145 [INFO] src.pipeline — Processing 548140 ...
2026-03-24 13:13:40,284 [INFO] src.pipeline — Processing 548865 ...
2026-03-24 13:13:40,411 [INFO] src.pipeline — Processing 558967 ...
2026-03-24 13:13:40,556 [INFO] src.pipeline — Processing 571723 ...
2026-03-24 13:13:40,702 [INFO] src.pipeline — Processing 577838 ...
2026-03-24 13:13:40,802 [WARNING] src.pipeline — [577838] PARTIAL: ['BEAT0_V1_J_POINT_LOW_CONFIDENCE', 'BEAT1_V1_J_POINT_LOW_CONFIDENCE', 'BEAT4_V1_J_POINT_LOW_CONFIDENCE', 'BEAT12_V1_J_POINT_LOW_CONFIDENCE', 'BEAT16_V1_J_POINT_LOW_CONFIDENCE']
2026-03-24 13:13:40,802 [INFO] src.pipeline — Processing 580720 ...
2026-03-24 13:13:40,903 [INFO] src.pipeline — Processing 581912 ...
2026-03-24 13:13:40,984 [WARNING] src.pipeline — [581912] PARTIAL: ['BEAT1_V2_J_POINT_LOW_CONFIDENCE']
2026-03-24 13:13:40,985 [INFO] src.pipeline — Processing 592768 ...
2026-03-24 13:13:41,073 [INFO] src.pipeline — Processing 596382 ...
2026-03-24 13:13:41,157 [INFO] src.pipeline — Processing 597251 ...
2026-03-24 13:13:41,251 [INFO] src.pipeline — Processing 613119 ...
2026-03-24 13:13:41,381 [INFO] src.pipeline — Processing 614578 ...
2026-03-24 13:13:41,496 [INFO] src.pipeline — Processing 614707 ...
2026-03-24 13:13:41,590 [INFO] src.pipeline — Processing 622530 ...
2026-03-24 13:13:41,696 [INFO] src.pipeline — Processing 624511 ...
2026-03-24 13:13:41,799 [INFO] src.pipeline — Processing 625190 ...
2026-03-24 13:13:41,907 [INFO] src.pipeline — Processing 641455 ...
2026-03-24 13:13:41,995 [INFO] src.pipeline — Processing 643139 ...
2026-03-24 13:13:42,109 [INFO] src.pipeline — Processing 801261 ...
2026-03-24 13:13:42,251 [INFO] src.pipeline — Processing 806949 ...
2026-03-24 13:13:42,378 [INFO] src.pipeline — Processing 807363 ...
2026-03-24 13:13:42,469 [INFO] src.pipeline — Processing 812209 ...
2026-03-24 13:13:42,558 [INFO] src.pipeline — Processing 812404 ...
2026-03-24 13:13:42,645 [INFO] src.pipeline — Processing 814286 ...
2026-03-24 13:13:42,765 [INFO] src.pipeline — Processing 816929 ...
2026-03-24 13:13:42,968 [INFO] src.pipeline — Processing 819710 ...
2026-03-24 13:13:43,147 [INFO] src.pipeline — Processing 821478 ...
2026-03-24 13:13:43,283 [INFO] src.pipeline — Processing 822108 ...
2026-03-24 13:13:43,379 [INFO] src.pipeline — Processing 822756 ...
2026-03-24 13:13:43,471 [INFO] src.pipeline — Processing 829768 ...
2026-03-24 13:13:43,546 [INFO] src.pipeline — Processing 830179 ...
2026-03-24 13:13:43,642 [INFO] src.pipeline — Processing 841212 ...
2026-03-24 13:13:43,757 [INFO] src.pipeline — Processing 841869 ...
2026-03-24 13:13:43,843 [INFO] src.pipeline — Processing 844915 ...
2026-03-24 13:13:43,921 [INFO] src.pipeline — Processing 849168 ...
2026-03-24 13:13:44,016 [INFO] src.pipeline — Processing 852786 ...
2026-03-24 13:13:44,186 [INFO] src.pipeline — Processing 855592 ...
2026-03-24 13:13:44,284 [INFO] src.pipeline — Processing 865998 ...
2026-03-24 13:13:44,382 [INFO] src.pipeline — Processing 866721 ...
2026-03-24 13:13:44,541 [INFO] src.pipeline — Processing 873255 ...
2026-03-24 13:13:44,668 [INFO] src.pipeline — Processing 878765 ...
2026-03-24 13:13:44,757 [INFO] src.pipeline — Processing 887465 ...
2026-03-24 13:13:44,831 [INFO] src.pipeline — Processing 891754 ...
2026-03-24 13:13:44,908 [INFO] src.pipeline — Processing 894725 ...
2026-03-24 13:13:44,990 [INFO] src.pipeline — Processing 898726 ...
2026-03-24 13:13:45,127 [INFO] src.pipeline — Processing 903442 ...
2026-03-24 13:13:45,290 [INFO] src.pipeline — Processing 903802 ...
2026-03-24 13:13:45,436 [WARNING] src.pipeline — [903802] PARTIAL: ['BEAT9_V2_J_POINT_LOW_CONFIDENCE']
2026-03-24 13:13:45,438 [INFO] src.pipeline — Processing 907736 ...
2026-03-24 13:13:45,587 [INFO] src.pipeline — Processing 913169 ...
2026-03-24 13:13:45,687 [INFO] src.pipeline — Processing 918062 ...
2026-03-24 13:13:45,782 [INFO] src.pipeline — Processing 920037 ...
2026-03-24 13:13:45,878 [INFO] src.pipeline — Processing 921230 ...
2026-03-24 13:13:45,956 [INFO] src.pipeline — Processing 930107 ...
2026-03-24 13:13:46,036 [INFO] src.pipeline — Processing 935156 ...
2026-03-24 13:13:46,119 [INFO] src.pipeline — Processing 938838 ...
2026-03-24 13:13:46,201 [INFO] src.pipeline — Processing 939546 ...
2026-03-24 13:13:46,297 [INFO] src.pipeline — Processing 945345 ...
2026-03-24 13:13:46,378 [INFO] src.pipeline — Processing 952177 ...
2026-03-24 13:13:46,485 [INFO] src.pipeline — Processing 952641 ...
2026-03-24 13:13:46,579 [INFO] src.pipeline — Processing 953976 ...
2026-03-24 13:13:46,656 [INFO] src.pipeline — Processing 958460 ...
2026-03-24 13:13:46,749 [INFO] src.pipeline — Processing 958703 ...
2026-03-24 13:13:46,836 [INFO] src.pipeline — Processing 959843 ...
2026-03-24 13:13:46,928 [INFO] src.pipeline — Processing 960432 ...
2026-03-24 13:13:47,010 [INFO] src.pipeline — Processing 962566 ...
2026-03-24 13:13:47,109 [INFO] src.pipeline — Processing 964469 ...
2026-03-24 13:13:47,232 [INFO] src.pipeline — Processing 965217 ...
2026-03-24 13:13:47,472 [INFO] src.pipeline — Processing 967547 ...
2026-03-24 13:13:47,667 [INFO] src.pipeline — Processing 968556 ...
2026-03-24 13:13:47,865 [INFO] src.pipeline — Processing 969321 ...
2026-03-24 13:13:48,017 [INFO] src.pipeline — Processing 970649 ...
2026-03-24 13:13:48,119 [INFO] src.pipeline — Processing 972048 ...
2026-03-24 13:13:48,203 [INFO] src.pipeline — Processing 972330 ...
2026-03-24 13:13:48,290 [INFO] src.pipeline — Processing 972781 ...
2026-03-24 13:13:48,376 [INFO] src.pipeline — Processing 980284 ...
2026-03-24 13:13:48,469 [INFO] src.pipeline — Processing 982732 ...
2026-03-24 13:13:48,556 [INFO] src.pipeline — Processing 985814 ...
2026-03-24 13:13:48,650 [INFO] src.pipeline — Processing 991528 ...
2026-03-24 13:13:48,780 [INFO] src.pipeline — Processing 994065 ...
2026-03-24 13:13:48,923 [INFO] src.pipeline — Processing 994217 ...
2026-03-24 13:13:49,008 [INFO] src.pipeline — Processing 994515 ...
2026-03-24 13:13:49,091 [INFO] src.pipeline — Processing 998036 ...
2026-03-24 13:13:49,169 [INFO] src.pipeline — Processing 999474 ...
2026-03-24 13:13:49,269 [INFO] src.pipeline — Processing 1009874 ...
2026-03-24 13:13:49,390 [INFO] src.pipeline — Processing 1013884 ...
2026-03-24 13:13:49,495 [INFO] src.pipeline — Processing 1023925 ...
2026-03-24 13:13:49,617 [INFO] src.pipeline — Processing 1036640 ...
2026-03-24 13:13:49,715 [INFO] src.pipeline — Processing 1041375 ...
2026-03-24 13:13:49,819 [INFO] src.pipeline — Processing 1053511 ...
2026-03-24 13:13:49,901 [INFO] src.pipeline — Processing 1054733 ...
2026-03-24 13:13:49,982 [INFO] src.pipeline — Processing 1058085 ...
2026-03-24 13:13:50,073 [INFO] src.pipeline — Processing 1058605 ...
2026-03-24 13:13:50,151 [INFO] src.pipeline — Processing 1061898 ...
2026-03-24 13:13:50,234 [INFO] src.pipeline — Processing 1063368 ...
2026-03-24 13:13:50,317 [INFO] src.pipeline — Processing 1073253 ...
2026-03-24 13:13:50,414 [INFO] src.pipeline — Processing 1074787 ...
2026-03-24 13:13:50,497 [INFO] src.pipeline — Processing 1080968 ...
2026-03-24 13:13:50,593 [INFO] src.pipeline — Processing 1081032 ...
2026-03-24 13:13:50,685 [INFO] src.pipeline — Processing 1081338 ...
2026-03-24 13:13:50,763 [INFO] src.pipeline — Processing 1084994 ...
2026-03-24 13:13:50,839 [INFO] src.pipeline — Processing 1085203 ...
2026-03-24 13:13:50,915 [INFO] src.pipeline — Processing 1087704 ...
2026-03-24 13:13:51,016 [INFO] src.pipeline — Processing 1088175 ...
2026-03-24 13:13:51,094 [INFO] src.pipeline — Processing 1088261 ...
2026-03-24 13:13:51,172 [INFO] src.pipeline — Processing 1088796 ...
2026-03-24 13:13:51,251 [INFO] src.pipeline — Processing 1092237 ...
2026-03-24 13:13:51,328 [WARNING] src.pipeline — [1092237] PARTIAL: ['BEAT0_V1_J_POINT_LOW_CONFIDENCE', 'BEAT1_V1_J_POINT_LOW_CONFIDENCE', 'BEAT2_V1_J_POINT_LOW_CONFIDENCE', 'BEAT3_V1_J_POINT_LOW_CONFIDENCE', 'BEAT4_V1_J_POINT_LOW_CONFIDENCE', 'BEAT5_V1_J_POINT_LOW_CONFIDENCE', 'BEAT6_V1_J_POINT_LOW_CONFIDENCE', 'BEAT7_V1_J_POINT_LOW_CONFIDENCE', 'BEAT8_V1_J_POINT_LOW_CONFIDENCE']
2026-03-24 13:13:51,329 [INFO] src.pipeline — Processing 1093224 ...
2026-03-24 13:13:51,419 [INFO] src.pipeline — Processing 1096625 ...
2026-03-24 13:13:51,507 [INFO] src.pipeline — Processing 1097714 ...
2026-03-24 13:13:51,590 [INFO] src.pipeline — Processing 1098314 ...
2026-03-24 13:13:51,670 [INFO] src.pipeline — Processing 1099262 ...
2026-03-24 13:13:51,754 [INFO] src.pipeline — Processing 1102607 ...
2026-03-24 13:13:51,839 [INFO] src.pipeline — Processing 1103983 ...
2026-03-24 13:13:51,934 [INFO] src.pipeline — Processing 1106149 ...
2026-03-24 13:13:52,014 [INFO] src.pipeline — Processing 1112604 ...
2026-03-24 13:13:52,133 [INFO] src.pipeline — Processing 1117553 ...
2026-03-24 13:13:52,218 [INFO] src.pipeline — Processing 1118251 ...
2026-03-24 13:13:52,312 [INFO] src.pipeline — Processing 1121137 ...
2026-03-24 13:13:52,401 [INFO] src.pipeline — Processing 1122903 ...
2026-03-24 13:13:52,496 [INFO] src.pipeline — Processing 1124825 ...
2026-03-24 13:13:52,582 [INFO] src.pipeline — Processing 1124826 ...
2026-03-24 13:13:52,668 [INFO] src.pipeline — Processing 1128835 ...
2026-03-24 13:13:52,765 [INFO] src.pipeline — Processing 1134284 ...
2026-03-24 13:13:52,847 [INFO] src.pipeline — Processing 1135434 ...
2026-03-24 13:13:52,936 [INFO] src.pipeline — Processing 1138153 ...
2026-03-24 13:13:53,042 [INFO] src.pipeline — Processing 1141322 ...
2026-03-24 13:13:53,119 [INFO] src.pipeline — Processing 1142915 ...
2026-03-24 13:13:53,244 [INFO] src.pipeline — Processing 1145203 ...
2026-03-24 13:13:53,344 [INFO] src.pipeline — Processing 1146063 ...
2026-03-24 13:13:53,436 [INFO] src.pipeline — Processing 1147684 ...
2026-03-24 13:13:53,513 [INFO] src.pipeline — Processing 1148718 ...
2026-03-24 13:13:53,592 [INFO] src.pipeline — Processing 1152054 ...
2026-03-24 13:13:53,669 [INFO] src.pipeline — Processing 1157038 ...
2026-03-24 13:13:53,747 [INFO] src.pipeline — Processing 1160261 ...
2026-03-24 13:13:53,826 [INFO] src.pipeline — Processing 1165447 ...
2026-03-24 13:13:53,908 [INFO] src.pipeline — Processing 1165448 ...
2026-03-24 13:13:53,998 [INFO] src.pipeline — Processing 1169405 ...
2026-03-24 13:13:54,082 [INFO] src.pipeline — Processing 1172602 ...
2026-03-24 13:13:54,160 [INFO] src.pipeline — Processing 1176675 ...
2026-03-24 13:13:54,243 [INFO] src.pipeline — Processing 1177018 ...
2026-03-24 13:13:54,323 [INFO] src.pipeline — Processing 1180702 ...
2026-03-24 13:13:54,415 [INFO] src.pipeline — Processing 1183349 ...
2026-03-24 13:13:54,494 [INFO] src.pipeline — Processing 1184742 ...
2026-03-24 13:13:54,581 [INFO] src.pipeline — Processing 1187599 ...
2026-03-24 13:13:54,680 [INFO] src.pipeline — Processing 1188747 ...
2026-03-24 13:13:54,786 [INFO] src.pipeline — Processing 1190805 ...
2026-03-24 13:13:55,099 [INFO] src.pipeline — Processing 1191551 ...
2026-03-24 13:13:55,222 [INFO] src.pipeline — Processing 1191595 ...
2026-03-24 13:13:55,370 [INFO] src.pipeline — Processing 1192135 ...
2026-03-24 13:13:55,518 [INFO] src.pipeline — Processing 1192146 ...
2026-03-24 13:13:55,629 [INFO] src.pipeline — Processing 1192654 ...
2026-03-24 13:13:55,712 [INFO] src.pipeline — Processing 1197538 ...
2026-03-24 13:13:55,791 [INFO] src.pipeline — Processing 1199480 ...
2026-03-24 13:13:55,874 [INFO] src.pipeline — Processing 1199517 ...
2026-03-24 13:13:55,950 [INFO] src.pipeline — Processing 1199593 ...
2026-03-24 13:13:56,031 [INFO] src.pipeline — Processing 1202306 ...
2026-03-24 13:13:56,120 [INFO] src.pipeline — Processing 1207769 ...
2026-03-24 13:13:56,228 [INFO] src.pipeline — Processing 1207947 ...
2026-03-24 13:13:56,319 [INFO] src.pipeline — Processing 1214441 ...
2026-03-24 13:13:56,413 [INFO] src.pipeline — Processing 1220716 ...
2026-03-24 13:13:56,508 [INFO] src.pipeline — Processing 1221590 ...
2026-03-24 13:13:56,584 [INFO] src.pipeline — Processing 1223519 ...
2026-03-24 13:13:56,667 [INFO] src.pipeline — Processing 1224102 ...
2026-03-24 13:13:56,762 [INFO] src.pipeline — Processing 1228746 ...
2026-03-24 13:13:56,840 [INFO] src.pipeline — Processing 1230482 ...
2026-03-24 13:13:56,873 [ERROR] src.pipeline — [1230482] FAILED: TOO_FEW_VALID_BEATS:0
2026-03-24 13:13:56,874 [INFO] src.pipeline — Processing 1231339 ...
2026-03-24 13:13:56,952 [INFO] src.pipeline — Processing 1235674 ...
2026-03-24 13:13:57,034 [INFO] src.pipeline — Processing 1236012 ...
2026-03-24 13:13:57,131 [INFO] src.pipeline — Processing 1237748 ...
2026-03-24 13:13:57,209 [INFO] src.pipeline — Processing 1238446 ...
2026-03-24 13:13:57,309 [INFO] src.pipeline — Processing 1238671 ...
2026-03-24 13:13:57,410 [INFO] src.pipeline — Processing 1242678 ...
2026-03-24 13:13:57,490 [INFO] src.pipeline — Processing 1244867 ...
2026-03-24 13:13:57,574 [INFO] src.pipeline — Processing 1248576 ...
2026-03-24 13:13:57,670 [INFO] src.pipeline — Processing 1248611 ...
2026-03-24 13:13:57,747 [INFO] src.pipeline — Processing 1252288 ...
2026-03-24 13:13:57,826 [INFO] src.pipeline — Processing 1254062 ...
2026-03-24 13:13:57,920 [INFO] src.pipeline — Processing 1254171 ...
2026-03-24 13:13:58,010 [INFO] src.pipeline — Processing 1254267 ...
2026-03-24 13:13:58,098 [INFO] src.pipeline — Processing 1259391 ...
2026-03-24 13:13:58,195 [INFO] src.pipeline — Processing 1263008 ...
2026-03-24 13:13:58,332 [INFO] src.pipeline — Processing 1270798 ...
2026-03-24 13:13:58,422 [INFO] src.pipeline — Processing 1272319 ...
2026-03-24 13:13:58,516 [INFO] src.pipeline — Processing 1272821 ...
2026-03-24 13:13:58,652 [INFO] src.pipeline — Processing 1274776 ...
2026-03-24 13:13:58,789 [INFO] src.pipeline — Processing 1275329 ...
2026-03-24 13:13:58,898 [INFO] src.pipeline — Processing 1277374 ...
2026-03-24 13:13:58,999 [INFO] src.pipeline — Processing 1278746 ...
2026-03-24 13:13:59,097 [INFO] src.pipeline — Processing 1280588 ...
2026-03-24 13:13:59,183 [INFO] src.pipeline — Processing 1281380 ...
2026-03-24 13:13:59,275 [INFO] src.pipeline — Processing 1284182 ...
2026-03-24 13:13:59,363 [INFO] src.pipeline — Processing 1285404 ...
2026-03-24 13:13:59,452 [INFO] src.pipeline — Processing 1286512 ...
2026-03-24 13:13:59,531 [INFO] src.pipeline — Processing 1290629 ...
2026-03-24 13:13:59,610 [INFO] src.pipeline — Processing 1290807 ...
2026-03-24 13:13:59,685 [INFO] src.pipeline — Processing 1294540 ...
2026-03-24 13:13:59,774 [INFO] src.pipeline — Processing 1297151 ...
2026-03-24 13:13:59,872 [INFO] src.pipeline — Processing 1297765 ...
2026-03-24 13:13:59,966 [INFO] src.pipeline — Processing 1297767 ...
2026-03-24 13:14:00,078 [INFO] src.pipeline — Processing 1298469 ...
2026-03-24 13:14:00,155 [INFO] src.pipeline — Processing 1303729 ...
2026-03-24 13:14:00,241 [INFO] src.pipeline — Processing 1305051 ...
2026-03-24 13:14:00,317 [INFO] src.pipeline — Processing 1307673 ...
2026-03-24 13:14:00,396 [INFO] src.pipeline — Processing 1307716 ...
2026-03-24 13:14:00,482 [INFO] src.pipeline — Processing 1309300 ...
2026-03-24 13:14:00,557 [INFO] src.pipeline — Processing 1310052 ...
2026-03-24 13:14:00,646 [INFO] src.pipeline — Processing 1312303 ...
2026-03-24 13:14:00,725 [INFO] src.pipeline — Processing 1313974 ...
2026-03-24 13:14:00,811 [INFO] src.pipeline — Processing 1316784 ...
2026-03-24 13:14:00,888 [INFO] src.pipeline — Processing 1318568 ...
2026-03-24 13:14:01,013 [INFO] src.pipeline — Processing 1326991 ...
2026-03-24 13:14:01,100 [INFO] src.pipeline — Processing 1327775 ...
2026-03-24 13:14:01,201 [INFO] src.pipeline — Processing 1327784 ...
2026-03-24 13:14:01,289 [INFO] src.pipeline — Processing 1332388 ...
2026-03-24 13:14:01,365 [INFO] src.pipeline — Processing 1336243 ...
2026-03-24 13:14:01,456 [INFO] src.pipeline — Processing 1337461 ...
2026-03-24 13:14:01,547 [INFO] src.pipeline — Processing 1338772 ...
2026-03-24 13:14:01,634 [INFO] src.pipeline — Processing 1338780 ...
2026-03-24 13:14:01,720 [INFO] src.pipeline — Processing 1342979 ...
2026-03-24 13:14:01,802 [INFO] src.pipeline — Processing 1344639 ...
2026-03-24 13:14:01,882 [INFO] src.pipeline — Processing 1346727 ...
2026-03-24 13:14:01,960 [INFO] src.pipeline — Processing 1350930 ...
2026-03-24 13:14:02,051 [INFO] src.pipeline — Processing 1357325 ...
2026-03-24 13:14:02,132 [INFO] src.pipeline — Processing 1358245 ...
2026-03-24 13:14:02,217 [INFO] src.pipeline — Processing 1360656 ...
2026-03-24 13:14:02,379 [INFO] src.pipeline — Processing 1366050 ...
2026-03-24 13:14:02,535 [INFO] src.pipeline — Processing 1366637 ...
2026-03-24 13:14:02,644 [INFO] src.pipeline — Processing 1370418 ...
2026-03-24 13:14:02,742 [INFO] src.pipeline — Processing 1370819 ...
2026-03-24 13:14:02,856 [INFO] src.pipeline — Processing 1371132 ...
2026-03-24 13:14:02,947 [INFO] src.pipeline — Processing 1371554 ...
2026-03-24 13:14:03,038 [INFO] src.pipeline — Processing 1372180 ...
2026-03-24 13:14:03,125 [INFO] src.pipeline — Processing 1372181 ...
2026-03-24 13:14:03,220 [INFO] src.pipeline — Processing 1381534 ...
2026-03-24 13:14:03,317 [INFO] src.pipeline — Processing 1382112 ...
2026-03-24 13:14:03,393 [INFO] src.pipeline — Processing 1383335 ...
2026-03-24 13:14:03,484 [INFO] src.pipeline — Processing 1385747 ...
2026-03-24 13:14:03,573 [INFO] src.pipeline — Processing 1386698 ...
2026-03-24 13:14:03,660 [INFO] src.pipeline — Processing 1390489 ...
2026-03-24 13:14:03,764 [INFO] src.pipeline — Processing 1403173 ...
2026-03-24 13:14:03,837 [INFO] src.pipeline — Processing 1404688 ...
2026-03-24 13:14:03,924 [INFO] src.pipeline — Processing 1407660 ...
2026-03-24 13:14:04,006 [INFO] src.pipeline — Processing 1408290 ...
2026-03-24 13:14:04,085 [INFO] src.pipeline — Processing 1414022 ...
2026-03-24 13:14:04,183 [INFO] src.pipeline — Processing 1414967 ...
2026-03-24 13:14:04,278 [INFO] src.pipeline — Processing 1416483 ...
2026-03-24 13:14:04,351 [INFO] src.pipeline — Processing 1417008 ...
2026-03-24 13:14:04,423 [INFO] src.pipeline — Processing 1418000 ...
2026-03-24 13:14:04,508 [INFO] src.pipeline — Processing 1419825 ...
2026-03-24 13:14:04,603 [INFO] src.pipeline — Processing 1421261 ...
2026-03-24 13:14:04,689 [INFO] src.pipeline — Processing 1421316 ...
2026-03-24 13:14:04,774 [INFO] src.pipeline — Processing 1422523 ...
2026-03-24 13:14:04,862 [INFO] src.pipeline — Processing 1422770 ...
2026-03-24 13:14:04,946 [INFO] src.pipeline — Processing 1423789 ...
2026-03-24 13:14:05,018 [INFO] src.pipeline — Processing 1424148 ...
2026-03-24 13:14:05,118 [INFO] src.pipeline — Processing 1425960 ...
2026-03-24 13:14:05,208 [INFO] src.pipeline — Processing 1426919 ...
2026-03-24 13:14:05,289 [INFO] src.pipeline — Processing 2187085 ...
2026-03-24 13:14:05,377 [INFO] src.pipeline — Processing 2635972 ...
2026-03-24 13:14:05,465 [INFO] src.pipeline — Processing 3003692 ...
2026-03-24 13:14:05,545 [INFO] src.pipeline — Processing 3004284 ...
2026-03-24 13:14:05,638 [INFO] src.pipeline — Processing 3006598 ...
2026-03-24 13:14:05,724 [INFO] src.pipeline — Processing 3007664 ...
2026-03-24 13:14:05,800 [INFO] src.pipeline — Processing 3009538 ...
2026-03-24 13:14:05,870 [INFO] src.pipeline — Processing 3009950 ...
2026-03-24 13:14:05,954 [INFO] src.pipeline — Processing 3015438 ...
2026-03-24 13:14:06,064 [INFO] src.pipeline — Processing 3015440 ...
2026-03-24 13:14:06,147 [INFO] src.pipeline — Processing 3015449 ...
2026-03-24 13:14:06,243 [INFO] src.pipeline — Processing 3016396 ...
2026-03-24 13:14:06,336 [INFO] src.pipeline — Processing 3016401 ...
2026-03-24 13:14:06,416 [INFO] src.pipeline — Processing 3028930 ...
2026-03-24 13:14:06,502 [INFO] src.pipeline — Processing 3030937 ...
2026-03-24 13:14:06,578 [INFO] src.pipeline — Processing 3035210 ...
2026-03-24 13:14:06,652 [INFO] src.pipeline — Processing 3037390 ...
2026-03-24 13:14:06,732 [INFO] src.pipeline — Processing 3037617 ...
2026-03-24 13:14:06,827 [INFO] src.pipeline — Processing 3043155 ...
2026-03-24 13:14:06,907 [INFO] src.pipeline — Processing 3044775 ...
2026-03-24 13:14:06,987 [INFO] src.pipeline — Processing 3045053 ...
2026-03-24 13:14:07,076 [INFO] src.pipeline — Processing 3045059 ...
2026-03-24 13:14:07,160 [INFO] src.pipeline — Processing 3045751 ...
2026-03-24 13:14:07,244 [INFO] src.pipeline — Processing 3058024 ...
2026-03-24 13:14:07,353 [INFO] src.pipeline — Processing 3058134 ...
2026-03-24 13:14:07,628 [INFO] src.pipeline — Processing 3062045 ...
2026-03-24 13:14:07,829 [INFO] src.pipeline — Processing 3064724 ...
2026-03-24 13:14:07,937 [INFO] src.pipeline — Processing 3065295 ...
2026-03-24 13:14:08,084 [INFO] src.pipeline — Processing 3067191 ...
2026-03-24 13:14:08,211 [INFO] src.pipeline — Processing 3067196 ...
2026-03-24 13:14:08,338 [INFO] src.pipeline — Processing 3071151 ...
2026-03-24 13:14:08,416 [INFO] src.pipeline — Processing 3072833 ...
2026-03-24 13:14:08,506 [INFO] src.pipeline — Processing 3072836 ...
2026-03-24 13:14:08,626 [INFO] src.pipeline — Processing 3073346 ...
2026-03-24 13:14:08,718 [INFO] src.pipeline — Processing 3074751 ...
2026-03-24 13:14:08,807 [INFO] src.pipeline — Processing 3075260 ...
2026-03-24 13:14:08,929 [INFO] src.pipeline — Processing 3080118 ...
2026-03-24 13:14:09,060 [INFO] src.pipeline — Processing 3080186 ...
2026-03-24 13:14:09,236 [INFO] src.pipeline — Processing 3092472 ...
2026-03-24 13:14:09,437 [INFO] src.pipeline — Processing 3093924 ...
2026-03-24 13:14:09,579 [INFO] src.pipeline — Processing 3094047 ...
2026-03-24 13:14:09,696 [INFO] src.pipeline — Processing 3094049 ...
2026-03-24 13:14:09,857 [WARNING] src.pipeline — [3094049] PARTIAL: ['BEAT2_V1_J_POINT_LOW_CONFIDENCE', 'BEAT4_V1_J_POINT_LOW_CONFIDENCE', 'BEAT5_V1_J_POINT_LOW_CONFIDENCE', 'BEAT6_V1_J_POINT_LOW_CONFIDENCE', 'BEAT7_V1_J_POINT_LOW_CONFIDENCE']
2026-03-24 13:14:09,858 [INFO] src.pipeline — Processing 3095195 ...
2026-03-24 13:14:10,068 [INFO] src.pipeline — Processing 3095200 ...
2026-03-24 13:14:10,193 [INFO] src.pipeline — Processing 3096254 ...
2026-03-24 13:14:10,316 [INFO] src.pipeline — Processing 3099875 ...
2026-03-24 13:14:10,425 [INFO] src.pipeline — Processing 3101011 ...
2026-03-24 13:14:10,555 [INFO] src.pipeline — Processing 3110550 ...
2026-03-24 13:14:10,669 [INFO] src.pipeline — Processing 3113249 ...
2026-03-24 13:14:10,759 [INFO] src.pipeline — Processing 3114582 ...
2026-03-24 13:14:10,859 [INFO] src.pipeline — Processing 3118448 ...
2026-03-24 13:14:11,107 [INFO] src.pipeline — Processing 3128412 ...
2026-03-24 13:14:11,331 [INFO] src.pipeline — Processing 3128947 ...
2026-03-24 13:14:11,463 [INFO] src.pipeline — Processing 3128957 ...
2026-03-24 13:14:11,565 [INFO] src.pipeline — Processing 3133602 ...
2026-03-24 13:14:11,654 [INFO] src.pipeline — Processing 3136075 ...
2026-03-24 13:14:11,740 [INFO] src.pipeline — Processing 3138453 ...
2026-03-24 13:14:11,841 [INFO] src.pipeline — Processing 3139196 ...
2026-03-24 13:14:12,605 [INFO] src.pipeline — Pipeline complete. OK: 356 | PARTIAL: 5 | FAILED: 2
2026-03-24 15:22:59,825 [INFO] src.pipeline — Processing 188981 ...
2026-03-24 15:23:10,512 [INFO] src.pipeline — Processing 251972 ...
2026-03-24 15:23:10,604 [INFO] src.pipeline — Processing 265715 ...
2026-03-24 15:23:10,695 [INFO] src.pipeline — Processing 267628 ...
2026-03-24 15:23:10,782 [INFO] src.pipeline — Processing 267630 ...
2026-03-24 15:23:10,829 [ERROR] src.pipeline — [267630] FAILED: TOO_FEW_RPEAKS: 0
2026-03-24 15:23:10,831 [INFO] src.pipeline — Processing 286830 ...
2026-03-24 15:23:10,929 [INFO] src.pipeline — Processing 287355 ...
2026-03-24 15:23:11,016 [INFO] src.pipeline — Processing 292220 ...
2026-03-24 15:23:11,110 [INFO] src.pipeline — Processing 292666 ...
2026-03-24 15:23:11,199 [INFO] src.pipeline — Processing 304141 ...
2026-03-24 15:23:11,282 [INFO] src.pipeline — Processing 314397 ...
2026-03-24 15:23:11,378 [INFO] src.pipeline — Processing 316872 ...
2026-03-24 15:23:11,487 [INFO] src.pipeline — Processing 317547 ...
2026-03-24 15:23:11,605 [INFO] src.pipeline — Processing 319150 ...
2026-03-24 15:23:11,694 [INFO] src.pipeline — Processing 319221 ...
2026-03-24 15:23:11,796 [INFO] src.pipeline — Processing 325231 ...
2026-03-24 15:23:11,888 [INFO] src.pipeline — Processing 325966 ...
2026-03-24 15:23:11,973 [INFO] src.pipeline — Processing 329034 ...
2026-03-24 15:23:12,096 [INFO] src.pipeline — Processing 329533 ...
2026-03-24 15:23:12,187 [INFO] src.pipeline — Processing 395553 ...
2026-03-24 15:23:12,268 [INFO] src.pipeline — Processing 405298 ...
2026-03-24 15:23:12,367 [INFO] src.pipeline — Processing 406008 ...
2026-03-24 15:23:12,462 [INFO] src.pipeline — Processing 413267 ...
2026-03-24 15:23:12,554 [INFO] src.pipeline — Processing 419510 ...
2026-03-24 15:23:12,634 [INFO] src.pipeline — Processing 419960 ...
2026-03-24 15:23:12,739 [INFO] src.pipeline — Processing 428031 ...
2026-03-24 15:23:12,849 [INFO] src.pipeline — Processing 434996 ...
2026-03-24 15:23:12,984 [INFO] src.pipeline — Processing 438721 ...
2026-03-24 15:23:13,076 [INFO] src.pipeline — Processing 445953 ...
2026-03-24 15:23:13,161 [INFO] src.pipeline — Processing 450733 ...
2026-03-24 15:23:13,273 [INFO] src.pipeline — Processing 460919 ...
2026-03-24 15:23:13,371 [INFO] src.pipeline — Processing 461866 ...
2026-03-24 15:23:13,468 [INFO] src.pipeline — Processing 466796 ...
2026-03-24 15:23:13,552 [INFO] src.pipeline — Processing 471727 ...
2026-03-24 15:23:13,642 [INFO] src.pipeline — Processing 478457 ...
2026-03-24 15:23:13,747 [INFO] src.pipeline — Processing 482516 ...
2026-03-24 15:23:13,839 [INFO] src.pipeline — Processing 482868 ...
2026-03-24 15:23:13,931 [INFO] src.pipeline — Processing 487609 ...
2026-03-24 15:23:14,022 [INFO] src.pipeline — Processing 489539 ...
2026-03-24 15:23:14,111 [INFO] src.pipeline — Processing 505351 ...
2026-03-24 15:23:14,250 [INFO] src.pipeline — Processing 506408 ...
2026-03-24 15:23:14,343 [INFO] src.pipeline — Processing 509648 ...
2026-03-24 15:23:14,436 [INFO] src.pipeline — Processing 516092 ...
2026-03-24 15:23:14,528 [INFO] src.pipeline — Processing 519139 ...
2026-03-24 15:23:14,615 [INFO] src.pipeline — Processing 519687 ...
2026-03-24 15:23:14,733 [INFO] src.pipeline — Processing 532816 ...
2026-03-24 15:23:14,820 [INFO] src.pipeline — Processing 538053 ...
2026-03-24 15:23:14,911 [INFO] src.pipeline — Processing 540736 ...
2026-03-24 15:23:15,016 [INFO] src.pipeline — Processing 548140 ...
2026-03-24 15:23:15,108 [INFO] src.pipeline — Processing 548865 ...
2026-03-24 15:23:15,200 [INFO] src.pipeline — Processing 558967 ...
2026-03-24 15:23:15,292 [INFO] src.pipeline — Processing 571723 ...
2026-03-24 15:23:15,380 [INFO] src.pipeline — Processing 577838 ...
2026-03-24 15:23:15,472 [WARNING] src.pipeline — [577838] PARTIAL: ['BEAT0_V1_J_POINT_LOW_CONFIDENCE', 'BEAT1_V1_J_POINT_LOW_CONFIDENCE', 'BEAT4_V1_J_POINT_LOW_CONFIDENCE', 'BEAT12_V1_J_POINT_LOW_CONFIDENCE', 'BEAT16_V1_J_POINT_LOW_CONFIDENCE']
2026-03-24 15:23:15,473 [INFO] src.pipeline — Processing 580720 ...
2026-03-24 15:23:15,665 [INFO] src.pipeline — Processing 581912 ...
2026-03-24 15:23:15,848 [WARNING] src.pipeline — [581912] PARTIAL: ['BEAT1_V2_J_POINT_LOW_CONFIDENCE']
2026-03-24 15:23:15,852 [INFO] src.pipeline — Processing 592768 ...
2026-03-24 15:23:16,018 [INFO] src.pipeline — Processing 596382 ...
2026-03-24 15:23:16,107 [INFO] src.pipeline — Processing 597251 ...
2026-03-24 15:23:16,197 [INFO] src.pipeline — Processing 613119 ...
2026-03-24 15:23:16,284 [INFO] src.pipeline — Processing 614578 ...
2026-03-24 15:23:16,372 [INFO] src.pipeline — Processing 614707 ...
2026-03-24 15:23:16,460 [INFO] src.pipeline — Processing 622530 ...
2026-03-24 15:23:16,565 [INFO] src.pipeline — Processing 624511 ...
2026-03-24 15:23:16,660 [INFO] src.pipeline — Processing 625190 ...
2026-03-24 15:23:16,760 [INFO] src.pipeline — Processing 641455 ...
2026-03-24 15:23:16,845 [INFO] src.pipeline — Processing 643139 ...
2026-03-24 15:23:17,031 [INFO] src.pipeline — Processing 801261 ...
2026-03-24 15:23:17,161 [INFO] src.pipeline — Processing 806949 ...
2026-03-24 15:23:17,261 [INFO] src.pipeline — Processing 807363 ...
2026-03-24 15:23:17,345 [INFO] src.pipeline — Processing 812209 ...
2026-03-24 15:23:17,435 [INFO] src.pipeline — Processing 812404 ...
2026-03-24 15:23:17,526 [INFO] src.pipeline — Processing 814286 ...
2026-03-24 15:23:17,624 [INFO] src.pipeline — Processing 816929 ...
2026-03-24 15:23:17,714 [INFO] src.pipeline — Processing 819710 ...
2026-03-24 15:23:17,804 [INFO] src.pipeline — Processing 821478 ...
2026-03-24 15:23:17,883 [INFO] src.pipeline — Processing 822108 ...
2026-03-24 15:23:17,981 [INFO] src.pipeline — Processing 822756 ...
2026-03-24 15:23:18,070 [INFO] src.pipeline — Processing 829768 ...
2026-03-24 15:23:18,155 [INFO] src.pipeline — Processing 830179 ...
2026-03-24 15:23:18,243 [INFO] src.pipeline — Processing 841212 ...
2026-03-24 15:23:18,367 [INFO] src.pipeline — Processing 841869 ...
2026-03-24 15:23:18,455 [INFO] src.pipeline — Processing 844915 ...
2026-03-24 15:23:18,564 [INFO] src.pipeline — Processing 849168 ...
2026-03-24 15:23:18,665 [INFO] src.pipeline — Processing 852786 ...
2026-03-24 15:23:18,771 [INFO] src.pipeline — Processing 855592 ...
2026-03-24 15:23:18,869 [INFO] src.pipeline — Processing 865998 ...
2026-03-24 15:23:18,976 [INFO] src.pipeline — Processing 866721 ...
2026-03-24 15:23:19,112 [INFO] src.pipeline — Processing 873255 ...
2026-03-24 15:23:19,203 [INFO] src.pipeline — Processing 878765 ...
2026-03-24 15:23:19,288 [INFO] src.pipeline — Processing 887465 ...
2026-03-24 15:23:19,372 [INFO] src.pipeline — Processing 891754 ...
2026-03-24 15:23:19,511 [INFO] src.pipeline — Processing 894725 ...
2026-03-24 15:23:19,614 [INFO] src.pipeline — Processing 898726 ...
2026-03-24 15:23:19,807 [INFO] src.pipeline — Processing 903442 ...
2026-03-24 15:23:19,933 [INFO] src.pipeline — Processing 903802 ...
2026-03-24 15:23:20,032 [WARNING] src.pipeline — [903802] PARTIAL: ['BEAT9_V2_J_POINT_LOW_CONFIDENCE']
2026-03-24 15:23:20,032 [INFO] src.pipeline — Processing 907736 ...
2026-03-24 15:23:20,139 [INFO] src.pipeline — Processing 913169 ...
2026-03-24 15:23:20,233 [INFO] src.pipeline — Processing 918062 ...
2026-03-24 15:23:20,331 [INFO] src.pipeline — Processing 920037 ...
2026-03-24 15:23:20,418 [INFO] src.pipeline — Processing 921230 ...
2026-03-24 15:23:20,518 [INFO] src.pipeline — Processing 930107 ...
2026-03-24 15:23:20,613 [INFO] src.pipeline — Processing 935156 ...
2026-03-24 15:23:20,702 [INFO] src.pipeline — Processing 938838 ...
2026-03-24 15:23:20,797 [INFO] src.pipeline — Processing 939546 ...
2026-03-24 15:23:20,902 [INFO] src.pipeline — Processing 945345 ...
2026-03-24 15:23:20,994 [INFO] src.pipeline — Processing 952177 ...
2026-03-24 15:23:21,110 [INFO] src.pipeline — Processing 952641 ...
2026-03-24 15:23:21,203 [INFO] src.pipeline — Processing 953976 ...
2026-03-24 15:23:21,293 [INFO] src.pipeline — Processing 958460 ...
2026-03-24 15:23:21,391 [INFO] src.pipeline — Processing 958703 ...
2026-03-24 15:23:21,519 [INFO] src.pipeline — Processing 959843 ...
2026-03-24 15:23:21,634 [INFO] src.pipeline — Processing 960432 ...
2026-03-24 15:23:21,768 [INFO] src.pipeline — Processing 962566 ...
2026-03-24 15:23:21,860 [INFO] src.pipeline — Processing 964469 ...
2026-03-24 15:23:22,111 [INFO] src.pipeline — Processing 965217 ...
2026-03-24 15:23:22,199 [INFO] src.pipeline — Processing 967547 ...
2026-03-24 15:23:22,306 [INFO] src.pipeline — Processing 968556 ...
2026-03-24 15:23:22,474 [INFO] src.pipeline — Processing 969321 ...
2026-03-24 15:23:22,581 [INFO] src.pipeline — Processing 970649 ...
2026-03-24 15:23:22,772 [INFO] src.pipeline — Processing 972048 ...
2026-03-24 15:23:22,903 [INFO] src.pipeline — Processing 972330 ...
2026-03-24 15:23:23,009 [INFO] src.pipeline — Processing 972781 ...
2026-03-24 15:23:23,107 [INFO] src.pipeline — Processing 980284 ...
2026-03-24 15:23:23,199 [INFO] src.pipeline — Processing 982732 ...
2026-03-24 15:23:23,288 [INFO] src.pipeline — Processing 985814 ...
2026-03-24 15:23:23,379 [INFO] src.pipeline — Processing 991528 ...
2026-03-24 15:23:23,481 [INFO] src.pipeline — Processing 994065 ...
2026-03-24 15:23:23,567 [INFO] src.pipeline — Processing 994217 ...
2026-03-24 15:23:23,652 [INFO] src.pipeline — Processing 994515 ...
2026-03-24 15:23:23,781 [INFO] src.pipeline — Processing 998036 ...
2026-03-24 15:23:24,025 [INFO] src.pipeline — Processing 999474 ...
2026-03-24 15:23:24,132 [INFO] src.pipeline — Processing 1009874 ...
2026-03-24 15:23:24,201 [INFO] src.pipeline — Processing 1013884 ...
2026-03-24 15:23:24,261 [INFO] src.pipeline — Processing 1023925 ...
2026-03-24 15:23:24,324 [INFO] src.pipeline — Processing 1036640 ...
2026-03-24 15:23:24,405 [INFO] src.pipeline — Processing 1041375 ...
2026-03-24 15:23:24,493 [INFO] src.pipeline — Processing 1053511 ...
2026-03-24 15:23:24,582 [INFO] src.pipeline — Processing 1054733 ...
2026-03-24 15:23:24,667 [INFO] src.pipeline — Processing 1058085 ...
2026-03-24 15:23:24,764 [INFO] src.pipeline — Processing 1058605 ...
2026-03-24 15:23:24,856 [INFO] src.pipeline — Processing 1061898 ...
2026-03-24 15:23:24,941 [INFO] src.pipeline — Processing 1063368 ...
2026-03-24 15:23:25,101 [INFO] src.pipeline — Processing 1073253 ...
2026-03-24 15:23:25,256 [INFO] src.pipeline — Processing 1074787 ...
2026-03-24 15:23:25,366 [INFO] src.pipeline — Processing 1080968 ...
2026-03-24 15:23:25,523 [INFO] src.pipeline — Processing 1081032 ...
2026-03-24 15:23:25,650 [INFO] src.pipeline — Processing 1081338 ...
2026-03-24 15:23:25,767 [INFO] src.pipeline — Processing 1084994 ...
2026-03-24 15:23:25,882 [INFO] src.pipeline — Processing 1085203 ...
2026-03-24 15:23:25,983 [INFO] src.pipeline — Processing 1087704 ...
2026-03-24 15:23:26,186 [INFO] src.pipeline — Processing 1088175 ...
2026-03-24 15:23:26,392 [INFO] src.pipeline — Processing 1088261 ...
2026-03-24 15:23:26,720 [INFO] src.pipeline — Processing 1088796 ...
2026-03-24 15:23:26,814 [INFO] src.pipeline — Processing 1092237 ...
2026-03-24 15:23:26,897 [WARNING] src.pipeline — [1092237] PARTIAL: ['BEAT0_V1_J_POINT_LOW_CONFIDENCE', 'BEAT1_V1_J_POINT_LOW_CONFIDENCE', 'BEAT2_V1_J_POINT_LOW_CONFIDENCE', 'BEAT3_V1_J_POINT_LOW_CONFIDENCE', 'BEAT4_V1_J_POINT_LOW_CONFIDENCE', 'BEAT5_V1_J_POINT_LOW_CONFIDENCE', 'BEAT6_V1_J_POINT_LOW_CONFIDENCE', 'BEAT7_V1_J_POINT_LOW_CONFIDENCE', 'BEAT8_V1_J_POINT_LOW_CONFIDENCE']
2026-03-24 15:23:26,897 [INFO] src.pipeline — Processing 1093224 ...
2026-03-24 15:23:27,061 [INFO] src.pipeline — Processing 1096625 ...
2026-03-24 15:23:27,251 [INFO] src.pipeline — Processing 1097714 ...
2026-03-24 15:23:27,366 [INFO] src.pipeline — Processing 1098314 ...
2026-03-24 15:23:27,450 [INFO] src.pipeline — Processing 1099262 ...
2026-03-24 15:23:27,551 [INFO] src.pipeline — Processing 1102607 ...
2026-03-24 15:23:27,638 [INFO] src.pipeline — Processing 1103983 ...
2026-03-24 15:23:27,780 [INFO] src.pipeline — Processing 1106149 ...
2026-03-24 15:23:27,894 [INFO] src.pipeline — Processing 1112604 ...
2026-03-24 15:23:28,020 [INFO] src.pipeline — Processing 1117553 ...
2026-03-24 15:23:28,107 [INFO] src.pipeline — Processing 1118251 ...
2026-03-24 15:23:28,199 [INFO] src.pipeline — Processing 1121137 ...
2026-03-24 15:23:28,282 [INFO] src.pipeline — Processing 1122903 ...
2026-03-24 15:23:28,366 [INFO] src.pipeline — Processing 1124825 ...
2026-03-24 15:23:28,453 [INFO] src.pipeline — Processing 1124826 ...
2026-03-24 15:23:28,540 [INFO] src.pipeline — Processing 1128835 ...
2026-03-24 15:23:28,624 [INFO] src.pipeline — Processing 1134284 ...
2026-03-24 15:23:28,710 [INFO] src.pipeline — Processing 1135434 ...
2026-03-24 15:23:28,802 [INFO] src.pipeline — Processing 1138153 ...
2026-03-24 15:23:28,892 [INFO] src.pipeline — Processing 1141322 ...
2026-03-24 15:23:28,980 [INFO] src.pipeline — Processing 1142915 ...
2026-03-24 15:23:29,095 [INFO] src.pipeline — Processing 1145203 ...
2026-03-24 15:23:29,200 [INFO] src.pipeline — Processing 1146063 ...
2026-03-24 15:23:29,318 [INFO] src.pipeline — Processing 1147684 ...
2026-03-24 15:23:29,424 [INFO] src.pipeline — Processing 1148718 ...
2026-03-24 15:23:29,531 [INFO] src.pipeline — Processing 1152054 ...
2026-03-24 15:23:29,619 [INFO] src.pipeline — Processing 1157038 ...
2026-03-24 15:23:29,703 [INFO] src.pipeline — Processing 1160261 ...
2026-03-24 15:23:29,787 [INFO] src.pipeline — Processing 1165447 ...
2026-03-24 15:23:29,884 [INFO] src.pipeline — Processing 1165448 ...
2026-03-24 15:23:29,980 [INFO] src.pipeline — Processing 1169405 ...
2026-03-24 15:23:30,069 [INFO] src.pipeline — Processing 1172602 ...
2026-03-24 15:23:30,154 [INFO] src.pipeline — Processing 1176675 ...
2026-03-24 15:23:30,245 [INFO] src.pipeline — Processing 1177018 ...
2026-03-24 15:23:30,333 [INFO] src.pipeline — Processing 1180702 ...
2026-03-24 15:23:30,419 [INFO] src.pipeline — Processing 1183349 ...
2026-03-24 15:23:30,509 [INFO] src.pipeline — Processing 1184742 ...
2026-03-24 15:23:30,619 [INFO] src.pipeline — Processing 1187599 ...
2026-03-24 15:23:30,701 [INFO] src.pipeline — Processing 1188747 ...
2026-03-24 15:23:30,788 [INFO] src.pipeline — Processing 1190805 ...
2026-03-24 15:23:30,880 [INFO] src.pipeline — Processing 1191551 ...
2026-03-24 15:23:30,971 [INFO] src.pipeline — Processing 1191595 ...
2026-03-24 15:23:31,060 [INFO] src.pipeline — Processing 1192135 ...
2026-03-24 15:23:31,146 [INFO] src.pipeline — Processing 1192146 ...
2026-03-24 15:23:31,229 [INFO] src.pipeline — Processing 1192654 ...
2026-03-24 15:23:31,312 [INFO] src.pipeline — Processing 1197538 ...
2026-03-24 15:23:31,405 [INFO] src.pipeline — Processing 1199480 ...
2026-03-24 15:23:31,499 [INFO] src.pipeline — Processing 1199517 ...
2026-03-24 15:23:31,591 [INFO] src.pipeline — Processing 1199593 ...
2026-03-24 15:23:31,679 [INFO] src.pipeline — Processing 1202306 ...
2026-03-24 15:23:31,770 [INFO] src.pipeline — Processing 1207769 ...
2026-03-24 15:23:31,861 [INFO] src.pipeline — Processing 1207947 ...
2026-03-24 15:23:31,973 [INFO] src.pipeline — Processing 1214441 ...
2026-03-24 15:23:32,078 [INFO] src.pipeline — Processing 1220716 ...
2026-03-24 15:23:32,165 [INFO] src.pipeline — Processing 1221590 ...
2026-03-24 15:23:32,248 [INFO] src.pipeline — Processing 1223519 ...
2026-03-24 15:23:32,334 [INFO] src.pipeline — Processing 1224102 ...
2026-03-24 15:23:32,421 [INFO] src.pipeline — Processing 1228746 ...
2026-03-24 15:23:32,507 [INFO] src.pipeline — Processing 1230482 ...
2026-03-24 15:23:32,544 [ERROR] src.pipeline — [1230482] FAILED: TOO_FEW_VALID_BEATS:0
2026-03-24 15:23:32,545 [INFO] src.pipeline — Processing 1231339 ...
2026-03-24 15:23:32,638 [INFO] src.pipeline — Processing 1235674 ...
2026-03-24 15:23:32,728 [INFO] src.pipeline — Processing 1236012 ...
2026-03-24 15:23:32,843 [INFO] src.pipeline — Processing 1237748 ...
2026-03-24 15:23:33,013 [INFO] src.pipeline — Processing 1238446 ...
2026-03-24 15:23:33,108 [INFO] src.pipeline — Processing 1238671 ...
2026-03-24 15:23:33,200 [INFO] src.pipeline — Processing 1242678 ...
2026-03-24 15:23:33,302 [INFO] src.pipeline — Processing 1244867 ...
2026-03-24 15:23:33,412 [INFO] src.pipeline — Processing 1248576 ...
2026-03-24 15:23:33,520 [INFO] src.pipeline — Processing 1248611 ...
2026-03-24 15:23:33,618 [INFO] src.pipeline — Processing 1252288 ...
2026-03-24 15:23:33,714 [INFO] src.pipeline — Processing 1254062 ...
2026-03-24 15:23:33,913 [INFO] src.pipeline — Processing 1254171 ...
2026-03-24 15:23:34,027 [INFO] src.pipeline — Processing 1254267 ...
2026-03-24 15:23:34,123 [INFO] src.pipeline — Processing 1259391 ...
2026-03-24 15:23:34,219 [INFO] src.pipeline — Processing 1263008 ...
2026-03-24 15:23:34,336 [INFO] src.pipeline — Processing 1270798 ...
2026-03-24 15:23:34,454 [INFO] src.pipeline — Processing 1272319 ...
2026-03-24 15:23:34,553 [INFO] src.pipeline — Processing 1272821 ...
2026-03-24 15:23:34,642 [INFO] src.pipeline — Processing 1274776 ...
2026-03-24 15:23:34,723 [INFO] src.pipeline — Processing 1275329 ...
2026-03-24 15:23:34,814 [INFO] src.pipeline — Processing 1277374 ...
2026-03-24 15:23:34,907 [INFO] src.pipeline — Processing 1278746 ...
2026-03-24 15:23:34,999 [INFO] src.pipeline — Processing 1280588 ...
2026-03-24 15:23:35,085 [INFO] src.pipeline — Processing 1281380 ...
2026-03-24 15:23:35,170 [INFO] src.pipeline — Processing 1284182 ...
2026-03-24 15:23:35,254 [INFO] src.pipeline — Processing 1285404 ...
2026-03-24 15:23:35,351 [INFO] src.pipeline — Processing 1286512 ...
2026-03-24 15:23:35,443 [INFO] src.pipeline — Processing 1290629 ...
2026-03-24 15:23:35,547 [INFO] src.pipeline — Processing 1290807 ...
2026-03-24 15:23:35,628 [INFO] src.pipeline — Processing 1294540 ...
2026-03-24 15:23:35,716 [INFO] src.pipeline — Processing 1297151 ...
2026-03-24 15:23:35,807 [INFO] src.pipeline — Processing 1297765 ...
2026-03-24 15:23:35,892 [INFO] src.pipeline — Processing 1297767 ...
2026-03-24 15:23:35,992 [INFO] src.pipeline — Processing 1298469 ...
2026-03-24 15:23:36,084 [INFO] src.pipeline — Processing 1303729 ...
2026-03-24 15:23:36,167 [INFO] src.pipeline — Processing 1305051 ...
2026-03-24 15:23:36,251 [INFO] src.pipeline — Processing 1307673 ...
2026-03-24 15:23:36,339 [INFO] src.pipeline — Processing 1307716 ...
2026-03-24 15:23:36,423 [INFO] src.pipeline — Processing 1309300 ...
2026-03-24 15:23:36,600 [INFO] src.pipeline — Processing 1310052 ...
2026-03-24 15:23:36,726 [INFO] src.pipeline — Processing 1312303 ...
2026-03-24 15:23:36,825 [INFO] src.pipeline — Processing 1313974 ...
2026-03-24 15:23:36,971 [INFO] src.pipeline — Processing 1316784 ...
2026-03-24 15:23:37,053 [INFO] src.pipeline — Processing 1318568 ...
2026-03-24 15:23:37,144 [INFO] src.pipeline — Processing 1326991 ...
2026-03-24 15:23:37,233 [INFO] src.pipeline — Processing 1327775 ...
2026-03-24 15:23:37,317 [INFO] src.pipeline — Processing 1327784 ...
2026-03-24 15:23:37,409 [INFO] src.pipeline — Processing 1332388 ...
2026-03-24 15:23:37,510 [INFO] src.pipeline — Processing 1336243 ...
2026-03-24 15:23:37,631 [INFO] src.pipeline — Processing 1337461 ...
2026-03-24 15:23:37,742 [INFO] src.pipeline — Processing 1338772 ...
2026-03-24 15:23:37,825 [INFO] src.pipeline — Processing 1338780 ...
2026-03-24 15:23:37,914 [INFO] src.pipeline — Processing 1342979 ...
2026-03-24 15:23:38,005 [INFO] src.pipeline — Processing 1344639 ...
2026-03-24 15:23:38,092 [INFO] src.pipeline — Processing 1346727 ...
2026-03-24 15:23:38,178 [INFO] src.pipeline — Processing 1350930 ...
2026-03-24 15:23:38,269 [INFO] src.pipeline — Processing 1357325 ...
2026-03-24 15:23:38,360 [INFO] src.pipeline — Processing 1358245 ...
2026-03-24 15:23:38,452 [INFO] src.pipeline — Processing 1360656 ...
2026-03-24 15:23:38,546 [INFO] src.pipeline — Processing 1366050 ...
2026-03-24 15:23:38,628 [INFO] src.pipeline — Processing 1366637 ...
2026-03-24 15:23:38,725 [INFO] src.pipeline — Processing 1370418 ...
2026-03-24 15:23:38,809 [INFO] src.pipeline — Processing 1370819 ...
2026-03-24 15:23:38,906 [INFO] src.pipeline — Processing 1371132 ...
2026-03-24 15:23:39,000 [INFO] src.pipeline — Processing 1371554 ...
2026-03-24 15:23:39,095 [INFO] src.pipeline — Processing 1372180 ...
2026-03-24 15:23:39,184 [INFO] src.pipeline — Processing 1372181 ...
2026-03-24 15:23:39,275 [INFO] src.pipeline — Processing 1381534 ...
2026-03-24 15:23:39,361 [INFO] src.pipeline — Processing 1382112 ...
2026-03-24 15:23:39,466 [INFO] src.pipeline — Processing 1383335 ...
2026-03-24 15:23:39,578 [INFO] src.pipeline — Processing 1385747 ...
2026-03-24 15:23:39,688 [INFO] src.pipeline — Processing 1386698 ...
2026-03-24 15:23:39,815 [INFO] src.pipeline — Processing 1390489 ...
2026-03-24 15:23:39,917 [INFO] src.pipeline — Processing 1403173 ...
2026-03-24 15:23:40,018 [INFO] src.pipeline — Processing 1404688 ...
2026-03-24 15:23:40,111 [INFO] src.pipeline — Processing 1407660 ...
2026-03-24 15:23:40,193 [INFO] src.pipeline — Processing 1408290 ...
2026-03-24 15:23:40,279 [INFO] src.pipeline — Processing 1414022 ...
2026-03-24 15:23:40,371 [INFO] src.pipeline — Processing 1414967 ...
2026-03-24 15:23:40,464 [INFO] src.pipeline — Processing 1416483 ...
2026-03-24 15:23:40,548 [INFO] src.pipeline — Processing 1417008 ...
2026-03-24 15:23:40,634 [INFO] src.pipeline — Processing 1418000 ...
2026-03-24 15:23:40,727 [INFO] src.pipeline — Processing 1419825 ...
2026-03-24 15:23:40,813 [INFO] src.pipeline — Processing 1421261 ...
2026-03-24 15:23:40,903 [INFO] src.pipeline — Processing 1421316 ...
2026-03-24 15:23:40,996 [INFO] src.pipeline — Processing 1422523 ...
2026-03-24 15:23:41,081 [INFO] src.pipeline — Processing 1422770 ...
2026-03-24 15:23:41,164 [INFO] src.pipeline — Processing 1423789 ...
2026-03-24 15:23:41,249 [INFO] src.pipeline — Processing 1424148 ...
2026-03-24 15:23:41,440 [INFO] src.pipeline — Processing 1425960 ...
2026-03-24 15:23:41,653 [INFO] src.pipeline — Processing 1426919 ...
2026-03-24 15:23:41,738 [INFO] src.pipeline — Processing 2187085 ...
2026-03-24 15:23:41,825 [INFO] src.pipeline — Processing 2635972 ...
2026-03-24 15:23:41,914 [INFO] src.pipeline — Processing 3003692 ...
2026-03-24 15:23:42,013 [INFO] src.pipeline — Processing 3004284 ...
2026-03-24 15:23:42,104 [INFO] src.pipeline — Processing 3006598 ...
2026-03-24 15:23:42,191 [INFO] src.pipeline — Processing 3007664 ...
2026-03-24 15:23:42,279 [INFO] src.pipeline — Processing 3009538 ...
2026-03-24 15:23:42,358 [INFO] src.pipeline — Processing 3009950 ...
2026-03-24 15:23:42,452 [INFO] src.pipeline — Processing 3015438 ...
2026-03-24 15:23:42,539 [INFO] src.pipeline — Processing 3015440 ...
2026-03-24 15:23:42,623 [INFO] src.pipeline — Processing 3015449 ...
2026-03-24 15:23:42,710 [INFO] src.pipeline — Processing 3016396 ...
2026-03-24 15:23:42,794 [INFO] src.pipeline — Processing 3016401 ...
2026-03-24 15:23:42,884 [INFO] src.pipeline — Processing 3028930 ...
2026-03-24 15:23:42,978 [INFO] src.pipeline — Processing 3030937 ...
2026-03-24 15:23:43,064 [INFO] src.pipeline — Processing 3035210 ...
2026-03-24 15:23:43,149 [INFO] src.pipeline — Processing 3037390 ...
2026-03-24 15:23:43,237 [INFO] src.pipeline — Processing 3037617 ...
2026-03-24 15:23:43,328 [INFO] src.pipeline — Processing 3043155 ...
2026-03-24 15:23:43,418 [INFO] src.pipeline — Processing 3044775 ...
2026-03-24 15:23:43,512 [INFO] src.pipeline — Processing 3045053 ...
2026-03-24 15:23:43,601 [INFO] src.pipeline — Processing 3045059 ...
2026-03-24 15:23:43,687 [INFO] src.pipeline — Processing 3045751 ...
2026-03-24 15:23:43,773 [INFO] src.pipeline — Processing 3058024 ...
2026-03-24 15:23:43,875 [INFO] src.pipeline — Processing 3058134 ...
2026-03-24 15:23:43,963 [INFO] src.pipeline — Processing 3062045 ...
2026-03-24 15:23:44,049 [INFO] src.pipeline — Processing 3064724 ...
2026-03-24 15:23:44,137 [INFO] src.pipeline — Processing 3065295 ...
2026-03-24 15:23:44,221 [INFO] src.pipeline — Processing 3067191 ...
2026-03-24 15:23:44,302 [INFO] src.pipeline — Processing 3067196 ...
2026-03-24 15:23:44,400 [INFO] src.pipeline — Processing 3071151 ...
2026-03-24 15:23:44,480 [INFO] src.pipeline — Processing 3072833 ...
2026-03-24 15:23:44,574 [INFO] src.pipeline — Processing 3072836 ...
2026-03-24 15:23:44,661 [INFO] src.pipeline — Processing 3073346 ...
2026-03-24 15:23:44,747 [INFO] src.pipeline — Processing 3074751 ...
2026-03-24 15:23:44,829 [INFO] src.pipeline — Processing 3075260 ...
2026-03-24 15:23:44,937 [INFO] src.pipeline — Processing 3080118 ...
2026-03-24 15:23:45,032 [INFO] src.pipeline — Processing 3080186 ...
2026-03-24 15:23:45,117 [INFO] src.pipeline — Processing 3092472 ...
2026-03-24 15:23:45,202 [INFO] src.pipeline — Processing 3093924 ...
2026-03-24 15:23:45,285 [INFO] src.pipeline — Processing 3094047 ...
2026-03-24 15:23:45,372 [INFO] src.pipeline — Processing 3094049 ...
2026-03-24 15:23:45,470 [WARNING] src.pipeline — [3094049] PARTIAL: ['BEAT2_V1_J_POINT_LOW_CONFIDENCE', 'BEAT4_V1_J_POINT_LOW_CONFIDENCE', 'BEAT5_V1_J_POINT_LOW_CONFIDENCE', 'BEAT6_V1_J_POINT_LOW_CONFIDENCE', 'BEAT7_V1_J_POINT_LOW_CONFIDENCE']
2026-03-24 15:23:45,471 [INFO] src.pipeline — Processing 3095195 ...
2026-03-24 15:23:45,562 [INFO] src.pipeline — Processing 3095200 ...
2026-03-24 15:23:45,654 [INFO] src.pipeline — Processing 3096254 ...
2026-03-24 15:23:45,744 [INFO] src.pipeline — Processing 3099875 ...
2026-03-24 15:23:45,829 [INFO] src.pipeline — Processing 3101011 ...
2026-03-24 15:23:45,914 [INFO] src.pipeline — Processing 3110550 ...
2026-03-24 15:23:46,006 [INFO] src.pipeline — Processing 3113249 ...
2026-03-24 15:23:46,088 [INFO] src.pipeline — Processing 3114582 ...
2026-03-24 15:23:46,178 [INFO] src.pipeline — Processing 3118448 ...
2026-03-24 15:23:46,259 [INFO] src.pipeline — Processing 3128412 ...
2026-03-24 15:23:46,342 [INFO] src.pipeline — Processing 3128947 ...
2026-03-24 15:23:46,428 [INFO] src.pipeline — Processing 3128957 ...
2026-03-24 15:23:46,524 [INFO] src.pipeline — Processing 3133602 ...
2026-03-24 15:23:46,614 [INFO] src.pipeline — Processing 3136075 ...
2026-03-24 15:23:46,696 [INFO] src.pipeline — Processing 3138453 ...
2026-03-24 15:23:46,779 [INFO] src.pipeline — Processing 3139196 ...
2026-03-24 15:23:47,418 [INFO] src.pipeline — Pipeline complete. OK: 356 | PARTIAL: 5 | FAILED: 2
2026-03-24 15:30:23,791 [INFO] src.pipeline — Processing 188981 ...
2026-03-24 15:30:26,528 [INFO] src.pipeline — Processing 251972 ...
2026-03-24 15:30:26,610 [INFO] src.pipeline — Processing 265715 ...
2026-03-24 15:30:26,686 [INFO] src.pipeline — Processing 267628 ...
2026-03-24 15:30:26,771 [INFO] src.pipeline — Processing 267630 ...
2026-03-24 15:30:26,795 [ERROR] src.pipeline — [267630] FAILED: TOO_FEW_RPEAKS: 0
2026-03-24 15:30:26,795 [INFO] src.pipeline — Processing 286830 ...
2026-03-24 15:30:26,898 [INFO] src.pipeline — Processing 287355 ...
2026-03-24 15:30:26,975 [INFO] src.pipeline — Processing 292220 ...
2026-03-24 15:30:27,056 [INFO] src.pipeline — Processing 292666 ...
2026-03-24 15:30:27,138 [INFO] src.pipeline — Processing 304141 ...
2026-03-24 15:30:27,213 [INFO] src.pipeline — Processing 314397 ...
2026-03-24 15:30:27,298 [INFO] src.pipeline — Processing 316872 ...
2026-03-24 15:30:27,371 [INFO] src.pipeline — Processing 317547 ...
2026-03-24 15:30:27,445 [INFO] src.pipeline — Processing 319150 ...
2026-03-24 15:30:27,523 [INFO] src.pipeline — Processing 319221 ...
2026-03-24 15:30:27,617 [INFO] src.pipeline — Processing 325231 ...
2026-03-24 15:30:27,693 [INFO] src.pipeline — Processing 325966 ...
2026-03-24 15:30:27,766 [INFO] src.pipeline — Processing 329034 ...
2026-03-24 15:30:27,849 [INFO] src.pipeline — Processing 329533 ...
2026-03-24 15:30:27,928 [INFO] src.pipeline — Processing 395553 ...
2026-03-24 15:30:28,001 [INFO] src.pipeline — Processing 405298 ...
2026-03-24 15:30:28,094 [INFO] src.pipeline — Processing 406008 ...
2026-03-24 15:30:28,174 [INFO] src.pipeline — Processing 413267 ...
2026-03-24 15:30:28,252 [INFO] src.pipeline — Processing 419510 ...
2026-03-24 15:30:28,320 [INFO] src.pipeline — Processing 419960 ...
2026-03-24 15:30:28,401 [INFO] src.pipeline — Processing 428031 ...
2026-03-24 15:30:28,481 [INFO] src.pipeline — Processing 434996 ...
2026-03-24 15:30:28,560 [INFO] src.pipeline — Processing 438721 ...
2026-03-24 15:30:28,649 [INFO] src.pipeline — Processing 445953 ...
2026-03-24 15:30:28,734 [INFO] src.pipeline — Processing 450733 ...
2026-03-24 15:30:28,820 [INFO] src.pipeline — Processing 460919 ...
2026-03-24 15:30:28,895 [INFO] src.pipeline — Processing 461866 ...
2026-03-24 15:30:28,975 [INFO] src.pipeline — Processing 466796 ...
2026-03-24 15:30:29,053 [INFO] src.pipeline — Processing 471727 ...
2026-03-24 15:30:29,136 [INFO] src.pipeline — Processing 478457 ...
2026-03-24 15:30:29,215 [INFO] src.pipeline — Processing 482516 ...
2026-03-24 15:30:29,296 [INFO] src.pipeline — Processing 482868 ...
2026-03-24 15:30:29,379 [INFO] src.pipeline — Processing 487609 ...
2026-03-24 15:30:29,454 [INFO] src.pipeline — Processing 489539 ...
2026-03-24 15:30:29,528 [INFO] src.pipeline — Processing 505351 ...
2026-03-24 15:30:29,608 [INFO] src.pipeline — Processing 506408 ...
2026-03-24 15:30:29,687 [INFO] src.pipeline — Processing 509648 ...
2026-03-24 15:30:29,766 [INFO] src.pipeline — Processing 516092 ...
2026-03-24 15:30:29,853 [INFO] src.pipeline — Processing 519139 ...
2026-03-24 15:30:29,931 [INFO] src.pipeline — Processing 519687 ...
2026-03-24 15:30:30,008 [INFO] src.pipeline — Processing 532816 ...
2026-03-24 15:30:30,079 [INFO] src.pipeline — Processing 538053 ...
2026-03-24 15:30:30,164 [INFO] src.pipeline — Processing 540736 ...
2026-03-24 15:30:30,257 [INFO] src.pipeline — Processing 548140 ...
2026-03-24 15:30:30,334 [INFO] src.pipeline — Processing 548865 ...
2026-03-24 15:30:30,419 [INFO] src.pipeline — Processing 558967 ...
2026-03-24 15:30:30,497 [INFO] src.pipeline — Processing 571723 ...
2026-03-24 15:30:30,571 [INFO] src.pipeline — Processing 577838 ...
2026-03-24 15:30:30,653 [WARNING] src.pipeline — [577838] PARTIAL: ['BEAT0_V1_J_POINT_LOW_CONFIDENCE', 'BEAT1_V1_J_POINT_LOW_CONFIDENCE', 'BEAT4_V1_J_POINT_LOW_CONFIDENCE', 'BEAT12_V1_J_POINT_LOW_CONFIDENCE', 'BEAT16_V1_J_POINT_LOW_CONFIDENCE']
2026-03-24 15:30:30,654 [INFO] src.pipeline — Processing 580720 ...
2026-03-24 15:30:30,743 [INFO] src.pipeline — Processing 581912 ...
2026-03-24 15:30:30,820 [WARNING] src.pipeline — [581912] PARTIAL: ['BEAT1_V2_J_POINT_LOW_CONFIDENCE']
2026-03-24 15:30:30,820 [INFO] src.pipeline — Processing 592768 ...
2026-03-24 15:30:30,930 [INFO] src.pipeline — Processing 596382 ...
2026-03-24 15:30:31,014 [INFO] src.pipeline — Processing 597251 ...
2026-03-24 15:30:31,100 [INFO] src.pipeline — Processing 613119 ...
2026-03-24 15:30:31,188 [INFO] src.pipeline — Processing 614578 ...
2026-03-24 15:30:31,287 [INFO] src.pipeline — Processing 614707 ...
2026-03-24 15:30:31,372 [INFO] src.pipeline — Processing 622530 ...
2026-03-24 15:30:31,466 [INFO] src.pipeline — Processing 624511 ...
2026-03-24 15:30:31,565 [INFO] src.pipeline — Processing 625190 ...
2026-03-24 15:30:31,650 [INFO] src.pipeline — Processing 641455 ...
2026-03-24 15:30:31,728 [INFO] src.pipeline — Processing 643139 ...
2026-03-24 15:30:31,833 [INFO] src.pipeline — Processing 801261 ...
2026-03-24 15:30:31,973 [INFO] src.pipeline — Processing 806949 ...
2026-03-24 15:30:32,100 [INFO] src.pipeline — Processing 807363 ...
2026-03-24 15:30:32,205 [INFO] src.pipeline — Processing 812209 ...
2026-03-24 15:30:32,319 [INFO] src.pipeline — Processing 812404 ...
2026-03-24 15:30:32,416 [INFO] src.pipeline — Processing 814286 ...
2026-03-24 15:30:32,508 [INFO] src.pipeline — Processing 816929 ...
2026-03-24 15:30:32,594 [INFO] src.pipeline — Processing 819710 ...
2026-03-24 15:30:32,682 [INFO] src.pipeline — Processing 821478 ...
2026-03-24 15:30:32,758 [INFO] src.pipeline — Processing 822108 ...
2026-03-24 15:30:32,851 [INFO] src.pipeline — Processing 822756 ...
2026-03-24 15:30:32,938 [INFO] src.pipeline — Processing 829768 ...
2026-03-24 15:30:33,026 [INFO] src.pipeline — Processing 830179 ...
2026-03-24 15:30:33,124 [INFO] src.pipeline — Processing 841212 ...
2026-03-24 15:30:33,220 [INFO] src.pipeline — Processing 841869 ...
2026-03-24 15:30:33,316 [INFO] src.pipeline — Processing 844915 ...
2026-03-24 15:30:33,424 [INFO] src.pipeline — Processing 849168 ...
2026-03-24 15:30:33,527 [INFO] src.pipeline — Processing 852786 ...
2026-03-24 15:30:33,644 [INFO] src.pipeline — Processing 855592 ...
2026-03-24 15:30:33,771 [INFO] src.pipeline — Processing 865998 ...
2026-03-24 15:30:33,857 [INFO] src.pipeline — Processing 866721 ...
2026-03-24 15:30:33,951 [INFO] src.pipeline — Processing 873255 ...
2026-03-24 15:30:34,056 [INFO] src.pipeline — Processing 878765 ...
2026-03-24 15:30:34,176 [INFO] src.pipeline — Processing 887465 ...
2026-03-24 15:30:34,274 [INFO] src.pipeline — Processing 891754 ...
2026-03-24 15:30:34,372 [INFO] src.pipeline — Processing 894725 ...
2026-03-24 15:30:34,489 [INFO] src.pipeline — Processing 898726 ...
2026-03-24 15:30:34,583 [INFO] src.pipeline — Processing 903442 ...
2026-03-24 15:30:34,683 [INFO] src.pipeline — Processing 903802 ...
2026-03-24 15:30:34,769 [WARNING] src.pipeline — [903802] PARTIAL: ['BEAT9_V2_J_POINT_LOW_CONFIDENCE']
2026-03-24 15:30:34,769 [INFO] src.pipeline — Processing 907736 ...
2026-03-24 15:30:34,855 [INFO] src.pipeline — Processing 913169 ...
2026-03-24 15:30:34,940 [INFO] src.pipeline — Processing 918062 ...
2026-03-24 15:30:35,038 [INFO] src.pipeline — Processing 920037 ...
2026-03-24 15:30:35,143 [INFO] src.pipeline — Processing 921230 ...
2026-03-24 15:30:35,243 [INFO] src.pipeline — Processing 930107 ...
2026-03-24 15:30:35,358 [INFO] src.pipeline — Processing 935156 ...
2026-03-24 15:30:35,470 [INFO] src.pipeline — Processing 938838 ...
2026-03-24 15:30:35,572 [INFO] src.pipeline — Processing 939546 ...
2026-03-24 15:30:35,799 [INFO] src.pipeline — Processing 945345 ...
2026-03-24 15:30:35,990 [INFO] src.pipeline — Processing 952177 ...
2026-03-24 15:30:36,122 [INFO] src.pipeline — Processing 952641 ...
2026-03-24 15:30:36,249 [INFO] src.pipeline — Processing 953976 ...
2026-03-24 15:30:36,361 [INFO] src.pipeline — Processing 958460 ...
2026-03-24 15:30:36,491 [INFO] src.pipeline — Processing 958703 ...
2026-03-24 15:30:36,661 [INFO] src.pipeline — Processing 959843 ...
2026-03-24 15:30:36,788 [INFO] src.pipeline — Processing 960432 ...
2026-03-24 15:30:36,917 [INFO] src.pipeline — Processing 962566 ...
2026-03-24 15:30:37,026 [INFO] src.pipeline — Processing 964469 ...
2026-03-24 15:30:37,189 [INFO] src.pipeline — Processing 965217 ...
2026-03-24 15:30:37,336 [INFO] src.pipeline — Processing 967547 ...
2026-03-24 15:30:37,483 [INFO] src.pipeline — Processing 968556 ...
2026-03-24 15:30:37,648 [INFO] src.pipeline — Processing 969321 ...
2026-03-24 15:30:37,789 [INFO] src.pipeline — Processing 970649 ...
2026-03-24 15:30:37,921 [INFO] src.pipeline — Processing 972048 ...
2026-03-24 15:30:38,065 [INFO] src.pipeline — Processing 972330 ...
2026-03-24 15:30:38,181 [INFO] src.pipeline — Processing 972781 ...
2026-03-24 15:30:38,298 [INFO] src.pipeline — Processing 980284 ...
2026-03-24 15:30:38,418 [INFO] src.pipeline — Processing 982732 ...
2026-03-24 15:30:38,538 [INFO] src.pipeline — Processing 985814 ...
2026-03-24 15:30:38,668 [INFO] src.pipeline — Processing 991528 ...
2026-03-24 15:30:38,792 [INFO] src.pipeline — Processing 994065 ...
2026-03-24 15:30:38,888 [INFO] src.pipeline — Processing 994217 ...
2026-03-24 15:30:38,972 [INFO] src.pipeline — Processing 994515 ...
2026-03-24 15:30:39,054 [INFO] src.pipeline — Processing 998036 ...
2026-03-24 15:30:39,122 [INFO] src.pipeline — Processing 999474 ...
2026-03-24 15:30:39,199 [INFO] src.pipeline — Processing 1009874 ...
2026-03-24 15:30:39,263 [INFO] src.pipeline — Processing 1013884 ...
2026-03-24 15:30:39,343 [INFO] src.pipeline — Processing 1023925 ...
2026-03-24 15:30:39,414 [INFO] src.pipeline — Processing 1036640 ...
2026-03-24 15:30:39,495 [INFO] src.pipeline — Processing 1041375 ...
2026-03-24 15:30:39,583 [INFO] src.pipeline — Processing 1053511 ...
2026-03-24 15:30:39,695 [INFO] src.pipeline — Processing 1054733 ...
2026-03-24 15:30:39,788 [INFO] src.pipeline — Processing 1058085 ...
2026-03-24 15:30:39,902 [INFO] src.pipeline — Processing 1058605 ...
2026-03-24 15:30:40,003 [INFO] src.pipeline — Processing 1061898 ...
2026-03-24 15:30:40,079 [INFO] src.pipeline — Processing 1063368 ...
2026-03-24 15:30:40,162 [INFO] src.pipeline — Processing 1073253 ...
2026-03-24 15:30:40,243 [INFO] src.pipeline — Processing 1074787 ...
2026-03-24 15:30:40,320 [INFO] src.pipeline — Processing 1080968 ...
2026-03-24 15:30:40,414 [INFO] src.pipeline — Processing 1081032 ...
2026-03-24 15:30:40,494 [INFO] src.pipeline — Processing 1081338 ...
2026-03-24 15:30:40,573 [INFO] src.pipeline — Processing 1084994 ...
2026-03-24 15:30:40,647 [INFO] src.pipeline — Processing 1085203 ...
2026-03-24 15:30:40,735 [INFO] src.pipeline — Processing 1087704 ...
2026-03-24 15:30:40,820 [INFO] src.pipeline — Processing 1088175 ...
2026-03-24 15:30:40,909 [INFO] src.pipeline — Processing 1088261 ...
2026-03-24 15:30:40,990 [INFO] src.pipeline — Processing 1088796 ...
2026-03-24 15:30:41,068 [INFO] src.pipeline — Processing 1092237 ...
2026-03-24 15:30:41,140 [WARNING] src.pipeline — [1092237] PARTIAL: ['BEAT0_V1_J_POINT_LOW_CONFIDENCE', 'BEAT1_V1_J_POINT_LOW_CONFIDENCE', 'BEAT2_V1_J_POINT_LOW_CONFIDENCE', 'BEAT3_V1_J_POINT_LOW_CONFIDENCE', 'BEAT4_V1_J_POINT_LOW_CONFIDENCE', 'BEAT5_V1_J_POINT_LOW_CONFIDENCE', 'BEAT6_V1_J_POINT_LOW_CONFIDENCE', 'BEAT7_V1_J_POINT_LOW_CONFIDENCE', 'BEAT8_V1_J_POINT_LOW_CONFIDENCE']
2026-03-24 15:30:41,141 [INFO] src.pipeline — Processing 1093224 ...
2026-03-24 15:30:41,222 [INFO] src.pipeline — Processing 1096625 ...
2026-03-24 15:30:41,312 [INFO] src.pipeline — Processing 1097714 ...
2026-03-24 15:30:41,421 [INFO] src.pipeline — Processing 1098314 ...
2026-03-24 15:30:41,525 [INFO] src.pipeline — Processing 1099262 ...
2026-03-24 15:30:41,628 [INFO] src.pipeline — Processing 1102607 ...
2026-03-24 15:30:41,735 [INFO] src.pipeline — Processing 1103983 ...
2026-03-24 15:30:41,835 [INFO] src.pipeline — Processing 1106149 ...
2026-03-24 15:30:41,935 [INFO] src.pipeline — Processing 1112604 ...
2026-03-24 15:30:42,073 [INFO] src.pipeline — Processing 1117553 ...
2026-03-24 15:30:42,159 [INFO] src.pipeline — Processing 1118251 ...
2026-03-24 15:30:42,267 [INFO] src.pipeline — Processing 1121137 ...
2026-03-24 15:30:42,356 [INFO] src.pipeline — Processing 1122903 ...
2026-03-24 15:30:42,445 [INFO] src.pipeline — Processing 1124825 ...
2026-03-24 15:30:42,549 [INFO] src.pipeline — Processing 1124826 ...
2026-03-24 15:30:42,636 [INFO] src.pipeline — Processing 1128835 ...
2026-03-24 15:30:42,725 [INFO] src.pipeline — Processing 1134284 ...
2026-03-24 15:30:42,815 [INFO] src.pipeline — Processing 1135434 ...
2026-03-24 15:30:42,905 [INFO] src.pipeline — Processing 1138153 ...
2026-03-24 15:30:42,979 [INFO] src.pipeline — Processing 1141322 ...
2026-03-24 15:30:43,053 [INFO] src.pipeline — Processing 1142915 ...
2026-03-24 15:30:43,163 [INFO] src.pipeline — Processing 1145203 ...
2026-03-24 15:30:43,289 [INFO] src.pipeline — Processing 1146063 ...
2026-03-24 15:30:43,407 [INFO] src.pipeline — Processing 1147684 ...
2026-03-24 15:30:43,508 [INFO] src.pipeline — Processing 1148718 ...
2026-03-24 15:30:43,593 [INFO] src.pipeline — Processing 1152054 ...
2026-03-24 15:30:43,680 [INFO] src.pipeline — Processing 1157038 ...
2026-03-24 15:30:43,752 [INFO] src.pipeline — Processing 1160261 ...
2026-03-24 15:30:43,825 [INFO] src.pipeline — Processing 1165447 ...
2026-03-24 15:30:43,909 [INFO] src.pipeline — Processing 1165448 ...
2026-03-24 15:30:43,998 [INFO] src.pipeline — Processing 1169405 ...
2026-03-24 15:30:44,089 [INFO] src.pipeline — Processing 1172602 ...
2026-03-24 15:30:44,177 [INFO] src.pipeline — Processing 1176675 ...
2026-03-24 15:30:44,251 [INFO] src.pipeline — Processing 1177018 ...
2026-03-24 15:30:44,328 [INFO] src.pipeline — Processing 1180702 ...
2026-03-24 15:30:44,415 [INFO] src.pipeline — Processing 1183349 ...
2026-03-24 15:30:44,496 [INFO] src.pipeline — Processing 1184742 ...
2026-03-24 15:30:44,583 [INFO] src.pipeline — Processing 1187599 ...
2026-03-24 15:30:44,659 [INFO] src.pipeline — Processing 1188747 ...
2026-03-24 15:30:44,753 [INFO] src.pipeline — Processing 1190805 ...
2026-03-24 15:30:44,828 [INFO] src.pipeline — Processing 1191551 ...
2026-03-24 15:30:44,905 [INFO] src.pipeline — Processing 1191595 ...
2026-03-24 15:30:44,986 [INFO] src.pipeline — Processing 1192135 ...
2026-03-24 15:30:45,063 [INFO] src.pipeline — Processing 1192146 ...
2026-03-24 15:30:45,137 [INFO] src.pipeline — Processing 1192654 ...
2026-03-24 15:30:45,210 [INFO] src.pipeline — Processing 1197538 ...
2026-03-24 15:30:45,290 [INFO] src.pipeline — Processing 1199480 ...
2026-03-24 15:30:45,371 [INFO] src.pipeline — Processing 1199517 ...
2026-03-24 15:30:45,451 [INFO] src.pipeline — Processing 1199593 ...
2026-03-24 15:30:45,529 [INFO] src.pipeline — Processing 1202306 ...
2026-03-24 15:30:45,618 [INFO] src.pipeline — Processing 1207769 ...
2026-03-24 15:30:45,694 [INFO] src.pipeline — Processing 1207947 ...
2026-03-24 15:30:45,765 [INFO] src.pipeline — Processing 1214441 ...
2026-03-24 15:30:45,842 [INFO] src.pipeline — Processing 1220716 ...
2026-03-24 15:30:45,923 [INFO] src.pipeline — Processing 1221590 ...
2026-03-24 15:30:45,997 [INFO] src.pipeline — Processing 1223519 ...
2026-03-24 15:30:46,074 [INFO] src.pipeline — Processing 1224102 ...
2026-03-24 15:30:46,155 [INFO] src.pipeline — Processing 1228746 ...
2026-03-24 15:30:46,230 [INFO] src.pipeline — Processing 1230482 ...
2026-03-24 15:30:46,260 [ERROR] src.pipeline — [1230482] FAILED: TOO_FEW_VALID_BEATS:0
2026-03-24 15:30:46,261 [INFO] src.pipeline — Processing 1231339 ...
2026-03-24 15:30:46,337 [INFO] src.pipeline — Processing 1235674 ...
2026-03-24 15:30:46,415 [INFO] src.pipeline — Processing 1236012 ...
2026-03-24 15:30:46,491 [INFO] src.pipeline — Processing 1237748 ...
2026-03-24 15:30:46,565 [INFO] src.pipeline — Processing 1238446 ...
2026-03-24 15:30:46,653 [INFO] src.pipeline — Processing 1238671 ...
2026-03-24 15:30:46,744 [INFO] src.pipeline — Processing 1242678 ...
2026-03-24 15:30:46,821 [INFO] src.pipeline — Processing 1244867 ...
2026-03-24 15:30:46,892 [INFO] src.pipeline — Processing 1248576 ...
2026-03-24 15:30:46,967 [INFO] src.pipeline — Processing 1248611 ...
2026-03-24 15:30:47,044 [INFO] src.pipeline — Processing 1252288 ...
2026-03-24 15:30:47,120 [INFO] src.pipeline — Processing 1254062 ...
2026-03-24 15:30:47,194 [INFO] src.pipeline — Processing 1254171 ...
2026-03-24 15:30:47,272 [INFO] src.pipeline — Processing 1254267 ...
2026-03-24 15:30:47,348 [INFO] src.pipeline — Processing 1259391 ...
2026-03-24 15:30:47,428 [INFO] src.pipeline — Processing 1263008 ...
2026-03-24 15:30:47,504 [INFO] src.pipeline — Processing 1270798 ...
2026-03-24 15:30:47,575 [INFO] src.pipeline — Processing 1272319 ...
2026-03-24 15:30:47,666 [INFO] src.pipeline — Processing 1272821 ...
2026-03-24 15:30:47,746 [INFO] src.pipeline — Processing 1274776 ...
2026-03-24 15:30:47,824 [INFO] src.pipeline — Processing 1275329 ...
2026-03-24 15:30:47,903 [INFO] src.pipeline — Processing 1277374 ...
2026-03-24 15:30:47,994 [INFO] src.pipeline — Processing 1278746 ...
2026-03-24 15:30:48,075 [INFO] src.pipeline — Processing 1280588 ...
2026-03-24 15:30:48,147 [INFO] src.pipeline — Processing 1281380 ...
2026-03-24 15:30:48,226 [INFO] src.pipeline — Processing 1284182 ...
2026-03-24 15:30:48,299 [INFO] src.pipeline — Processing 1285404 ...
2026-03-24 15:30:48,388 [INFO] src.pipeline — Processing 1286512 ...
2026-03-24 15:30:48,467 [INFO] src.pipeline — Processing 1290629 ...
2026-03-24 15:30:48,546 [INFO] src.pipeline — Processing 1290807 ...
2026-03-24 15:30:48,619 [INFO] src.pipeline — Processing 1294540 ...
2026-03-24 15:30:48,701 [INFO] src.pipeline — Processing 1297151 ...
2026-03-24 15:30:48,778 [INFO] src.pipeline — Processing 1297765 ...
2026-03-24 15:30:48,856 [INFO] src.pipeline — Processing 1297767 ...
2026-03-24 15:30:48,938 [INFO] src.pipeline — Processing 1298469 ...
2026-03-24 15:30:49,015 [INFO] src.pipeline — Processing 1303729 ...
2026-03-24 15:30:49,093 [INFO] src.pipeline — Processing 1305051 ...
2026-03-24 15:30:49,166 [INFO] src.pipeline — Processing 1307673 ...
2026-03-24 15:30:49,255 [INFO] src.pipeline — Processing 1307716 ...
2026-03-24 15:30:49,324 [INFO] src.pipeline — Processing 1309300 ...
2026-03-24 15:30:49,406 [INFO] src.pipeline — Processing 1310052 ...
2026-03-24 15:30:49,486 [INFO] src.pipeline — Processing 1312303 ...
2026-03-24 15:30:49,563 [INFO] src.pipeline — Processing 1313974 ...
2026-03-24 15:30:49,644 [INFO] src.pipeline — Processing 1316784 ...
2026-03-24 15:30:49,716 [INFO] src.pipeline — Processing 1318568 ...
2026-03-24 15:30:49,798 [INFO] src.pipeline — Processing 1326991 ...
2026-03-24 15:30:49,881 [INFO] src.pipeline — Processing 1327775 ...
2026-03-24 15:30:49,965 [INFO] src.pipeline — Processing 1327784 ...
2026-03-24 15:30:50,062 [INFO] src.pipeline — Processing 1332388 ...
2026-03-24 15:30:50,135 [INFO] src.pipeline — Processing 1336243 ...
2026-03-24 15:30:50,213 [INFO] src.pipeline — Processing 1337461 ...
2026-03-24 15:30:50,299 [INFO] src.pipeline — Processing 1338772 ...
2026-03-24 15:30:50,379 [INFO] src.pipeline — Processing 1338780 ...
2026-03-24 15:30:50,459 [INFO] src.pipeline — Processing 1342979 ...
2026-03-24 15:30:50,533 [INFO] src.pipeline — Processing 1344639 ...
2026-03-24 15:30:50,609 [INFO] src.pipeline — Processing 1346727 ...
2026-03-24 15:30:50,689 [INFO] src.pipeline — Processing 1350930 ...
2026-03-24 15:30:50,774 [INFO] src.pipeline — Processing 1357325 ...
2026-03-24 15:30:50,852 [INFO] src.pipeline — Processing 1358245 ...
2026-03-24 15:30:50,936 [INFO] src.pipeline — Processing 1360656 ...
2026-03-24 15:30:51,005 [INFO] src.pipeline — Processing 1366050 ...
2026-03-24 15:30:51,081 [INFO] src.pipeline — Processing 1366637 ...
2026-03-24 15:30:51,157 [INFO] src.pipeline — Processing 1370418 ...
2026-03-24 15:30:51,229 [INFO] src.pipeline — Processing 1370819 ...
2026-03-24 15:30:51,318 [INFO] src.pipeline — Processing 1371132 ...
2026-03-24 15:30:51,398 [INFO] src.pipeline — Processing 1371554 ...
2026-03-24 15:30:51,479 [INFO] src.pipeline — Processing 1372180 ...
2026-03-24 15:30:51,559 [INFO] src.pipeline — Processing 1372181 ...
2026-03-24 15:30:51,638 [INFO] src.pipeline — Processing 1381534 ...
2026-03-24 15:30:51,713 [INFO] src.pipeline — Processing 1382112 ...
2026-03-24 15:30:51,800 [INFO] src.pipeline — Processing 1383335 ...
2026-03-24 15:30:51,886 [INFO] src.pipeline — Processing 1385747 ...
2026-03-24 15:30:51,977 [INFO] src.pipeline — Processing 1386698 ...
2026-03-24 15:30:52,051 [INFO] src.pipeline — Processing 1390489 ...
2026-03-24 15:30:52,132 [INFO] src.pipeline — Processing 1403173 ...
2026-03-24 15:30:52,325 [INFO] src.pipeline — Processing 1404688 ...
2026-03-24 15:30:52,502 [INFO] src.pipeline — Processing 1407660 ...
2026-03-24 15:30:52,573 [INFO] src.pipeline — Processing 1408290 ...
2026-03-24 15:30:52,658 [INFO] src.pipeline — Processing 1414022 ...
2026-03-24 15:30:52,734 [INFO] src.pipeline — Processing 1414967 ...
2026-03-24 15:30:52,819 [INFO] src.pipeline — Processing 1416483 ...
2026-03-24 15:30:52,894 [INFO] src.pipeline — Processing 1417008 ...
2026-03-24 15:30:52,980 [INFO] src.pipeline — Processing 1418000 ...
2026-03-24 15:30:53,072 [INFO] src.pipeline — Processing 1419825 ...
2026-03-24 15:30:53,173 [INFO] src.pipeline — Processing 1421261 ...
2026-03-24 15:30:53,266 [INFO] src.pipeline — Processing 1421316 ...
2026-03-24 15:30:53,360 [INFO] src.pipeline — Processing 1422523 ...
2026-03-24 15:30:53,454 [INFO] src.pipeline — Processing 1422770 ...
2026-03-24 15:30:53,529 [INFO] src.pipeline — Processing 1423789 ...
2026-03-24 15:30:53,598 [INFO] src.pipeline — Processing 1424148 ...
2026-03-24 15:30:53,687 [INFO] src.pipeline — Processing 1425960 ...
2026-03-24 15:30:53,767 [INFO] src.pipeline — Processing 1426919 ...
2026-03-24 15:30:53,849 [INFO] src.pipeline — Processing 2187085 ...
2026-03-24 15:30:53,931 [INFO] src.pipeline — Processing 2635972 ...
2026-03-24 15:30:54,029 [INFO] src.pipeline — Processing 3003692 ...
2026-03-24 15:30:54,107 [INFO] src.pipeline — Processing 3004284 ...
2026-03-24 15:30:54,189 [INFO] src.pipeline — Processing 3006598 ...
2026-03-24 15:30:54,262 [INFO] src.pipeline — Processing 3007664 ...
2026-03-24 15:30:54,338 [INFO] src.pipeline — Processing 3009538 ...
2026-03-24 15:30:54,410 [INFO] src.pipeline — Processing 3009950 ...
2026-03-24 15:30:54,486 [INFO] src.pipeline — Processing 3015438 ...
2026-03-24 15:30:54,561 [INFO] src.pipeline — Processing 3015440 ...
2026-03-24 15:30:54,636 [INFO] src.pipeline — Processing 3015449 ...
2026-03-24 15:30:54,715 [INFO] src.pipeline — Processing 3016396 ...
2026-03-24 15:30:54,789 [INFO] src.pipeline — Processing 3016401 ...
2026-03-24 15:30:54,876 [INFO] src.pipeline — Processing 3028930 ...
2026-03-24 15:30:54,963 [INFO] src.pipeline — Processing 3030937 ...
2026-03-24 15:30:55,045 [INFO] src.pipeline — Processing 3035210 ...
2026-03-24 15:30:55,114 [INFO] src.pipeline — Processing 3037390 ...
2026-03-24 15:30:55,192 [INFO] src.pipeline — Processing 3037617 ...
2026-03-24 15:30:55,270 [INFO] src.pipeline — Processing 3043155 ...
2026-03-24 15:30:55,346 [INFO] src.pipeline — Processing 3044775 ...
2026-03-24 15:30:55,434 [INFO] src.pipeline — Processing 3045053 ...
2026-03-24 15:30:55,513 [INFO] src.pipeline — Processing 3045059 ...
2026-03-24 15:30:55,588 [INFO] src.pipeline — Processing 3045751 ...
2026-03-24 15:30:55,662 [INFO] src.pipeline — Processing 3058024 ...
2026-03-24 15:30:55,744 [INFO] src.pipeline — Processing 3058134 ...
2026-03-24 15:30:55,816 [INFO] src.pipeline — Processing 3062045 ...
2026-03-24 15:30:55,891 [INFO] src.pipeline — Processing 3064724 ...
2026-03-24 15:30:55,961 [INFO] src.pipeline — Processing 3065295 ...
2026-03-24 15:30:56,037 [INFO] src.pipeline — Processing 3067191 ...
2026-03-24 15:30:56,110 [INFO] src.pipeline — Processing 3067196 ...
2026-03-24 15:30:56,192 [INFO] src.pipeline — Processing 3071151 ...
2026-03-24 15:30:56,262 [INFO] src.pipeline — Processing 3072833 ...
2026-03-24 15:30:56,342 [INFO] src.pipeline — Processing 3072836 ...
2026-03-24 15:30:56,420 [INFO] src.pipeline — Processing 3073346 ...
2026-03-24 15:30:56,492 [INFO] src.pipeline — Processing 3074751 ...
2026-03-24 15:30:56,567 [INFO] src.pipeline — Processing 3075260 ...
2026-03-24 15:30:56,646 [INFO] src.pipeline — Processing 3080118 ...
2026-03-24 15:30:56,725 [INFO] src.pipeline — Processing 3080186 ...
2026-03-24 15:30:56,798 [INFO] src.pipeline — Processing 3092472 ...
2026-03-24 15:30:56,874 [INFO] src.pipeline — Processing 3093924 ...
2026-03-24 15:30:56,954 [INFO] src.pipeline — Processing 3094047 ...
2026-03-24 15:30:57,030 [INFO] src.pipeline — Processing 3094049 ...
2026-03-24 15:30:57,108 [WARNING] src.pipeline — [3094049] PARTIAL: ['BEAT2_V1_J_POINT_LOW_CONFIDENCE', 'BEAT4_V1_J_POINT_LOW_CONFIDENCE', 'BEAT5_V1_J_POINT_LOW_CONFIDENCE', 'BEAT6_V1_J_POINT_LOW_CONFIDENCE', 'BEAT7_V1_J_POINT_LOW_CONFIDENCE']
2026-03-24 15:30:57,108 [INFO] src.pipeline — Processing 3095195 ...
2026-03-24 15:30:57,183 [INFO] src.pipeline — Processing 3095200 ...
2026-03-24 15:30:57,258 [INFO] src.pipeline — Processing 3096254 ...
2026-03-24 15:30:57,339 [INFO] src.pipeline — Processing 3099875 ...
2026-03-24 15:30:57,417 [INFO] src.pipeline — Processing 3101011 ...
2026-03-24 15:30:57,490 [INFO] src.pipeline — Processing 3110550 ...
2026-03-24 15:30:57,568 [INFO] src.pipeline — Processing 3113249 ...
2026-03-24 15:30:57,644 [INFO] src.pipeline — Processing 3114582 ...
2026-03-24 15:30:57,733 [INFO] src.pipeline — Processing 3118448 ...
2026-03-24 15:30:57,806 [INFO] src.pipeline — Processing 3128412 ...
2026-03-24 15:30:57,886 [INFO] src.pipeline — Processing 3128947 ...
2026-03-24 15:30:57,960 [INFO] src.pipeline — Processing 3128957 ...
2026-03-24 15:30:58,039 [INFO] src.pipeline — Processing 3133602 ...
2026-03-24 15:30:58,119 [INFO] src.pipeline — Processing 3136075 ...
2026-03-24 15:30:58,191 [INFO] src.pipeline — Processing 3138453 ...
2026-03-24 15:30:58,264 [INFO] src.pipeline — Processing 3139196 ...
2026-03-24 15:30:58,907 [INFO] src.pipeline — Pipeline complete. OK: 356 | PARTIAL: 5 | FAILED: 2
2026-03-24 18:37:01,220 [INFO] src.pipeline — Processing 188981 ...
2026-03-24 18:37:05,987 [INFO] src.pipeline — Processing 251972 ...
2026-03-24 18:37:06,137 [INFO] src.pipeline — Processing 265715 ...
2026-03-24 18:37:06,302 [INFO] src.pipeline — Processing 267628 ...
2026-03-24 18:37:06,485 [INFO] src.pipeline — Processing 267630 ...
2026-03-24 18:37:06,547 [ERROR] src.pipeline — [267630] FAILED: TOO_FEW_RPEAKS: 0
2026-03-24 18:37:06,549 [INFO] src.pipeline — Processing 286830 ...
2026-03-24 18:37:06,728 [INFO] src.pipeline — Processing 287355 ...
2026-03-24 18:37:06,873 [INFO] src.pipeline — Processing 292220 ...
2026-03-24 18:37:07,039 [INFO] src.pipeline — Processing 292666 ...
2026-03-24 18:37:07,204 [INFO] src.pipeline — Processing 304141 ...
2026-03-24 18:37:07,344 [INFO] src.pipeline — Processing 314397 ...
2026-03-24 18:37:07,483 [INFO] src.pipeline — Processing 316872 ...
2026-03-24 18:37:07,632 [INFO] src.pipeline — Processing 317547 ...
2026-03-24 18:37:07,791 [INFO] src.pipeline — Processing 319150 ...
2026-03-24 18:37:07,954 [INFO] src.pipeline — Processing 319221 ...
2026-03-24 18:37:08,156 [INFO] src.pipeline — Processing 325231 ...
2026-03-24 18:37:08,316 [INFO] src.pipeline — Processing 325966 ...
2026-03-24 18:37:08,467 [INFO] src.pipeline — Processing 329034 ...
2026-03-24 18:37:08,614 [INFO] src.pipeline — Processing 329533 ...
2026-03-24 18:37:08,770 [INFO] src.pipeline — Processing 395553 ...
2026-03-24 18:37:08,920 [INFO] src.pipeline — Processing 405298 ...
2026-03-24 18:37:09,131 [INFO] src.pipeline — Processing 406008 ...
2026-03-24 18:37:09,374 [INFO] src.pipeline — Processing 413267 ...
2026-03-24 18:37:09,604 [INFO] src.pipeline — Processing 419510 ...
2026-03-24 18:37:09,715 [INFO] src.pipeline — Processing 419960 ...
2026-03-24 18:37:09,867 [INFO] src.pipeline — Processing 428031 ...
2026-03-24 18:37:10,045 [INFO] src.pipeline — Processing 434996 ...
2026-03-24 18:37:10,197 [INFO] src.pipeline — Processing 438721 ...
2026-03-24 18:37:10,369 [INFO] src.pipeline — Processing 445953 ...
2026-03-24 18:37:10,538 [INFO] src.pipeline — Processing 450733 ...
2026-03-24 18:37:10,761 [INFO] src.pipeline — Processing 460919 ...
2026-03-24 18:37:10,963 [INFO] src.pipeline — Processing 461866 ...
2026-03-24 18:37:11,131 [INFO] src.pipeline — Processing 466796 ...
2026-03-24 18:37:11,306 [INFO] src.pipeline — Processing 471727 ...
2026-03-24 18:37:11,474 [INFO] src.pipeline — Processing 478457 ...
2026-03-24 18:37:11,658 [INFO] src.pipeline — Processing 482516 ...
2026-03-24 18:37:11,803 [INFO] src.pipeline — Processing 482868 ...
2026-03-24 18:37:11,973 [INFO] src.pipeline — Processing 487609 ...
2026-03-24 18:37:12,126 [INFO] src.pipeline — Processing 489539 ...
2026-03-24 18:37:12,265 [INFO] src.pipeline — Processing 505351 ...
2026-03-24 18:37:12,409 [INFO] src.pipeline — Processing 506408 ...
2026-03-24 18:37:12,560 [INFO] src.pipeline — Processing 509648 ...
2026-03-24 18:37:12,709 [INFO] src.pipeline — Processing 516092 ...
2026-03-24 18:37:12,866 [INFO] src.pipeline — Processing 519139 ...
2026-03-24 18:37:13,006 [INFO] src.pipeline — Processing 519687 ...
2026-03-24 18:37:13,160 [INFO] src.pipeline — Processing 532816 ...
2026-03-24 18:37:13,329 [INFO] src.pipeline — Processing 538053 ...
2026-03-24 18:37:13,562 [INFO] src.pipeline — Processing 540736 ...
2026-03-24 18:37:13,811 [INFO] src.pipeline — Processing 548140 ...
2026-03-24 18:37:13,991 [INFO] src.pipeline — Processing 548865 ...
2026-03-24 18:37:14,215 [INFO] src.pipeline — Processing 558967 ...
2026-03-24 18:37:14,373 [INFO] src.pipeline — Processing 571723 ...
2026-03-24 18:37:14,571 [INFO] src.pipeline — Processing 577838 ...
2026-03-24 18:37:14,778 [WARNING] src.pipeline — [577838] PARTIAL: ['BEAT0_V1_J_POINT_LOW_CONFIDENCE', 'BEAT1_V1_J_POINT_LOW_CONFIDENCE', 'BEAT4_V1_J_POINT_LOW_CONFIDENCE', 'BEAT12_V1_J_POINT_LOW_CONFIDENCE', 'BEAT16_V1_J_POINT_LOW_CONFIDENCE']
2026-03-24 18:37:14,780 [INFO] src.pipeline — Processing 580720 ...
2026-03-24 18:37:14,936 [INFO] src.pipeline — Processing 581912 ...
2026-03-24 18:37:15,127 [WARNING] src.pipeline — [581912] PARTIAL: ['BEAT1_V2_J_POINT_LOW_CONFIDENCE']
2026-03-24 18:37:15,135 [INFO] src.pipeline — Processing 592768 ...
2026-03-24 18:37:15,409 [INFO] src.pipeline — Processing 596382 ...
2026-03-24 18:37:15,632 [INFO] src.pipeline — Processing 597251 ...
2026-03-24 18:37:15,819 [INFO] src.pipeline — Processing 613119 ...
2026-03-24 18:37:15,996 [INFO] src.pipeline — Processing 614578 ...
2026-03-24 18:37:16,178 [INFO] src.pipeline — Processing 614707 ...
2026-03-24 18:37:16,361 [INFO] src.pipeline — Processing 622530 ...
2026-03-24 18:37:16,654 [INFO] src.pipeline — Processing 624511 ...
2026-03-24 18:37:16,913 [INFO] src.pipeline — Processing 625190 ...
2026-03-24 18:37:17,246 [INFO] src.pipeline — Processing 641455 ...
2026-03-24 18:37:17,464 [INFO] src.pipeline — Processing 643139 ...
2026-03-24 18:37:17,645 [INFO] src.pipeline — Processing 801261 ...
2026-03-24 18:37:17,957 [INFO] src.pipeline — Processing 806949 ...
2026-03-24 18:37:18,232 [INFO] src.pipeline — Processing 807363 ...
2026-03-24 18:37:18,501 [INFO] src.pipeline — Processing 812209 ...
2026-03-24 18:37:18,737 [INFO] src.pipeline — Processing 812404 ...
2026-03-24 18:37:18,983 [INFO] src.pipeline — Processing 814286 ...
2026-03-24 18:37:19,182 [INFO] src.pipeline — Processing 816929 ...
2026-03-24 18:37:19,399 [INFO] src.pipeline — Processing 819710 ...
2026-03-24 18:37:19,710 [INFO] src.pipeline — Processing 821478 ...
2026-03-24 18:37:19,881 [INFO] src.pipeline — Processing 822108 ...
2026-03-24 18:37:20,126 [INFO] src.pipeline — Processing 822756 ...
2026-03-24 18:37:20,314 [INFO] src.pipeline — Processing 829768 ...
2026-03-24 18:37:20,465 [INFO] src.pipeline — Processing 830179 ...
2026-03-24 18:37:20,629 [INFO] src.pipeline — Processing 841212 ...
2026-03-24 18:37:20,808 [INFO] src.pipeline — Processing 841869 ...
2026-03-24 18:37:21,001 [INFO] src.pipeline — Processing 844915 ...
2026-03-24 18:37:21,210 [INFO] src.pipeline — Processing 849168 ...
2026-03-24 18:37:21,381 [INFO] src.pipeline — Processing 852786 ...
2026-03-24 18:37:21,605 [INFO] src.pipeline — Processing 855592 ...
2026-03-24 18:37:21,828 [INFO] src.pipeline — Processing 865998 ...
2026-03-24 18:37:22,023 [INFO] src.pipeline — Processing 866721 ...
2026-03-24 18:37:22,208 [INFO] src.pipeline — Processing 873255 ...
2026-03-24 18:37:22,397 [INFO] src.pipeline — Processing 878765 ...
2026-03-24 18:37:22,562 [INFO] src.pipeline — Processing 887465 ...
2026-03-24 18:37:22,715 [INFO] src.pipeline — Processing 891754 ...
2026-03-24 18:37:22,894 [INFO] src.pipeline — Processing 894725 ...
2026-03-24 18:37:23,083 [INFO] src.pipeline — Processing 898726 ...
2026-03-24 18:37:23,369 [INFO] src.pipeline — Processing 903442 ...
2026-03-24 18:37:23,608 [INFO] src.pipeline — Processing 903802 ...
2026-03-24 18:37:23,920 [WARNING] src.pipeline — [903802] PARTIAL: ['BEAT9_V2_J_POINT_LOW_CONFIDENCE']
2026-03-24 18:37:23,940 [INFO] src.pipeline — Processing 907736 ...
2026-03-24 18:37:24,129 [INFO] src.pipeline — Processing 913169 ...
2026-03-24 18:37:24,266 [INFO] src.pipeline — Processing 918062 ...
2026-03-24 18:37:24,452 [INFO] src.pipeline — Processing 920037 ...
2026-03-24 18:37:24,604 [INFO] src.pipeline — Processing 921230 ...
2026-03-24 18:37:24,752 [INFO] src.pipeline — Processing 930107 ...
2026-03-24 18:37:24,911 [INFO] src.pipeline — Processing 935156 ...
2026-03-24 18:37:25,051 [INFO] src.pipeline — Processing 938838 ...
2026-03-24 18:37:25,211 [INFO] src.pipeline — Processing 939546 ...
2026-03-24 18:37:25,418 [INFO] src.pipeline — Processing 945345 ...
2026-03-24 18:37:25,605 [INFO] src.pipeline — Processing 952177 ...
2026-03-24 18:37:25,766 [INFO] src.pipeline — Processing 952641 ...
2026-03-24 18:37:25,921 [INFO] src.pipeline — Processing 953976 ...
2026-03-24 18:37:26,057 [INFO] src.pipeline — Processing 958460 ...
2026-03-24 18:37:26,234 [INFO] src.pipeline — Processing 958703 ...
2026-03-24 18:37:26,399 [INFO] src.pipeline — Processing 959843 ...
2026-03-24 18:37:26,551 [INFO] src.pipeline — Processing 960432 ...
2026-03-24 18:37:26,753 [INFO] src.pipeline — Processing 962566 ...
2026-03-24 18:37:27,018 [INFO] src.pipeline — Processing 964469 ...
2026-03-24 18:37:27,194 [INFO] src.pipeline — Processing 965217 ...
2026-03-24 18:37:27,421 [INFO] src.pipeline — Processing 967547 ...
2026-03-24 18:37:27,582 [INFO] src.pipeline — Processing 968556 ...
2026-03-24 18:37:27,809 [INFO] src.pipeline — Processing 969321 ...
2026-03-24 18:37:28,079 [INFO] src.pipeline — Processing 970649 ...
2026-03-24 18:37:28,272 [INFO] src.pipeline — Processing 972048 ...
2026-03-24 18:37:28,460 [INFO] src.pipeline — Processing 972330 ...
2026-03-24 18:37:28,650 [INFO] src.pipeline — Processing 972781 ...
2026-03-24 18:37:28,803 [INFO] src.pipeline — Processing 980284 ...
2026-03-24 18:37:28,961 [INFO] src.pipeline — Processing 982732 ...
2026-03-24 18:37:29,136 [INFO] src.pipeline — Processing 985814 ...
2026-03-24 18:37:29,349 [INFO] src.pipeline — Processing 991528 ...
2026-03-24 18:37:29,511 [INFO] src.pipeline — Processing 994065 ...
2026-03-24 18:37:29,774 [INFO] src.pipeline — Processing 994217 ...
2026-03-24 18:37:29,973 [INFO] src.pipeline — Processing 994515 ...
2026-03-24 18:37:30,135 [INFO] src.pipeline — Processing 998036 ...
2026-03-24 18:37:30,298 [INFO] src.pipeline — Processing 999474 ...
2026-03-24 18:37:30,458 [INFO] src.pipeline — Processing 1009874 ...
2026-03-24 18:37:30,598 [INFO] src.pipeline — Processing 1013884 ...
2026-03-24 18:37:30,771 [INFO] src.pipeline — Processing 1023925 ...
2026-03-24 18:37:31,006 [INFO] src.pipeline — Processing 1036640 ...
2026-03-24 18:37:31,162 [INFO] src.pipeline — Processing 1041375 ...
2026-03-24 18:37:31,363 [INFO] src.pipeline — Processing 1053511 ...
2026-03-24 18:37:31,796 [INFO] src.pipeline — Processing 1054733 ...
2026-03-24 18:37:32,208 [INFO] src.pipeline — Processing 1058085 ...
2026-03-24 18:37:32,444 [INFO] src.pipeline — Processing 1058605 ...
2026-03-24 18:37:32,686 [INFO] src.pipeline — Processing 1061898 ...
2026-03-24 18:37:32,913 [INFO] src.pipeline — Processing 1063368 ...
2026-03-24 18:37:33,159 [INFO] src.pipeline — Processing 1073253 ...
2026-03-24 18:37:33,306 [INFO] src.pipeline — Processing 1074787 ...
2026-03-24 18:37:33,469 [INFO] src.pipeline — Processing 1080968 ...
2026-03-24 18:37:33,668 [INFO] src.pipeline — Processing 1081032 ...
2026-03-24 18:37:33,868 [INFO] src.pipeline — Processing 1081338 ...
2026-03-24 18:37:34,018 [INFO] src.pipeline — Processing 1084994 ...
2026-03-24 18:37:34,182 [INFO] src.pipeline — Processing 1085203 ...
2026-03-24 18:37:34,372 [INFO] src.pipeline — Processing 1087704 ...
2026-03-24 18:37:34,564 [INFO] src.pipeline — Processing 1088175 ...
2026-03-24 18:37:34,758 [INFO] src.pipeline — Processing 1088261 ...
2026-03-24 18:37:34,921 [INFO] src.pipeline — Processing 1088796 ...
2026-03-24 18:37:35,077 [INFO] src.pipeline — Processing 1092237 ...
2026-03-24 18:37:35,218 [WARNING] src.pipeline — [1092237] PARTIAL: ['BEAT0_V1_J_POINT_LOW_CONFIDENCE', 'BEAT1_V1_J_POINT_LOW_CONFIDENCE', 'BEAT2_V1_J_POINT_LOW_CONFIDENCE', 'BEAT3_V1_J_POINT_LOW_CONFIDENCE', 'BEAT4_V1_J_POINT_LOW_CONFIDENCE', 'BEAT5_V1_J_POINT_LOW_CONFIDENCE', 'BEAT6_V1_J_POINT_LOW_CONFIDENCE', 'BEAT7_V1_J_POINT_LOW_CONFIDENCE', 'BEAT8_V1_J_POINT_LOW_CONFIDENCE']
2026-03-24 18:37:35,221 [INFO] src.pipeline — Processing 1093224 ...
2026-03-24 18:37:35,390 [INFO] src.pipeline — Processing 1096625 ...
2026-03-24 18:37:35,550 [INFO] src.pipeline — Processing 1097714 ...
2026-03-24 18:37:35,700 [INFO] src.pipeline — Processing 1098314 ...
2026-03-24 18:37:35,892 [INFO] src.pipeline — Processing 1099262 ...
2026-03-24 18:37:36,076 [INFO] src.pipeline — Processing 1102607 ...
2026-03-24 18:37:36,234 [INFO] src.pipeline — Processing 1103983 ...
2026-03-24 18:37:36,392 [INFO] src.pipeline — Processing 1106149 ...
2026-03-24 18:37:36,562 [INFO] src.pipeline — Processing 1112604 ...
2026-03-24 18:37:36,761 [INFO] src.pipeline — Processing 1117553 ...
2026-03-24 18:37:36,934 [INFO] src.pipeline — Processing 1118251 ...
2026-03-24 18:37:37,098 [INFO] src.pipeline — Processing 1121137 ...
2026-03-24 18:37:37,230 [INFO] src.pipeline — Processing 1122903 ...
2026-03-24 18:37:37,380 [INFO] src.pipeline — Processing 1124825 ...
2026-03-24 18:37:37,517 [INFO] src.pipeline — Processing 1124826 ...
2026-03-24 18:37:37,659 [INFO] src.pipeline — Processing 1128835 ...
2026-03-24 18:37:37,836 [INFO] src.pipeline — Processing 1134284 ...
2026-03-24 18:37:37,978 [INFO] src.pipeline — Processing 1135434 ...
2026-03-24 18:37:38,140 [INFO] src.pipeline — Processing 1138153 ...
2026-03-24 18:37:38,293 [INFO] src.pipeline — Processing 1141322 ...
2026-03-24 18:37:38,436 [INFO] src.pipeline — Processing 1142915 ...
2026-03-24 18:37:38,630 [INFO] src.pipeline — Processing 1145203 ...
2026-03-24 18:37:38,773 [INFO] src.pipeline — Processing 1146063 ...
2026-03-24 18:37:38,916 [INFO] src.pipeline — Processing 1147684 ...
2026-03-24 18:37:39,122 [INFO] src.pipeline — Processing 1148718 ...
2026-03-24 18:37:39,269 [INFO] src.pipeline — Processing 1152054 ...
2026-03-24 18:37:39,428 [INFO] src.pipeline — Processing 1157038 ...
2026-03-24 18:37:39,587 [INFO] src.pipeline — Processing 1160261 ...
2026-03-24 18:37:39,722 [INFO] src.pipeline — Processing 1165447 ...
2026-03-24 18:37:39,879 [INFO] src.pipeline — Processing 1165448 ...
2026-03-24 18:37:40,026 [INFO] src.pipeline — Processing 1169405 ...
2026-03-24 18:37:40,175 [INFO] src.pipeline — Processing 1172602 ...
2026-03-24 18:37:40,341 [INFO] src.pipeline — Processing 1176675 ...
2026-03-24 18:37:40,506 [INFO] src.pipeline — Processing 1177018 ...
2026-03-24 18:37:40,809 [INFO] src.pipeline — Processing 1180702 ...
2026-03-24 18:37:40,979 [INFO] src.pipeline — Processing 1183349 ...
2026-03-24 18:37:41,139 [INFO] src.pipeline — Processing 1184742 ...
2026-03-24 18:37:41,313 [INFO] src.pipeline — Processing 1187599 ...
2026-03-24 18:37:41,438 [INFO] src.pipeline — Processing 1188747 ...
2026-03-24 18:37:41,785 [INFO] src.pipeline — Processing 1190805 ...
2026-03-24 18:37:42,115 [INFO] src.pipeline — Processing 1191551 ...
2026-03-24 18:37:42,434 [INFO] src.pipeline — Processing 1191595 ...
2026-03-24 18:37:42,675 [INFO] src.pipeline — Processing 1192135 ...
2026-03-24 18:37:42,900 [INFO] src.pipeline — Processing 1192146 ...
2026-03-24 18:37:44,046 [INFO] src.pipeline — Processing 1192654 ...
2026-03-24 18:37:44,233 [INFO] src.pipeline — Processing 1197538 ...
2026-03-24 18:37:44,406 [INFO] src.pipeline — Processing 1199480 ...
2026-03-24 18:37:44,583 [INFO] src.pipeline — Processing 1199517 ...
2026-03-24 18:37:44,753 [INFO] src.pipeline — Processing 1199593 ...
2026-03-24 18:37:44,921 [INFO] src.pipeline — Processing 1202306 ...
2026-03-24 18:37:45,108 [INFO] src.pipeline — Processing 1207769 ...
2026-03-24 18:37:45,299 [INFO] src.pipeline — Processing 1207947 ...
2026-03-24 18:37:45,491 [INFO] src.pipeline — Processing 1214441 ...
2026-03-24 18:37:45,637 [INFO] src.pipeline — Processing 1220716 ...
2026-03-24 18:37:45,810 [INFO] src.pipeline — Processing 1221590 ...
2026-03-24 18:37:46,010 [INFO] src.pipeline — Processing 1223519 ...
2026-03-24 18:37:46,187 [INFO] src.pipeline — Processing 1224102 ...
2026-03-24 18:37:46,428 [INFO] src.pipeline — Processing 1228746 ...
2026-03-24 18:37:46,604 [INFO] src.pipeline — Processing 1230482 ...
2026-03-24 18:37:46,700 [ERROR] src.pipeline — [1230482] FAILED: TOO_FEW_VALID_BEATS:0
2026-03-24 18:37:46,702 [INFO] src.pipeline — Processing 1231339 ...
2026-03-24 18:37:46,867 [INFO] src.pipeline — Processing 1235674 ...
2026-03-24 18:37:47,061 [INFO] src.pipeline — Processing 1236012 ...
2026-03-24 18:37:47,245 [INFO] src.pipeline — Processing 1237748 ...
2026-03-24 18:37:47,420 [INFO] src.pipeline — Processing 1238446 ...
2026-03-24 18:37:47,648 [INFO] src.pipeline — Processing 1238671 ...
2026-03-24 18:37:47,906 [INFO] src.pipeline — Processing 1242678 ...
2026-03-24 18:37:48,072 [INFO] src.pipeline — Processing 1244867 ...
2026-03-24 18:37:48,265 [INFO] src.pipeline — Processing 1248576 ...
2026-03-24 18:37:48,428 [INFO] src.pipeline — Processing 1248611 ...
2026-03-24 18:37:48,623 [INFO] src.pipeline — Processing 1252288 ...
2026-03-24 18:37:48,776 [INFO] src.pipeline — Processing 1254062 ...
2026-03-24 18:37:48,928 [INFO] src.pipeline — Processing 1254171 ...
2026-03-24 18:37:49,124 [INFO] src.pipeline — Processing 1254267 ...
2026-03-24 18:37:49,280 [INFO] src.pipeline — Processing 1259391 ...
2026-03-24 18:37:49,445 [INFO] src.pipeline — Processing 1263008 ...
2026-03-24 18:37:49,636 [INFO] src.pipeline — Processing 1270798 ...
2026-03-24 18:37:49,793 [INFO] src.pipeline — Processing 1272319 ...
2026-03-24 18:37:49,998 [INFO] src.pipeline — Processing 1272821 ...
2026-03-24 18:37:50,229 [INFO] src.pipeline — Processing 1274776 ...
2026-03-24 18:37:50,381 [INFO] src.pipeline — Processing 1275329 ...
2026-03-24 18:37:50,576 [INFO] src.pipeline — Processing 1277374 ...
2026-03-24 18:37:50,747 [INFO] src.pipeline — Processing 1278746 ...
2026-03-24 18:37:50,894 [INFO] src.pipeline — Processing 1280588 ...
2026-03-24 18:37:51,036 [INFO] src.pipeline — Processing 1281380 ...
2026-03-24 18:37:51,182 [INFO] src.pipeline — Processing 1284182 ...
2026-03-24 18:37:51,398 [INFO] src.pipeline — Processing 1285404 ...
2026-03-24 18:37:51,572 [INFO] src.pipeline — Processing 1286512 ...
2026-03-24 18:37:51,752 [INFO] src.pipeline — Processing 1290629 ...
2026-03-24 18:37:51,914 [INFO] src.pipeline — Processing 1290807 ...
2026-03-24 18:37:52,053 [INFO] src.pipeline — Processing 1294540 ...
2026-03-24 18:37:52,285 [INFO] src.pipeline — Processing 1297151 ...
2026-03-24 18:37:52,473 [INFO] src.pipeline — Processing 1297765 ...
2026-03-24 18:37:52,635 [INFO] src.pipeline — Processing 1297767 ...
2026-03-24 18:37:52,817 [INFO] src.pipeline — Processing 1298469 ...
2026-03-24 18:37:52,998 [INFO] src.pipeline — Processing 1303729 ...
2026-03-24 18:37:53,152 [INFO] src.pipeline — Processing 1305051 ...
2026-03-24 18:37:53,311 [INFO] src.pipeline — Processing 1307673 ...
2026-03-24 18:37:53,496 [INFO] src.pipeline — Processing 1307716 ...
2026-03-24 18:37:53,649 [INFO] src.pipeline — Processing 1309300 ...
2026-03-24 18:37:53,801 [INFO] src.pipeline — Processing 1310052 ...
2026-03-24 18:37:54,001 [INFO] src.pipeline — Processing 1312303 ...
2026-03-24 18:37:54,186 [INFO] src.pipeline — Processing 1313974 ...
2026-03-24 18:37:54,379 [INFO] src.pipeline — Processing 1316784 ...
2026-03-24 18:37:54,590 [INFO] src.pipeline — Processing 1318568 ...
2026-03-24 18:37:54,832 [INFO] src.pipeline — Processing 1326991 ...
2026-03-24 18:37:55,094 [INFO] src.pipeline — Processing 1327775 ...
2026-03-24 18:37:55,276 [INFO] src.pipeline — Processing 1327784 ...
2026-03-24 18:37:55,516 [INFO] src.pipeline — Processing 1332388 ...
2026-03-24 18:37:55,696 [INFO] src.pipeline — Processing 1336243 ...
2026-03-24 18:37:55,871 [INFO] src.pipeline — Processing 1337461 ...
2026-03-24 18:37:56,089 [INFO] src.pipeline — Processing 1338772 ...
2026-03-24 18:37:56,239 [INFO] src.pipeline — Processing 1338780 ...
2026-03-24 18:37:56,456 [INFO] src.pipeline — Processing 1342979 ...
2026-03-24 18:37:56,639 [INFO] src.pipeline — Processing 1344639 ...
2026-03-24 18:37:56,861 [INFO] src.pipeline — Processing 1346727 ...
2026-03-24 18:37:57,074 [INFO] src.pipeline — Processing 1350930 ...
2026-03-24 18:37:57,283 [INFO] src.pipeline — Processing 1357325 ...
2026-03-24 18:37:57,483 [INFO] src.pipeline — Processing 1358245 ...
2026-03-24 18:37:57,712 [INFO] src.pipeline — Processing 1360656 ...
2026-03-24 18:37:57,899 [INFO] src.pipeline — Processing 1366050 ...
2026-03-24 18:37:58,235 [INFO] src.pipeline — Processing 1366637 ...
2026-03-24 18:37:58,626 [INFO] src.pipeline — Processing 1370418 ...
2026-03-24 18:37:58,940 [INFO] src.pipeline — Processing 1370819 ...
2026-03-24 18:37:59,291 [INFO] src.pipeline — Processing 1371132 ...
2026-03-24 18:37:59,570 [INFO] src.pipeline — Processing 1371554 ...
2026-03-24 18:38:00,036 [INFO] src.pipeline — Processing 1372180 ...
2026-03-24 18:38:00,278 [INFO] src.pipeline — Processing 1372181 ...
2026-03-24 18:38:00,539 [INFO] src.pipeline — Processing 1381534 ...
2026-03-24 18:38:00,752 [INFO] src.pipeline — Processing 1382112 ...
2026-03-24 18:38:00,958 [INFO] src.pipeline — Processing 1383335 ...
2026-03-24 18:38:01,179 [INFO] src.pipeline — Processing 1385747 ...
2026-03-24 18:38:01,401 [INFO] src.pipeline — Processing 1386698 ...
2026-03-24 18:38:01,607 [INFO] src.pipeline — Processing 1390489 ...
2026-03-24 18:38:01,805 [INFO] src.pipeline — Processing 1403173 ...
2026-03-24 18:38:01,941 [INFO] src.pipeline — Processing 1404688 ...
2026-03-24 18:38:02,095 [INFO] src.pipeline — Processing 1407660 ...
2026-03-24 18:38:02,240 [INFO] src.pipeline — Processing 1408290 ...
2026-03-24 18:38:02,463 [INFO] src.pipeline — Processing 1414022 ...
2026-03-24 18:38:02,741 [INFO] src.pipeline — Processing 1414967 ...
2026-03-24 18:38:02,940 [INFO] src.pipeline — Processing 1416483 ...
2026-03-24 18:38:03,112 [INFO] src.pipeline — Processing 1417008 ...
2026-03-24 18:38:03,270 [INFO] src.pipeline — Processing 1418000 ...
2026-03-24 18:38:03,511 [INFO] src.pipeline — Processing 1419825 ...
2026-03-24 18:38:03,743 [INFO] src.pipeline — Processing 1421261 ...
2026-03-24 18:38:03,928 [INFO] src.pipeline — Processing 1421316 ...
2026-03-24 18:38:04,118 [INFO] src.pipeline — Processing 1422523 ...
2026-03-24 18:38:04,267 [INFO] src.pipeline — Processing 1422770 ...
2026-03-24 18:38:04,422 [INFO] src.pipeline — Processing 1423789 ...
2026-03-24 18:38:04,579 [INFO] src.pipeline — Processing 1424148 ...
2026-03-24 18:38:04,790 [INFO] src.pipeline — Processing 1425960 ...
2026-03-24 18:38:04,986 [INFO] src.pipeline — Processing 1426919 ...
2026-03-24 18:38:05,192 [INFO] src.pipeline — Processing 2187085 ...
2026-03-24 18:38:05,398 [INFO] src.pipeline — Processing 2635972 ...
2026-03-24 18:38:05,640 [INFO] src.pipeline — Processing 3003692 ...
2026-03-24 18:38:05,871 [INFO] src.pipeline — Processing 3004284 ...
2026-03-24 18:38:06,077 [INFO] src.pipeline — Processing 3006598 ...
2026-03-24 18:38:06,248 [INFO] src.pipeline — Processing 3007664 ...
2026-03-24 18:38:06,465 [INFO] src.pipeline — Processing 3009538 ...
2026-03-24 18:38:06,670 [INFO] src.pipeline — Processing 3009950 ...
2026-03-24 18:38:06,845 [INFO] src.pipeline — Processing 3015438 ...
2026-03-24 18:38:07,011 [INFO] src.pipeline — Processing 3015440 ...
2026-03-24 18:38:07,206 [INFO] src.pipeline — Processing 3015449 ...
2026-03-24 18:38:07,398 [INFO] src.pipeline — Processing 3016396 ...
2026-03-24 18:38:07,571 [INFO] src.pipeline — Processing 3016401 ...
2026-03-24 18:38:07,746 [INFO] src.pipeline — Processing 3028930 ...
2026-03-24 18:38:07,904 [INFO] src.pipeline — Processing 3030937 ...
2026-03-24 18:38:08,070 [INFO] src.pipeline — Processing 3035210 ...
2026-03-24 18:38:08,210 [INFO] src.pipeline — Processing 3037390 ...
2026-03-24 18:38:08,370 [INFO] src.pipeline — Processing 3037617 ...
2026-03-24 18:38:08,522 [INFO] src.pipeline — Processing 3043155 ...
2026-03-24 18:38:08,682 [INFO] src.pipeline — Processing 3044775 ...
2026-03-24 18:38:08,904 [INFO] src.pipeline — Processing 3045053 ...
2026-03-24 18:38:09,093 [INFO] src.pipeline — Processing 3045059 ...
2026-03-24 18:38:09,265 [INFO] src.pipeline — Processing 3045751 ...
2026-03-24 18:38:09,419 [INFO] src.pipeline — Processing 3058024 ...
2026-03-24 18:38:09,614 [INFO] src.pipeline — Processing 3058134 ...
2026-03-24 18:38:09,812 [INFO] src.pipeline — Processing 3062045 ...
2026-03-24 18:38:09,983 [INFO] src.pipeline — Processing 3064724 ...
2026-03-24 18:38:10,146 [INFO] src.pipeline — Processing 3065295 ...
2026-03-24 18:38:10,290 [INFO] src.pipeline — Processing 3067191 ...
2026-03-24 18:38:10,688 [INFO] src.pipeline — Processing 3067196 ...
2026-03-24 18:38:11,188 [INFO] src.pipeline — Processing 3071151 ...
2026-03-24 18:38:11,448 [INFO] src.pipeline — Processing 3072833 ...
2026-03-24 18:38:11,688 [INFO] src.pipeline — Processing 3072836 ...
2026-03-24 18:38:11,849 [INFO] src.pipeline — Processing 3073346 ...
2026-03-24 18:38:12,058 [INFO] src.pipeline — Processing 3074751 ...
2026-03-24 18:38:12,263 [INFO] src.pipeline — Processing 3075260 ...
2026-03-24 18:38:12,459 [INFO] src.pipeline — Processing 3080118 ...
2026-03-24 18:38:12,681 [INFO] src.pipeline — Processing 3080186 ...
2026-03-24 18:38:12,840 [INFO] src.pipeline — Processing 3092472 ...
2026-03-24 18:38:13,015 [INFO] src.pipeline — Processing 3093924 ...
2026-03-24 18:38:13,227 [INFO] src.pipeline — Processing 3094047 ...
2026-03-24 18:38:13,427 [INFO] src.pipeline — Processing 3094049 ...
2026-03-24 18:38:13,641 [WARNING] src.pipeline — [3094049] PARTIAL: ['BEAT2_V1_J_POINT_LOW_CONFIDENCE', 'BEAT4_V1_J_POINT_LOW_CONFIDENCE', 'BEAT5_V1_J_POINT_LOW_CONFIDENCE', 'BEAT6_V1_J_POINT_LOW_CONFIDENCE', 'BEAT7_V1_J_POINT_LOW_CONFIDENCE']
2026-03-24 18:38:13,643 [INFO] src.pipeline — Processing 3095195 ...
2026-03-24 18:38:13,875 [INFO] src.pipeline — Processing 3095200 ...
2026-03-24 18:38:14,099 [INFO] src.pipeline — Processing 3096254 ...
2026-03-24 18:38:14,322 [INFO] src.pipeline — Processing 3099875 ...
2026-03-24 18:38:14,492 [INFO] src.pipeline — Processing 3101011 ...
2026-03-24 18:38:14,619 [INFO] src.pipeline — Processing 3110550 ...
2026-03-24 18:38:14,781 [INFO] src.pipeline — Processing 3113249 ...
2026-03-24 18:38:14,980 [INFO] src.pipeline — Processing 3114582 ...
2026-03-24 18:38:15,170 [INFO] src.pipeline — Processing 3118448 ...
2026-03-24 18:38:15,362 [INFO] src.pipeline — Processing 3128412 ...
2026-03-24 18:38:15,511 [INFO] src.pipeline — Processing 3128947 ...
2026-03-24 18:38:15,656 [INFO] src.pipeline — Processing 3128957 ...
2026-03-24 18:38:15,824 [INFO] src.pipeline — Processing 3133602 ...
2026-03-24 18:38:16,033 [INFO] src.pipeline — Processing 3136075 ...
2026-03-24 18:38:16,210 [INFO] src.pipeline — Processing 3138453 ...
2026-03-24 18:38:16,367 [INFO] src.pipeline — Processing 3139196 ...
2026-03-24 18:38:18,008 [INFO] src.pipeline — Pipeline complete. OK: 356 | PARTIAL: 5 | FAILED: 2
2026-03-26 16:04:41,152 [INFO] src.pipeline — Processing 188981 ...
2026-03-26 16:04:46,668 [INFO] src.pipeline — Processing 251972 ...
2026-03-26 16:04:46,771 [INFO] src.pipeline — Processing 265715 ...
2026-03-26 16:04:46,861 [INFO] src.pipeline — Processing 267628 ...
2026-03-26 16:04:46,950 [INFO] src.pipeline — Processing 267630 ...
2026-03-26 16:04:46,986 [ERROR] src.pipeline — [267630] FAILED: TOO_FEW_RPEAKS: 0
2026-03-26 16:04:46,987 [INFO] src.pipeline — Processing 286830 ...
2026-03-26 16:04:47,091 [INFO] src.pipeline — Processing 287355 ...
2026-03-26 16:04:47,183 [INFO] src.pipeline — Processing 292220 ...
2026-03-26 16:04:47,272 [INFO] src.pipeline — Processing 292666 ...
2026-03-26 16:04:47,352 [INFO] src.pipeline — Processing 304141 ...
2026-03-26 16:04:47,435 [INFO] src.pipeline — Processing 314397 ...
2026-03-26 16:04:47,517 [INFO] src.pipeline — Processing 316872 ...
2026-03-26 16:04:47,609 [INFO] src.pipeline — Processing 317547 ...
2026-03-26 16:04:47,685 [INFO] src.pipeline — Processing 319150 ...
2026-03-26 16:04:47,768 [INFO] src.pipeline — Processing 319221 ...
2026-03-26 16:04:47,868 [INFO] src.pipeline — Processing 325231 ...
2026-03-26 16:04:47,952 [INFO] src.pipeline — Processing 325966 ...
2026-03-26 16:04:48,035 [INFO] src.pipeline — Processing 329034 ...
2026-03-26 16:04:48,126 [INFO] src.pipeline — Processing 329533 ...
2026-03-26 16:04:48,213 [INFO] src.pipeline — Processing 395553 ...
2026-03-26 16:04:48,298 [INFO] src.pipeline — Processing 405298 ...
2026-03-26 16:04:48,385 [INFO] src.pipeline — Processing 406008 ...
2026-03-26 16:04:48,485 [INFO] src.pipeline — Processing 413267 ...
2026-03-26 16:04:48,584 [INFO] src.pipeline — Processing 419510 ...
2026-03-26 16:04:48,669 [INFO] src.pipeline — Processing 419960 ...
2026-03-26 16:04:48,769 [INFO] src.pipeline — Processing 428031 ...
2026-03-26 16:04:48,852 [INFO] src.pipeline — Processing 434996 ...
2026-03-26 16:04:48,936 [INFO] src.pipeline — Processing 438721 ...
2026-03-26 16:04:49,027 [INFO] src.pipeline — Processing 445953 ...
2026-03-26 16:04:49,102 [INFO] src.pipeline — Processing 450733 ...
2026-03-26 16:04:49,201 [INFO] src.pipeline — Processing 460919 ...
2026-03-26 16:04:49,367 [INFO] src.pipeline — Processing 461866 ...
2026-03-26 16:04:49,464 [INFO] src.pipeline — Processing 466796 ...
2026-03-26 16:04:49,556 [INFO] src.pipeline — Processing 471727 ...
2026-03-26 16:04:49,635 [INFO] src.pipeline — Processing 478457 ...
2026-03-26 16:04:49,733 [INFO] src.pipeline — Processing 482516 ...
2026-03-26 16:04:49,819 [INFO] src.pipeline — Processing 482868 ...
2026-03-26 16:04:49,901 [INFO] src.pipeline — Processing 487609 ...
2026-03-26 16:04:50,005 [INFO] src.pipeline — Processing 489539 ...
2026-03-26 16:04:50,104 [INFO] src.pipeline — Processing 505351 ...
2026-03-26 16:04:50,205 [INFO] src.pipeline — Processing 506408 ...
2026-03-26 16:04:50,302 [INFO] src.pipeline — Processing 509648 ...
2026-03-26 16:04:50,430 [INFO] src.pipeline — Processing 516092 ...
2026-03-26 16:04:50,519 [INFO] src.pipeline — Processing 519139 ...
2026-03-26 16:04:50,601 [INFO] src.pipeline — Processing 519687 ...
2026-03-26 16:04:50,686 [INFO] src.pipeline — Processing 532816 ...
2026-03-26 16:04:50,771 [INFO] src.pipeline — Processing 538053 ...
2026-03-26 16:04:50,852 [INFO] src.pipeline — Processing 540736 ...
2026-03-26 16:04:50,936 [INFO] src.pipeline — Processing 548140 ...
2026-03-26 16:04:51,036 [INFO] src.pipeline — Processing 548865 ...
2026-03-26 16:04:51,119 [INFO] src.pipeline — Processing 558967 ...
2026-03-26 16:04:51,217 [INFO] src.pipeline — Processing 571723 ...
2026-03-26 16:04:51,305 [INFO] src.pipeline — Processing 577838 ...
2026-03-26 16:04:51,386 [WARNING] src.pipeline — [577838] PARTIAL: ['BEAT0_V1_J_POINT_LOW_CONFIDENCE', 'BEAT1_V1_J_POINT_LOW_CONFIDENCE', 'BEAT4_V1_J_POINT_LOW_CONFIDENCE', 'BEAT12_V1_J_POINT_LOW_CONFIDENCE', 'BEAT16_V1_J_POINT_LOW_CONFIDENCE']
2026-03-26 16:04:51,386 [INFO] src.pipeline — Processing 580720 ...
2026-03-26 16:04:51,496 [INFO] src.pipeline — Processing 581912 ...
2026-03-26 16:04:51,583 [WARNING] src.pipeline — [581912] PARTIAL: ['BEAT1_V2_J_POINT_LOW_CONFIDENCE']
2026-03-26 16:04:51,583 [INFO] src.pipeline — Processing 592768 ...
2026-03-26 16:04:51,677 [INFO] src.pipeline — Processing 596382 ...
2026-03-26 16:04:51,764 [INFO] src.pipeline — Processing 597251 ...
2026-03-26 16:04:51,851 [INFO] src.pipeline — Processing 613119 ...
2026-03-26 16:04:51,941 [INFO] src.pipeline — Processing 614578 ...
2026-03-26 16:04:52,026 [INFO] src.pipeline — Processing 614707 ...
2026-03-26 16:04:52,111 [INFO] src.pipeline — Processing 622530 ...
2026-03-26 16:04:52,202 [INFO] src.pipeline — Processing 624511 ...
2026-03-26 16:04:52,285 [INFO] src.pipeline — Processing 625190 ...
2026-03-26 16:04:52,386 [INFO] src.pipeline — Processing 641455 ...
2026-03-26 16:04:52,469 [INFO] src.pipeline — Processing 643139 ...
2026-03-26 16:04:52,553 [INFO] src.pipeline — Processing 801261 ...
2026-03-26 16:04:52,652 [INFO] src.pipeline — Processing 806949 ...
2026-03-26 16:04:52,736 [INFO] src.pipeline — Processing 807363 ...
2026-03-26 16:04:52,830 [INFO] src.pipeline — Processing 812209 ...
2026-03-26 16:04:52,919 [INFO] src.pipeline — Processing 812404 ...
2026-03-26 16:04:53,024 [INFO] src.pipeline — Processing 814286 ...
2026-03-26 16:04:53,118 [INFO] src.pipeline — Processing 816929 ...
2026-03-26 16:04:53,202 [INFO] src.pipeline — Processing 819710 ...
2026-03-26 16:04:53,304 [INFO] src.pipeline — Processing 821478 ...
2026-03-26 16:04:53,380 [INFO] src.pipeline — Processing 822108 ...
2026-03-26 16:04:53,469 [INFO] src.pipeline — Processing 822756 ...
2026-03-26 16:04:53,553 [INFO] src.pipeline — Processing 829768 ...
2026-03-26 16:04:53,636 [INFO] src.pipeline — Processing 830179 ...
2026-03-26 16:04:53,719 [INFO] src.pipeline — Processing 841212 ...
2026-03-26 16:04:53,803 [INFO] src.pipeline — Processing 841869 ...
2026-03-26 16:04:53,909 [INFO] src.pipeline — Processing 844915 ...
2026-03-26 16:04:53,994 [INFO] src.pipeline — Processing 849168 ...
2026-03-26 16:04:54,070 [INFO] src.pipeline — Processing 852786 ...
2026-03-26 16:04:54,170 [INFO] src.pipeline — Processing 855592 ...
2026-03-26 16:04:54,253 [INFO] src.pipeline — Processing 865998 ...
2026-03-26 16:04:54,353 [INFO] src.pipeline — Processing 866721 ...
2026-03-26 16:04:54,452 [INFO] src.pipeline — Processing 873255 ...
2026-03-26 16:04:54,539 [INFO] src.pipeline — Processing 878765 ...
2026-03-26 16:04:54,626 [INFO] src.pipeline — Processing 887465 ...
2026-03-26 16:04:54,708 [INFO] src.pipeline — Processing 891754 ...
2026-03-26 16:04:54,789 [INFO] src.pipeline — Processing 894725 ...
2026-03-26 16:04:54,870 [INFO] src.pipeline — Processing 898726 ...
2026-03-26 16:04:54,965 [INFO] src.pipeline — Processing 903442 ...
2026-03-26 16:04:55,053 [INFO] src.pipeline — Processing 903802 ...
2026-03-26 16:04:55,137 [WARNING] src.pipeline — [903802] PARTIAL: ['BEAT9_V2_J_POINT_LOW_CONFIDENCE']
2026-03-26 16:04:55,137 [INFO] src.pipeline — Processing 907736 ...
2026-03-26 16:04:55,231 [INFO] src.pipeline — Processing 913169 ...
2026-03-26 16:04:55,314 [INFO] src.pipeline — Processing 918062 ...
2026-03-26 16:04:55,397 [INFO] src.pipeline — Processing 920037 ...
2026-03-26 16:04:55,479 [INFO] src.pipeline — Processing 921230 ...
2026-03-26 16:04:55,553 [INFO] src.pipeline — Processing 930107 ...
2026-03-26 16:04:55,637 [INFO] src.pipeline — Processing 935156 ...
2026-03-26 16:04:55,720 [INFO] src.pipeline — Processing 938838 ...
2026-03-26 16:04:55,803 [INFO] src.pipeline — Processing 939546 ...
2026-03-26 16:04:55,901 [INFO] src.pipeline — Processing 945345 ...
2026-03-26 16:04:55,987 [INFO] src.pipeline — Processing 952177 ...
2026-03-26 16:04:56,085 [INFO] src.pipeline — Processing 952641 ...
2026-03-26 16:04:56,170 [INFO] src.pipeline — Processing 953976 ...
2026-03-26 16:04:56,253 [INFO] src.pipeline — Processing 958460 ...
2026-03-26 16:04:56,337 [INFO] src.pipeline — Processing 958703 ...
2026-03-26 16:04:56,420 [INFO] src.pipeline — Processing 959843 ...
2026-03-26 16:04:56,515 [INFO] src.pipeline — Processing 960432 ...
2026-03-26 16:04:56,669 [INFO] src.pipeline — Processing 962566 ...
2026-03-26 16:04:56,780 [INFO] src.pipeline — Processing 964469 ...
2026-03-26 16:04:56,864 [INFO] src.pipeline — Processing 965217 ...
2026-03-26 16:04:56,945 [INFO] src.pipeline — Processing 967547 ...
2026-03-26 16:04:57,026 [INFO] src.pipeline — Processing 968556 ...
2026-03-26 16:04:57,118 [INFO] src.pipeline — Processing 969321 ...
2026-03-26 16:04:57,219 [INFO] src.pipeline — Processing 970649 ...
2026-03-26 16:04:57,304 [INFO] src.pipeline — Processing 972048 ...
2026-03-26 16:04:57,403 [INFO] src.pipeline — Processing 972330 ...
2026-03-26 16:04:57,487 [INFO] src.pipeline — Processing 972781 ...
2026-03-26 16:04:57,570 [INFO] src.pipeline — Processing 980284 ...
2026-03-26 16:04:57,660 [INFO] src.pipeline — Processing 982732 ...
2026-03-26 16:04:57,736 [INFO] src.pipeline — Processing 985814 ...
2026-03-26 16:04:57,837 [INFO] src.pipeline — Processing 991528 ...
2026-03-26 16:04:57,920 [INFO] src.pipeline — Processing 994065 ...
2026-03-26 16:04:58,009 [INFO] src.pipeline — Processing 994217 ...
2026-03-26 16:04:58,087 [INFO] src.pipeline — Processing 994515 ...
2026-03-26 16:04:58,170 [INFO] src.pipeline — Processing 998036 ...
2026-03-26 16:04:58,249 [INFO] src.pipeline — Processing 999474 ...
2026-03-26 16:04:58,337 [INFO] src.pipeline — Processing 1009874 ...
2026-03-26 16:04:58,396 [INFO] src.pipeline — Processing 1013884 ...
2026-03-26 16:04:58,461 [INFO] src.pipeline — Processing 1023925 ...
2026-03-26 16:04:58,524 [INFO] src.pipeline — Processing 1036640 ...
2026-03-26 16:04:58,580 [INFO] src.pipeline — Processing 1041375 ...
2026-03-26 16:04:58,647 [INFO] src.pipeline — Processing 1053511 ...
2026-03-26 16:04:58,711 [INFO] src.pipeline — Processing 1054733 ...
2026-03-26 16:04:58,771 [INFO] src.pipeline — Processing 1058085 ...
2026-03-26 16:04:58,841 [INFO] src.pipeline — Processing 1058605 ...
2026-03-26 16:04:58,916 [INFO] src.pipeline — Processing 1061898 ...
2026-03-26 16:04:58,987 [INFO] src.pipeline — Processing 1063368 ...
2026-03-26 16:04:59,071 [INFO] src.pipeline — Processing 1073253 ...
2026-03-26 16:04:59,158 [INFO] src.pipeline — Processing 1074787 ...
2026-03-26 16:04:59,233 [INFO] src.pipeline — Processing 1080968 ...
2026-03-26 16:04:59,313 [INFO] src.pipeline — Processing 1081032 ...
2026-03-26 16:04:59,378 [INFO] src.pipeline — Processing 1081338 ...
2026-03-26 16:04:59,450 [INFO] src.pipeline — Processing 1084994 ...
2026-03-26 16:04:59,513 [INFO] src.pipeline — Processing 1085203 ...
2026-03-26 16:04:59,579 [INFO] src.pipeline — Processing 1087704 ...
2026-03-26 16:04:59,648 [INFO] src.pipeline — Processing 1088175 ...
2026-03-26 16:04:59,710 [INFO] src.pipeline — Processing 1088261 ...
2026-03-26 16:04:59,776 [INFO] src.pipeline — Processing 1088796 ...
2026-03-26 16:04:59,844 [INFO] src.pipeline — Processing 1092237 ...
2026-03-26 16:04:59,904 [WARNING] src.pipeline — [1092237] PARTIAL: ['BEAT0_V1_J_POINT_LOW_CONFIDENCE', 'BEAT1_V1_J_POINT_LOW_CONFIDENCE', 'BEAT2_V1_J_POINT_LOW_CONFIDENCE', 'BEAT3_V1_J_POINT_LOW_CONFIDENCE', 'BEAT4_V1_J_POINT_LOW_CONFIDENCE', 'BEAT5_V1_J_POINT_LOW_CONFIDENCE', 'BEAT6_V1_J_POINT_LOW_CONFIDENCE', 'BEAT7_V1_J_POINT_LOW_CONFIDENCE', 'BEAT8_V1_J_POINT_LOW_CONFIDENCE']
2026-03-26 16:04:59,905 [INFO] src.pipeline — Processing 1093224 ...
2026-03-26 16:04:59,976 [INFO] src.pipeline — Processing 1096625 ...
2026-03-26 16:05:00,053 [INFO] src.pipeline — Processing 1097714 ...
2026-03-26 16:05:00,117 [INFO] src.pipeline — Processing 1098314 ...
2026-03-26 16:05:00,183 [INFO] src.pipeline — Processing 1099262 ...
2026-03-26 16:05:00,256 [INFO] src.pipeline — Processing 1102607 ...
2026-03-26 16:05:00,321 [INFO] src.pipeline — Processing 1103983 ...
2026-03-26 16:05:00,380 [INFO] src.pipeline — Processing 1106149 ...
2026-03-26 16:05:00,446 [INFO] src.pipeline — Processing 1112604 ...
2026-03-26 16:05:00,524 [INFO] src.pipeline — Processing 1117553 ...
2026-03-26 16:05:00,588 [INFO] src.pipeline — Processing 1118251 ...
2026-03-26 16:05:00,655 [INFO] src.pipeline — Processing 1121137 ...
2026-03-26 16:05:00,717 [INFO] src.pipeline — Processing 1122903 ...
2026-03-26 16:05:00,779 [INFO] src.pipeline — Processing 1124825 ...
2026-03-26 16:05:00,841 [INFO] src.pipeline — Processing 1124826 ...
2026-03-26 16:05:00,901 [INFO] src.pipeline — Processing 1128835 ...
2026-03-26 16:05:00,963 [INFO] src.pipeline — Processing 1134284 ...
2026-03-26 16:05:01,029 [INFO] src.pipeline — Processing 1135434 ...
2026-03-26 16:05:01,098 [INFO] src.pipeline — Processing 1138153 ...
2026-03-26 16:05:01,161 [INFO] src.pipeline — Processing 1141322 ...
2026-03-26 16:05:01,227 [INFO] src.pipeline — Processing 1142915 ...
2026-03-26 16:05:01,310 [INFO] src.pipeline — Processing 1145203 ...
2026-03-26 16:05:01,374 [INFO] src.pipeline — Processing 1146063 ...
2026-03-26 16:05:01,438 [INFO] src.pipeline — Processing 1147684 ...
2026-03-26 16:05:01,488 [INFO] src.pipeline — Processing 1148718 ...
2026-03-26 16:05:01,572 [INFO] src.pipeline — Processing 1152054 ...
2026-03-26 16:05:01,646 [INFO] src.pipeline — Processing 1157038 ...
2026-03-26 16:05:01,706 [INFO] src.pipeline — Processing 1160261 ...
2026-03-26 16:05:01,792 [INFO] src.pipeline — Processing 1165447 ...
2026-03-26 16:05:01,884 [INFO] src.pipeline — Processing 1165448 ...
2026-03-26 16:05:01,962 [INFO] src.pipeline — Processing 1169405 ...
2026-03-26 16:05:02,029 [INFO] src.pipeline — Processing 1172602 ...
2026-03-26 16:05:02,102 [INFO] src.pipeline — Processing 1176675 ...
2026-03-26 16:05:02,167 [INFO] src.pipeline — Processing 1177018 ...
2026-03-26 16:05:02,230 [INFO] src.pipeline — Processing 1180702 ...
2026-03-26 16:05:02,293 [INFO] src.pipeline — Processing 1183349 ...
2026-03-26 16:05:02,359 [INFO] src.pipeline — Processing 1184742 ...
2026-03-26 16:05:02,423 [INFO] src.pipeline — Processing 1187599 ...
2026-03-26 16:05:02,482 [INFO] src.pipeline — Processing 1188747 ...
2026-03-26 16:05:02,543 [INFO] src.pipeline — Processing 1190805 ...
2026-03-26 16:05:02,605 [INFO] src.pipeline — Processing 1191551 ...
2026-03-26 16:05:02,671 [INFO] src.pipeline — Processing 1191595 ...
2026-03-26 16:05:02,751 [INFO] src.pipeline — Processing 1192135 ...
2026-03-26 16:05:02,828 [INFO] src.pipeline — Processing 1192146 ...
2026-03-26 16:05:02,912 [INFO] src.pipeline — Processing 1192654 ...
2026-03-26 16:05:02,980 [INFO] src.pipeline — Processing 1197538 ...
2026-03-26 16:05:03,079 [INFO] src.pipeline — Processing 1199480 ...
2026-03-26 16:05:03,155 [INFO] src.pipeline — Processing 1199517 ...
2026-03-26 16:05:03,231 [INFO] src.pipeline — Processing 1199593 ...
2026-03-26 16:05:03,310 [INFO] src.pipeline — Processing 1202306 ...
2026-03-26 16:05:03,410 [INFO] src.pipeline — Processing 1207769 ...
2026-03-26 16:05:03,503 [INFO] src.pipeline — Processing 1207947 ...
2026-03-26 16:05:03,586 [INFO] src.pipeline — Processing 1214441 ...
2026-03-26 16:05:03,668 [INFO] src.pipeline — Processing 1220716 ...
2026-03-26 16:05:03,768 [INFO] src.pipeline — Processing 1221590 ...
2026-03-26 16:05:03,941 [INFO] src.pipeline — Processing 1223519 ...
2026-03-26 16:05:04,071 [INFO] src.pipeline — Processing 1224102 ...
2026-03-26 16:05:04,154 [INFO] src.pipeline — Processing 1228746 ...
2026-03-26 16:05:04,237 [INFO] src.pipeline — Processing 1230482 ...
2026-03-26 16:05:04,278 [ERROR] src.pipeline — [1230482] FAILED: TOO_FEW_VALID_BEATS:0
2026-03-26 16:05:04,279 [INFO] src.pipeline — Processing 1231339 ...
2026-03-26 16:05:04,364 [INFO] src.pipeline — Processing 1235674 ...
2026-03-26 16:05:04,438 [INFO] src.pipeline — Processing 1236012 ...
2026-03-26 16:05:04,519 [INFO] src.pipeline — Processing 1237748 ...
2026-03-26 16:05:04,605 [INFO] src.pipeline — Processing 1238446 ...
2026-03-26 16:05:04,695 [INFO] src.pipeline — Processing 1238671 ...
2026-03-26 16:05:04,795 [INFO] src.pipeline — Processing 1242678 ...
2026-03-26 16:05:04,870 [INFO] src.pipeline — Processing 1244867 ...
2026-03-26 16:05:04,965 [INFO] src.pipeline — Processing 1248576 ...
2026-03-26 16:05:05,047 [INFO] src.pipeline — Processing 1248611 ...
2026-03-26 16:05:05,133 [INFO] src.pipeline — Processing 1252288 ...
2026-03-26 16:05:05,225 [INFO] src.pipeline — Processing 1254062 ...
2026-03-26 16:05:05,344 [INFO] src.pipeline — Processing 1254171 ...
2026-03-26 16:05:05,459 [INFO] src.pipeline — Processing 1254267 ...
2026-03-26 16:05:05,561 [INFO] src.pipeline — Processing 1259391 ...
2026-03-26 16:05:05,654 [INFO] src.pipeline — Processing 1263008 ...
2026-03-26 16:05:05,757 [INFO] src.pipeline — Processing 1270798 ...
2026-03-26 16:05:05,860 [INFO] src.pipeline — Processing 1272319 ...
2026-03-26 16:05:05,982 [INFO] src.pipeline — Processing 1272821 ...
2026-03-26 16:05:06,096 [INFO] src.pipeline — Processing 1274776 ...
2026-03-26 16:05:06,190 [INFO] src.pipeline — Processing 1275329 ...
2026-03-26 16:05:06,290 [INFO] src.pipeline — Processing 1277374 ...
2026-03-26 16:05:06,384 [INFO] src.pipeline — Processing 1278746 ...
2026-03-26 16:05:06,471 [INFO] src.pipeline — Processing 1280588 ...
2026-03-26 16:05:06,539 [INFO] src.pipeline — Processing 1281380 ...
2026-03-26 16:05:06,620 [INFO] src.pipeline — Processing 1284182 ...
2026-03-26 16:05:06,719 [INFO] src.pipeline — Processing 1285404 ...
2026-03-26 16:05:06,807 [INFO] src.pipeline — Processing 1286512 ...
2026-03-26 16:05:06,913 [INFO] src.pipeline — Processing 1290629 ...
2026-03-26 16:05:07,038 [INFO] src.pipeline — Processing 1290807 ...
2026-03-26 16:05:07,139 [INFO] src.pipeline — Processing 1294540 ...
2026-03-26 16:05:07,221 [INFO] src.pipeline — Processing 1297151 ...
2026-03-26 16:05:07,321 [INFO] src.pipeline — Processing 1297765 ...
2026-03-26 16:05:07,421 [INFO] src.pipeline — Processing 1297767 ...
2026-03-26 16:05:07,527 [INFO] src.pipeline — Processing 1298469 ...
2026-03-26 16:05:07,633 [INFO] src.pipeline — Processing 1303729 ...
2026-03-26 16:05:07,743 [INFO] src.pipeline — Processing 1305051 ...
2026-03-26 16:05:07,823 [INFO] src.pipeline — Processing 1307673 ...
2026-03-26 16:05:07,940 [INFO] src.pipeline — Processing 1307716 ...
2026-03-26 16:05:08,033 [INFO] src.pipeline — Processing 1309300 ...
2026-03-26 16:05:08,116 [INFO] src.pipeline — Processing 1310052 ...
2026-03-26 16:05:08,188 [INFO] src.pipeline — Processing 1312303 ...
2026-03-26 16:05:08,282 [INFO] src.pipeline — Processing 1313974 ...
2026-03-26 16:05:08,356 [INFO] src.pipeline — Processing 1316784 ...
2026-03-26 16:05:08,435 [INFO] src.pipeline — Processing 1318568 ...
2026-03-26 16:05:08,527 [INFO] src.pipeline — Processing 1326991 ...
2026-03-26 16:05:08,640 [INFO] src.pipeline — Processing 1327775 ...
2026-03-26 16:05:08,747 [INFO] src.pipeline — Processing 1327784 ...
2026-03-26 16:05:08,861 [INFO] src.pipeline — Processing 1332388 ...
2026-03-26 16:05:08,957 [INFO] src.pipeline — Processing 1336243 ...
2026-03-26 16:05:09,038 [INFO] src.pipeline — Processing 1337461 ...
2026-03-26 16:05:09,145 [INFO] src.pipeline — Processing 1338772 ...
2026-03-26 16:05:09,220 [INFO] src.pipeline — Processing 1338780 ...
2026-03-26 16:05:09,341 [INFO] src.pipeline — Processing 1342979 ...
2026-03-26 16:05:09,436 [INFO] src.pipeline — Processing 1344639 ...
2026-03-26 16:05:09,550 [INFO] src.pipeline — Processing 1346727 ...
2026-03-26 16:05:09,664 [INFO] src.pipeline — Processing 1350930 ...
2026-03-26 16:05:09,784 [INFO] src.pipeline — Processing 1357325 ...
2026-03-26 16:05:09,885 [INFO] src.pipeline — Processing 1358245 ...
2026-03-26 16:05:09,984 [INFO] src.pipeline — Processing 1360656 ...
2026-03-26 16:05:10,074 [INFO] src.pipeline — Processing 1366050 ...
2026-03-26 16:05:10,172 [INFO] src.pipeline — Processing 1366637 ...
2026-03-26 16:05:10,270 [INFO] src.pipeline — Processing 1370418 ...
2026-03-26 16:05:10,354 [INFO] src.pipeline — Processing 1370819 ...
2026-03-26 16:05:10,461 [INFO] src.pipeline — Processing 1371132 ...
2026-03-26 16:05:10,554 [INFO] src.pipeline — Processing 1371554 ...
2026-03-26 16:05:10,623 [INFO] src.pipeline — Processing 1372180 ...
2026-03-26 16:05:10,721 [INFO] src.pipeline — Processing 1372181 ...
2026-03-26 16:05:10,806 [INFO] src.pipeline — Processing 1381534 ...
2026-03-26 16:05:10,922 [INFO] src.pipeline — Processing 1382112 ...
2026-03-26 16:05:11,056 [INFO] src.pipeline — Processing 1383335 ...
2026-03-26 16:05:11,157 [INFO] src.pipeline — Processing 1385747 ...
2026-03-26 16:05:11,248 [INFO] src.pipeline — Processing 1386698 ...
2026-03-26 16:05:11,332 [INFO] src.pipeline — Processing 1390489 ...
2026-03-26 16:05:11,417 [INFO] src.pipeline — Processing 1403173 ...
2026-03-26 16:05:11,507 [INFO] src.pipeline — Processing 1404688 ...
2026-03-26 16:05:11,610 [INFO] src.pipeline — Processing 1407660 ...
2026-03-26 16:05:11,700 [INFO] src.pipeline — Processing 1408290 ...
2026-03-26 16:05:11,860 [INFO] src.pipeline — Processing 1414022 ...
2026-03-26 16:05:11,996 [INFO] src.pipeline — Processing 1414967 ...
2026-03-26 16:05:12,108 [INFO] src.pipeline — Processing 1416483 ...
2026-03-26 16:05:12,199 [INFO] src.pipeline — Processing 1417008 ...
2026-03-26 16:05:12,279 [INFO] src.pipeline — Processing 1418000 ...
2026-03-26 16:05:12,369 [INFO] src.pipeline — Processing 1419825 ...
2026-03-26 16:05:12,462 [INFO] src.pipeline — Processing 1421261 ...
2026-03-26 16:05:12,540 [INFO] src.pipeline — Processing 1421316 ...
2026-03-26 16:05:12,631 [INFO] src.pipeline — Processing 1422523 ...
2026-03-26 16:05:12,714 [INFO] src.pipeline — Processing 1422770 ...
2026-03-26 16:05:12,790 [INFO] src.pipeline — Processing 1423789 ...
2026-03-26 16:05:12,877 [INFO] src.pipeline — Processing 1424148 ...
2026-03-26 16:05:12,978 [INFO] src.pipeline — Processing 1425960 ...
2026-03-26 16:05:13,057 [INFO] src.pipeline — Processing 1426919 ...
2026-03-26 16:05:13,140 [INFO] src.pipeline — Processing 2187085 ...
2026-03-26 16:05:13,239 [INFO] src.pipeline — Processing 2635972 ...
2026-03-26 16:05:13,323 [INFO] src.pipeline — Processing 3003692 ...
2026-03-26 16:05:13,445 [INFO] src.pipeline — Processing 3004284 ...
2026-03-26 16:05:13,538 [INFO] src.pipeline — Processing 3006598 ...
2026-03-26 16:05:13,623 [INFO] src.pipeline — Processing 3007664 ...
2026-03-26 16:05:13,707 [INFO] src.pipeline — Processing 3009538 ...
2026-03-26 16:05:13,790 [INFO] src.pipeline — Processing 3009950 ...
2026-03-26 16:05:13,873 [INFO] src.pipeline — Processing 3015438 ...
2026-03-26 16:05:13,957 [INFO] src.pipeline — Processing 3015440 ...
2026-03-26 16:05:14,038 [INFO] src.pipeline — Processing 3015449 ...
2026-03-26 16:05:14,134 [INFO] src.pipeline — Processing 3016396 ...
2026-03-26 16:05:14,217 [INFO] src.pipeline — Processing 3016401 ...
2026-03-26 16:05:14,304 [INFO] src.pipeline — Processing 3028930 ...
2026-03-26 16:05:14,385 [INFO] src.pipeline — Processing 3030937 ...
2026-03-26 16:05:14,472 [INFO] src.pipeline — Processing 3035210 ...
2026-03-26 16:05:14,553 [INFO] src.pipeline — Processing 3037390 ...
2026-03-26 16:05:14,637 [INFO] src.pipeline — Processing 3037617 ...
2026-03-26 16:05:14,722 [INFO] src.pipeline — Processing 3043155 ...
2026-03-26 16:05:14,807 [INFO] src.pipeline — Processing 3044775 ...
2026-03-26 16:05:14,898 [INFO] src.pipeline — Processing 3045053 ...
2026-03-26 16:05:14,987 [INFO] src.pipeline — Processing 3045059 ...
2026-03-26 16:05:15,074 [INFO] src.pipeline — Processing 3045751 ...
2026-03-26 16:05:15,159 [INFO] src.pipeline — Processing 3058024 ...
2026-03-26 16:05:15,240 [INFO] src.pipeline — Processing 3058134 ...
2026-03-26 16:05:15,330 [INFO] src.pipeline — Processing 3062045 ...
2026-03-26 16:05:15,420 [INFO] src.pipeline — Processing 3064724 ...
2026-03-26 16:05:15,504 [INFO] src.pipeline — Processing 3065295 ...
2026-03-26 16:05:15,590 [INFO] src.pipeline — Processing 3067191 ...
2026-03-26 16:05:15,672 [INFO] src.pipeline — Processing 3067196 ...
2026-03-26 16:05:15,757 [INFO] src.pipeline — Processing 3071151 ...
2026-03-26 16:05:15,841 [INFO] src.pipeline — Processing 3072833 ...
2026-03-26 16:05:15,924 [INFO] src.pipeline — Processing 3072836 ...
2026-03-26 16:05:16,007 [INFO] src.pipeline — Processing 3073346 ...
2026-03-26 16:05:16,090 [INFO] src.pipeline — Processing 3074751 ...
2026-03-26 16:05:16,183 [INFO] src.pipeline — Processing 3075260 ...
2026-03-26 16:05:16,257 [INFO] src.pipeline — Processing 3080118 ...
2026-03-26 16:05:16,356 [INFO] src.pipeline — Processing 3080186 ...
2026-03-26 16:05:16,441 [INFO] src.pipeline — Processing 3092472 ...
2026-03-26 16:05:16,523 [INFO] src.pipeline — Processing 3093924 ...
2026-03-26 16:05:16,610 [INFO] src.pipeline — Processing 3094047 ...
2026-03-26 16:05:16,700 [INFO] src.pipeline — Processing 3094049 ...
2026-03-26 16:05:16,786 [WARNING] src.pipeline — [3094049] PARTIAL: ['BEAT2_V1_J_POINT_LOW_CONFIDENCE', 'BEAT4_V1_J_POINT_LOW_CONFIDENCE', 'BEAT5_V1_J_POINT_LOW_CONFIDENCE', 'BEAT6_V1_J_POINT_LOW_CONFIDENCE', 'BEAT7_V1_J_POINT_LOW_CONFIDENCE']
2026-03-26 16:05:16,786 [INFO] src.pipeline — Processing 3095195 ...
2026-03-26 16:05:16,857 [INFO] src.pipeline — Processing 3095200 ...
2026-03-26 16:05:16,956 [INFO] src.pipeline — Processing 3096254 ...
2026-03-26 16:05:17,041 [INFO] src.pipeline — Processing 3099875 ...
2026-03-26 16:05:17,146 [INFO] src.pipeline — Processing 3101011 ...
2026-03-26 16:05:17,223 [INFO] src.pipeline — Processing 3110550 ...
2026-03-26 16:05:17,307 [INFO] src.pipeline — Processing 3113249 ...
2026-03-26 16:05:17,403 [INFO] src.pipeline — Processing 3114582 ...
2026-03-26 16:05:17,492 [INFO] src.pipeline — Processing 3118448 ...
2026-03-26 16:05:17,574 [INFO] src.pipeline — Processing 3128412 ...
2026-03-26 16:05:17,657 [INFO] src.pipeline — Processing 3128947 ...
2026-03-26 16:05:17,740 [INFO] src.pipeline — Processing 3128957 ...
2026-03-26 16:05:17,824 [INFO] src.pipeline — Processing 3133602 ...
2026-03-26 16:05:17,915 [INFO] src.pipeline — Processing 3136075 ...
2026-03-26 16:05:18,001 [INFO] src.pipeline — Processing 3138453 ...
2026-03-26 16:05:18,084 [INFO] src.pipeline — Processing 3139196 ...
2026-03-26 16:05:18,735 [INFO] src.pipeline — Pipeline complete. OK: 356 | PARTIAL: 5 | FAILED: 2
2026-03-26 18:06:16,080 [INFO] src.pipeline — Processing 188981 ...
2026-03-26 18:06:18,695 [INFO] src.pipeline — Processing 251972 ...
2026-03-26 18:06:18,789 [INFO] src.pipeline — Processing 265715 ...
2026-03-26 18:06:18,869 [INFO] src.pipeline — Processing 267628 ...
2026-03-26 18:06:18,942 [INFO] src.pipeline — Processing 267630 ...
2026-03-26 18:06:18,948 [ERROR] src.pipeline — [267630] FAILED: TOO_FEW_RPEAKS: 0
2026-03-26 18:06:18,948 [INFO] src.pipeline — Processing 286830 ...
2026-03-26 18:06:19,069 [INFO] src.pipeline — Processing 287355 ...
2026-03-26 18:06:19,147 [INFO] src.pipeline — Processing 292220 ...
2026-03-26 18:06:19,240 [INFO] src.pipeline — Processing 292666 ...
2026-03-26 18:06:19,307 [INFO] src.pipeline — Processing 304141 ...
2026-03-26 18:06:19,370 [INFO] src.pipeline — Processing 314397 ...
2026-03-26 18:06:19,434 [INFO] src.pipeline — Processing 316872 ...
2026-03-26 18:06:19,504 [INFO] src.pipeline — Processing 317547 ...
2026-03-26 18:06:19,572 [INFO] src.pipeline — Processing 319150 ...
2026-03-26 18:06:19,645 [INFO] src.pipeline — Processing 319221 ...
2026-03-26 18:06:19,727 [INFO] src.pipeline — Processing 325231 ...
2026-03-26 18:06:19,801 [INFO] src.pipeline — Processing 325966 ...
2026-03-26 18:06:19,863 [INFO] src.pipeline — Processing 329034 ...
2026-03-26 18:06:19,931 [INFO] src.pipeline — Processing 329533 ...
2026-03-26 18:06:19,995 [INFO] src.pipeline — Processing 395553 ...
2026-03-26 18:06:20,060 [INFO] src.pipeline — Processing 405298 ...
2026-03-26 18:06:20,133 [INFO] src.pipeline — Processing 406008 ...
2026-03-26 18:06:20,194 [INFO] src.pipeline — Processing 413267 ...
2026-03-26 18:06:20,266 [INFO] src.pipeline — Processing 419510 ...
2026-03-26 18:06:20,326 [INFO] src.pipeline — Processing 419960 ...
2026-03-26 18:06:20,405 [INFO] src.pipeline — Processing 428031 ...
2026-03-26 18:06:20,505 [INFO] src.pipeline — Processing 434996 ...
2026-03-26 18:06:20,588 [INFO] src.pipeline — Processing 438721 ...
2026-03-26 18:06:20,702 [INFO] src.pipeline — Processing 445953 ...
2026-03-26 18:06:20,783 [INFO] src.pipeline — Processing 450733 ...
2026-03-26 18:06:20,860 [INFO] src.pipeline — Processing 460919 ...
2026-03-26 18:06:20,956 [INFO] src.pipeline — Processing 461866 ...
2026-03-26 18:06:21,031 [INFO] src.pipeline — Processing 466796 ...
2026-03-26 18:06:21,102 [INFO] src.pipeline — Processing 471727 ...
2026-03-26 18:06:21,169 [INFO] src.pipeline — Processing 478457 ...
2026-03-26 18:06:21,238 [INFO] src.pipeline — Processing 482516 ...
2026-03-26 18:06:21,302 [INFO] src.pipeline — Processing 482868 ...
2026-03-26 18:06:21,379 [INFO] src.pipeline — Processing 487609 ...
2026-03-26 18:06:21,445 [INFO] src.pipeline — Processing 489539 ...
2026-03-26 18:06:21,511 [INFO] src.pipeline — Processing 505351 ...
2026-03-26 18:06:21,578 [INFO] src.pipeline — Processing 506408 ...
2026-03-26 18:06:21,645 [INFO] src.pipeline — Processing 509648 ...
2026-03-26 18:06:21,714 [INFO] src.pipeline — Processing 516092 ...
2026-03-26 18:06:21,782 [INFO] src.pipeline — Processing 519139 ...
2026-03-26 18:06:21,844 [INFO] src.pipeline — Processing 519687 ...
2026-03-26 18:06:21,914 [INFO] src.pipeline — Processing 532816 ...
2026-03-26 18:06:21,966 [INFO] src.pipeline — Processing 538053 ...
2026-03-26 18:06:22,040 [INFO] src.pipeline — Processing 540736 ...
2026-03-26 18:06:22,124 [INFO] src.pipeline — Processing 548140 ...
2026-03-26 18:06:22,192 [INFO] src.pipeline — Processing 548865 ...
2026-03-26 18:06:22,265 [INFO] src.pipeline — Processing 558967 ...
2026-03-26 18:06:22,337 [INFO] src.pipeline — Processing 571723 ...
2026-03-26 18:06:22,402 [INFO] src.pipeline — Processing 577838 ...
2026-03-26 18:06:22,593 [WARNING] src.pipeline — [577838] PARTIAL: ['BEAT0_V1_J_POINT_LOW_CONFIDENCE', 'BEAT1_V1_J_POINT_LOW_CONFIDENCE', 'BEAT4_V1_J_POINT_LOW_CONFIDENCE', 'BEAT12_V1_J_POINT_LOW_CONFIDENCE', 'BEAT16_V1_J_POINT_LOW_CONFIDENCE']
2026-03-26 18:06:22,608 [INFO] src.pipeline — Processing 580720 ...
2026-03-26 18:06:22,722 [INFO] src.pipeline — Processing 581912 ...
2026-03-26 18:06:22,791 [WARNING] src.pipeline — [581912] PARTIAL: ['BEAT1_V2_J_POINT_LOW_CONFIDENCE']
2026-03-26 18:06:22,791 [INFO] src.pipeline — Processing 592768 ...
2026-03-26 18:06:22,866 [INFO] src.pipeline — Processing 596382 ...
2026-03-26 18:06:22,948 [INFO] src.pipeline — Processing 597251 ...
2026-03-26 18:06:23,033 [INFO] src.pipeline — Processing 613119 ...
2026-03-26 18:06:23,111 [INFO] src.pipeline — Processing 614578 ...
2026-03-26 18:06:23,190 [INFO] src.pipeline — Processing 614707 ...
2026-03-26 18:06:23,263 [INFO] src.pipeline — Processing 622530 ...
2026-03-26 18:06:23,343 [INFO] src.pipeline — Processing 624511 ...
2026-03-26 18:06:23,423 [INFO] src.pipeline — Processing 625190 ...
2026-03-26 18:06:23,494 [INFO] src.pipeline — Processing 641455 ...
2026-03-26 18:06:23,561 [INFO] src.pipeline — Processing 643139 ...
2026-03-26 18:06:23,629 [INFO] src.pipeline — Processing 801261 ...
2026-03-26 18:06:23,716 [INFO] src.pipeline — Processing 806949 ...
2026-03-26 18:06:23,800 [INFO] src.pipeline — Processing 807363 ...
2026-03-26 18:06:23,879 [INFO] src.pipeline — Processing 812209 ...
2026-03-26 18:06:23,948 [INFO] src.pipeline — Processing 812404 ...
2026-03-26 18:06:24,017 [INFO] src.pipeline — Processing 814286 ...
2026-03-26 18:06:24,079 [INFO] src.pipeline — Processing 816929 ...
2026-03-26 18:06:24,150 [INFO] src.pipeline — Processing 819710 ...
2026-03-26 18:06:24,224 [INFO] src.pipeline — Processing 821478 ...
2026-03-26 18:06:24,284 [INFO] src.pipeline — Processing 822108 ...
2026-03-26 18:06:24,361 [INFO] src.pipeline — Processing 822756 ...
2026-03-26 18:06:24,428 [INFO] src.pipeline — Processing 829768 ...
2026-03-26 18:06:24,495 [INFO] src.pipeline — Processing 830179 ...
2026-03-26 18:06:24,558 [INFO] src.pipeline — Processing 841212 ...
2026-03-26 18:06:24,625 [INFO] src.pipeline — Processing 841869 ...
2026-03-26 18:06:24,688 [INFO] src.pipeline — Processing 844915 ...
2026-03-26 18:06:24,753 [INFO] src.pipeline — Processing 849168 ...
2026-03-26 18:06:24,817 [INFO] src.pipeline — Processing 852786 ...
2026-03-26 18:06:24,893 [INFO] src.pipeline — Processing 855592 ...
2026-03-26 18:06:24,957 [INFO] src.pipeline — Processing 865998 ...
2026-03-26 18:06:25,024 [INFO] src.pipeline — Processing 866721 ...
2026-03-26 18:06:25,099 [INFO] src.pipeline — Processing 873255 ...
2026-03-26 18:06:25,163 [INFO] src.pipeline — Processing 878765 ...
2026-03-26 18:06:25,235 [INFO] src.pipeline — Processing 887465 ...
2026-03-26 18:06:25,301 [INFO] src.pipeline — Processing 891754 ...
2026-03-26 18:06:25,363 [INFO] src.pipeline — Processing 894725 ...
2026-03-26 18:06:25,427 [INFO] src.pipeline — Processing 898726 ...
2026-03-26 18:06:25,500 [INFO] src.pipeline — Processing 903442 ...
2026-03-26 18:06:25,573 [INFO] src.pipeline — Processing 903802 ...
2026-03-26 18:06:25,634 [WARNING] src.pipeline — [903802] PARTIAL: ['BEAT9_V2_J_POINT_LOW_CONFIDENCE']
2026-03-26 18:06:25,634 [INFO] src.pipeline — Processing 907736 ...
2026-03-26 18:06:25,700 [INFO] src.pipeline — Processing 913169 ...
2026-03-26 18:06:25,772 [INFO] src.pipeline — Processing 918062 ...
2026-03-26 18:06:25,847 [INFO] src.pipeline — Processing 920037 ...
2026-03-26 18:06:25,912 [INFO] src.pipeline — Processing 921230 ...
2026-03-26 18:06:25,974 [INFO] src.pipeline — Processing 930107 ...
2026-03-26 18:06:26,041 [INFO] src.pipeline — Processing 935156 ...
2026-03-26 18:06:26,101 [INFO] src.pipeline — Processing 938838 ...
2026-03-26 18:06:26,169 [INFO] src.pipeline — Processing 939546 ...
2026-03-26 18:06:26,235 [INFO] src.pipeline — Processing 945345 ...
2026-03-26 18:06:26,303 [INFO] src.pipeline — Processing 952177 ...
2026-03-26 18:06:26,376 [INFO] src.pipeline — Processing 952641 ...
2026-03-26 18:06:26,445 [INFO] src.pipeline — Processing 953976 ...
2026-03-26 18:06:26,509 [INFO] src.pipeline — Processing 958460 ...
2026-03-26 18:06:26,573 [INFO] src.pipeline — Processing 958703 ...
2026-03-26 18:06:26,644 [INFO] src.pipeline — Processing 959843 ...
2026-03-26 18:06:26,712 [INFO] src.pipeline — Processing 960432 ...
2026-03-26 18:06:26,788 [INFO] src.pipeline — Processing 962566 ...
2026-03-26 18:06:26,852 [INFO] src.pipeline — Processing 964469 ...
2026-03-26 18:06:26,920 [INFO] src.pipeline — Processing 965217 ...
2026-03-26 18:06:26,982 [INFO] src.pipeline — Processing 967547 ...
2026-03-26 18:06:27,040 [INFO] src.pipeline — Processing 968556 ...
2026-03-26 18:06:27,114 [INFO] src.pipeline — Processing 969321 ...
2026-03-26 18:06:27,183 [INFO] src.pipeline — Processing 970649 ...
2026-03-26 18:06:27,257 [INFO] src.pipeline — Processing 972048 ...
2026-03-26 18:06:27,331 [INFO] src.pipeline — Processing 972330 ...
2026-03-26 18:06:27,401 [INFO] src.pipeline — Processing 972781 ...
2026-03-26 18:06:27,469 [INFO] src.pipeline — Processing 980284 ...
2026-03-26 18:06:27,537 [INFO] src.pipeline — Processing 982732 ...
2026-03-26 18:06:27,606 [INFO] src.pipeline — Processing 985814 ...
2026-03-26 18:06:27,673 [INFO] src.pipeline — Processing 991528 ...
2026-03-26 18:06:27,738 [INFO] src.pipeline — Processing 994065 ...
2026-03-26 18:06:27,802 [INFO] src.pipeline — Processing 994217 ...
2026-03-26 18:06:27,870 [INFO] src.pipeline — Processing 994515 ...
2026-03-26 18:06:27,933 [INFO] src.pipeline — Processing 998036 ...
2026-03-26 18:06:27,992 [INFO] src.pipeline — Processing 999474 ...
2026-03-26 18:06:28,056 [INFO] src.pipeline — Processing 1009874 ...
2026-03-26 18:06:28,117 [INFO] src.pipeline — Processing 1013884 ...
2026-03-26 18:06:28,168 [INFO] src.pipeline — Processing 1023925 ...
2026-03-26 18:06:28,234 [INFO] src.pipeline — Processing 1036640 ...
2026-03-26 18:06:28,316 [INFO] src.pipeline — Processing 1041375 ...
2026-03-26 18:06:28,391 [INFO] src.pipeline — Processing 1053511 ...
2026-03-26 18:06:28,456 [INFO] src.pipeline — Processing 1054733 ...
2026-03-26 18:06:28,510 [INFO] src.pipeline — Processing 1058085 ...
2026-03-26 18:06:28,577 [INFO] src.pipeline — Processing 1058605 ...
2026-03-26 18:06:28,644 [INFO] src.pipeline — Processing 1061898 ...
2026-03-26 18:06:28,705 [INFO] src.pipeline — Processing 1063368 ...
2026-03-26 18:06:28,774 [INFO] src.pipeline — Processing 1073253 ...
2026-03-26 18:06:28,844 [INFO] src.pipeline — Processing 1074787 ...
2026-03-26 18:06:28,913 [INFO] src.pipeline — Processing 1080968 ...
2026-03-26 18:06:28,993 [INFO] src.pipeline — Processing 1081032 ...
2026-03-26 18:06:29,062 [INFO] src.pipeline — Processing 1081338 ...
2026-03-26 18:06:29,131 [INFO] src.pipeline — Processing 1084994 ...
2026-03-26 18:06:29,194 [INFO] src.pipeline — Processing 1085203 ...
2026-03-26 18:06:29,261 [INFO] src.pipeline — Processing 1087704 ...
2026-03-26 18:06:29,350 [INFO] src.pipeline — Processing 1088175 ...
2026-03-26 18:06:29,417 [INFO] src.pipeline — Processing 1088261 ...
2026-03-26 18:06:29,483 [INFO] src.pipeline — Processing 1088796 ...
2026-03-26 18:06:29,552 [INFO] src.pipeline — Processing 1092237 ...
2026-03-26 18:06:29,616 [WARNING] src.pipeline — [1092237] PARTIAL: ['BEAT0_V1_J_POINT_LOW_CONFIDENCE', 'BEAT1_V1_J_POINT_LOW_CONFIDENCE', 'BEAT2_V1_J_POINT_LOW_CONFIDENCE', 'BEAT3_V1_J_POINT_LOW_CONFIDENCE', 'BEAT4_V1_J_POINT_LOW_CONFIDENCE', 'BEAT5_V1_J_POINT_LOW_CONFIDENCE', 'BEAT6_V1_J_POINT_LOW_CONFIDENCE', 'BEAT7_V1_J_POINT_LOW_CONFIDENCE', 'BEAT8_V1_J_POINT_LOW_CONFIDENCE']
2026-03-26 18:06:29,617 [INFO] src.pipeline — Processing 1093224 ...
2026-03-26 18:06:29,684 [INFO] src.pipeline — Processing 1096625 ...
2026-03-26 18:06:29,759 [INFO] src.pipeline — Processing 1097714 ...
2026-03-26 18:06:29,825 [INFO] src.pipeline — Processing 1098314 ...
2026-03-26 18:06:29,899 [INFO] src.pipeline — Processing 1099262 ...
2026-03-26 18:06:29,974 [INFO] src.pipeline — Processing 1102607 ...
2026-03-26 18:06:30,038 [INFO] src.pipeline — Processing 1103983 ...
2026-03-26 18:06:30,104 [INFO] src.pipeline — Processing 1106149 ...
2026-03-26 18:06:30,177 [INFO] src.pipeline — Processing 1112604 ...
2026-03-26 18:06:30,249 [INFO] src.pipeline — Processing 1117553 ...
2026-03-26 18:06:30,316 [INFO] src.pipeline — Processing 1118251 ...
2026-03-26 18:06:30,389 [INFO] src.pipeline — Processing 1121137 ...
2026-03-26 18:06:30,457 [INFO] src.pipeline — Processing 1122903 ...
2026-03-26 18:06:30,523 [INFO] src.pipeline — Processing 1124825 ...
2026-03-26 18:06:30,589 [INFO] src.pipeline — Processing 1124826 ...
2026-03-26 18:06:30,730 [INFO] src.pipeline — Processing 1128835 ...
2026-03-26 18:06:30,871 [INFO] src.pipeline — Processing 1134284 ...
2026-03-26 18:06:30,954 [INFO] src.pipeline — Processing 1135434 ...
2026-03-26 18:06:31,026 [INFO] src.pipeline — Processing 1138153 ...
2026-03-26 18:06:31,090 [INFO] src.pipeline — Processing 1141322 ...
2026-03-26 18:06:31,153 [INFO] src.pipeline — Processing 1142915 ...
2026-03-26 18:06:31,247 [INFO] src.pipeline — Processing 1145203 ...
2026-03-26 18:06:31,308 [INFO] src.pipeline — Processing 1146063 ...
2026-03-26 18:06:31,378 [INFO] src.pipeline — Processing 1147684 ...
2026-03-26 18:06:31,444 [INFO] src.pipeline — Processing 1148718 ...
2026-03-26 18:06:31,523 [INFO] src.pipeline — Processing 1152054 ...
2026-03-26 18:06:31,589 [INFO] src.pipeline — Processing 1157038 ...
2026-03-26 18:06:31,655 [INFO] src.pipeline — Processing 1160261 ...
2026-03-26 18:06:31,720 [INFO] src.pipeline — Processing 1165447 ...
2026-03-26 18:06:31,794 [INFO] src.pipeline — Processing 1165448 ...
2026-03-26 18:06:31,850 [INFO] src.pipeline — Processing 1169405 ...
2026-03-26 18:06:31,918 [INFO] src.pipeline — Processing 1172602 ...
2026-03-26 18:06:32,001 [INFO] src.pipeline — Processing 1176675 ...
2026-03-26 18:06:32,072 [INFO] src.pipeline — Processing 1177018 ...
2026-03-26 18:06:32,138 [INFO] src.pipeline — Processing 1180702 ...
2026-03-26 18:06:32,205 [INFO] src.pipeline — Processing 1183349 ...
2026-03-26 18:06:32,270 [INFO] src.pipeline — Processing 1184742 ...
2026-03-26 18:06:32,348 [INFO] src.pipeline — Processing 1187599 ...
2026-03-26 18:06:32,409 [INFO] src.pipeline — Processing 1188747 ...
2026-03-26 18:06:32,475 [INFO] src.pipeline — Processing 1190805 ...
2026-03-26 18:06:32,540 [INFO] src.pipeline — Processing 1191551 ...
2026-03-26 18:06:32,604 [INFO] src.pipeline — Processing 1191595 ...
2026-03-26 18:06:32,676 [INFO] src.pipeline — Processing 1192135 ...
2026-03-26 18:06:32,739 [INFO] src.pipeline — Processing 1192146 ...
2026-03-26 18:06:32,798 [INFO] src.pipeline — Processing 1192654 ...
2026-03-26 18:06:32,853 [INFO] src.pipeline — Processing 1197538 ...
2026-03-26 18:06:32,922 [INFO] src.pipeline — Processing 1199480 ...
2026-03-26 18:06:32,988 [INFO] src.pipeline — Processing 1199517 ...
2026-03-26 18:06:33,049 [INFO] src.pipeline — Processing 1199593 ...
2026-03-26 18:06:33,115 [INFO] src.pipeline — Processing 1202306 ...
2026-03-26 18:06:33,186 [INFO] src.pipeline — Processing 1207769 ...
2026-03-26 18:06:33,256 [INFO] src.pipeline — Processing 1207947 ...
2026-03-26 18:06:33,322 [INFO] src.pipeline — Processing 1214441 ...
2026-03-26 18:06:33,386 [INFO] src.pipeline — Processing 1220716 ...
2026-03-26 18:06:33,460 [INFO] src.pipeline — Processing 1221590 ...
2026-03-26 18:06:33,534 [INFO] src.pipeline — Processing 1223519 ...
2026-03-26 18:06:33,609 [INFO] src.pipeline — Processing 1224102 ...
2026-03-26 18:06:33,686 [INFO] src.pipeline — Processing 1228746 ...
2026-03-26 18:06:33,840 [INFO] src.pipeline — Processing 1230482 ...
2026-03-26 18:06:33,858 [ERROR] src.pipeline — [1230482] FAILED: TOO_FEW_VALID_BEATS:0
2026-03-26 18:06:33,858 [INFO] src.pipeline — Processing 1231339 ...
2026-03-26 18:06:33,955 [INFO] src.pipeline — Processing 1235674 ...
2026-03-26 18:06:34,050 [INFO] src.pipeline — Processing 1236012 ...
2026-03-26 18:06:34,135 [INFO] src.pipeline — Processing 1237748 ...
2026-03-26 18:06:34,220 [INFO] src.pipeline — Processing 1238446 ...
2026-03-26 18:06:34,320 [INFO] src.pipeline — Processing 1238671 ...
2026-03-26 18:06:34,503 [INFO] src.pipeline — Processing 1242678 ...
2026-03-26 18:06:34,745 [INFO] src.pipeline — Processing 1244867 ...
2026-03-26 18:06:34,815 [INFO] src.pipeline — Processing 1248576 ...
2026-03-26 18:06:34,875 [INFO] src.pipeline — Processing 1248611 ...
2026-03-26 18:06:34,939 [INFO] src.pipeline — Processing 1252288 ...
2026-03-26 18:06:35,004 [INFO] src.pipeline — Processing 1254062 ...
2026-03-26 18:06:35,069 [INFO] src.pipeline — Processing 1254171 ...
2026-03-26 18:06:35,140 [INFO] src.pipeline — Processing 1254267 ...
2026-03-26 18:06:35,204 [INFO] src.pipeline — Processing 1259391 ...
2026-03-26 18:06:35,276 [INFO] src.pipeline — Processing 1263008 ...
2026-03-26 18:06:35,342 [INFO] src.pipeline — Processing 1270798 ...
2026-03-26 18:06:35,403 [INFO] src.pipeline — Processing 1272319 ...
2026-03-26 18:06:35,474 [INFO] src.pipeline — Processing 1272821 ...
2026-03-26 18:06:35,542 [INFO] src.pipeline — Processing 1274776 ...
2026-03-26 18:06:35,606 [INFO] src.pipeline — Processing 1275329 ...
2026-03-26 18:06:35,674 [INFO] src.pipeline — Processing 1277374 ...
2026-03-26 18:06:35,742 [INFO] src.pipeline — Processing 1278746 ...
2026-03-26 18:06:35,808 [INFO] src.pipeline — Processing 1280588 ...
2026-03-26 18:06:35,879 [INFO] src.pipeline — Processing 1281380 ...
2026-03-26 18:06:35,945 [INFO] src.pipeline — Processing 1284182 ...
2026-03-26 18:06:36,011 [INFO] src.pipeline — Processing 1285404 ...
2026-03-26 18:06:36,091 [INFO] src.pipeline — Processing 1286512 ...
2026-03-26 18:06:36,157 [INFO] src.pipeline — Processing 1290629 ...
2026-03-26 18:06:36,224 [INFO] src.pipeline — Processing 1290807 ...
2026-03-26 18:06:36,292 [INFO] src.pipeline — Processing 1294540 ...
2026-03-26 18:06:36,364 [INFO] src.pipeline — Processing 1297151 ...
2026-03-26 18:06:36,433 [INFO] src.pipeline — Processing 1297765 ...
2026-03-26 18:06:36,507 [INFO] src.pipeline — Processing 1297767 ...
2026-03-26 18:06:36,585 [INFO] src.pipeline — Processing 1298469 ...
2026-03-26 18:06:36,667 [INFO] src.pipeline — Processing 1303729 ...
2026-03-26 18:06:36,740 [INFO] src.pipeline — Processing 1305051 ...
2026-03-26 18:06:36,817 [INFO] src.pipeline — Processing 1307673 ...
2026-03-26 18:06:36,889 [INFO] src.pipeline — Processing 1307716 ...
2026-03-26 18:06:36,954 [INFO] src.pipeline — Processing 1309300 ...
2026-03-26 18:06:37,018 [INFO] src.pipeline — Processing 1310052 ...
2026-03-26 18:06:37,087 [INFO] src.pipeline — Processing 1312303 ...
2026-03-26 18:06:37,153 [INFO] src.pipeline — Processing 1313974 ...
2026-03-26 18:06:37,212 [INFO] src.pipeline — Processing 1316784 ...
2026-03-26 18:06:37,278 [INFO] src.pipeline — Processing 1318568 ...
2026-03-26 18:06:37,352 [INFO] src.pipeline — Processing 1326991 ...
2026-03-26 18:06:37,419 [INFO] src.pipeline — Processing 1327775 ...
2026-03-26 18:06:37,486 [INFO] src.pipeline — Processing 1327784 ...
2026-03-26 18:06:37,555 [INFO] src.pipeline — Processing 1332388 ...
2026-03-26 18:06:37,615 [INFO] src.pipeline — Processing 1336243 ...
2026-03-26 18:06:37,679 [INFO] src.pipeline — Processing 1337461 ...
2026-03-26 18:06:37,753 [INFO] src.pipeline — Processing 1338772 ...
2026-03-26 18:06:37,822 [INFO] src.pipeline — Processing 1338780 ...
2026-03-26 18:06:37,887 [INFO] src.pipeline — Processing 1342979 ...
2026-03-26 18:06:37,955 [INFO] src.pipeline — Processing 1344639 ...
2026-03-26 18:06:38,018 [INFO] src.pipeline — Processing 1346727 ...
2026-03-26 18:06:38,081 [INFO] src.pipeline — Processing 1350930 ...
2026-03-26 18:06:38,149 [INFO] src.pipeline — Processing 1357325 ...
2026-03-26 18:06:38,219 [INFO] src.pipeline — Processing 1358245 ...
2026-03-26 18:06:38,287 [INFO] src.pipeline — Processing 1360656 ...
2026-03-26 18:06:38,353 [INFO] src.pipeline — Processing 1366050 ...
2026-03-26 18:06:38,415 [INFO] src.pipeline — Processing 1366637 ...
2026-03-26 18:06:38,479 [INFO] src.pipeline — Processing 1370418 ...
2026-03-26 18:06:38,540 [INFO] src.pipeline — Processing 1370819 ...
2026-03-26 18:06:38,612 [INFO] src.pipeline — Processing 1371132 ...
2026-03-26 18:06:38,679 [INFO] src.pipeline — Processing 1371554 ...
2026-03-26 18:06:38,748 [INFO] src.pipeline — Processing 1372180 ...
2026-03-26 18:06:38,816 [INFO] src.pipeline — Processing 1372181 ...
2026-03-26 18:06:38,889 [INFO] src.pipeline — Processing 1381534 ...
2026-03-26 18:06:38,957 [INFO] src.pipeline — Processing 1382112 ...
2026-03-26 18:06:39,022 [INFO] src.pipeline — Processing 1383335 ...
2026-03-26 18:06:39,097 [INFO] src.pipeline — Processing 1385747 ...
2026-03-26 18:06:39,166 [INFO] src.pipeline — Processing 1386698 ...
2026-03-26 18:06:39,228 [INFO] src.pipeline — Processing 1390489 ...
2026-03-26 18:06:39,293 [INFO] src.pipeline — Processing 1403173 ...
2026-03-26 18:06:39,336 [INFO] src.pipeline — Processing 1404688 ...
2026-03-26 18:06:39,420 [INFO] src.pipeline — Processing 1407660 ...
2026-03-26 18:06:39,485 [INFO] src.pipeline — Processing 1408290 ...
2026-03-26 18:06:39,548 [INFO] src.pipeline — Processing 1414022 ...
2026-03-26 18:06:39,616 [INFO] src.pipeline — Processing 1414967 ...
2026-03-26 18:06:39,691 [INFO] src.pipeline — Processing 1416483 ...
2026-03-26 18:06:39,754 [INFO] src.pipeline — Processing 1417008 ...
2026-03-26 18:06:39,810 [INFO] src.pipeline — Processing 1418000 ...
2026-03-26 18:06:39,883 [INFO] src.pipeline — Processing 1419825 ...
2026-03-26 18:06:39,947 [INFO] src.pipeline — Processing 1421261 ...
2026-03-26 18:06:40,016 [INFO] src.pipeline — Processing 1421316 ...
2026-03-26 18:06:40,076 [INFO] src.pipeline — Processing 1422523 ...
2026-03-26 18:06:40,139 [INFO] src.pipeline — Processing 1422770 ...
2026-03-26 18:06:40,206 [INFO] src.pipeline — Processing 1423789 ...
2026-03-26 18:06:40,261 [INFO] src.pipeline — Processing 1424148 ...
2026-03-26 18:06:40,335 [INFO] src.pipeline — Processing 1425960 ...
2026-03-26 18:06:40,410 [INFO] src.pipeline — Processing 1426919 ...
2026-03-26 18:06:40,480 [INFO] src.pipeline — Processing 2187085 ...
2026-03-26 18:06:40,549 [INFO] src.pipeline — Processing 2635972 ...
2026-03-26 18:06:40,618 [INFO] src.pipeline — Processing 3003692 ...
2026-03-26 18:06:40,687 [INFO] src.pipeline — Processing 3004284 ...
2026-03-26 18:06:40,755 [INFO] src.pipeline — Processing 3006598 ...
2026-03-26 18:06:40,816 [INFO] src.pipeline — Processing 3007664 ...
2026-03-26 18:06:40,880 [INFO] src.pipeline — Processing 3009538 ...
2026-03-26 18:06:40,941 [INFO] src.pipeline — Processing 3009950 ...
2026-03-26 18:06:41,008 [INFO] src.pipeline — Processing 3015438 ...
2026-03-26 18:06:41,071 [INFO] src.pipeline — Processing 3015440 ...
2026-03-26 18:06:41,137 [INFO] src.pipeline — Processing 3015449 ...
2026-03-26 18:06:41,199 [INFO] src.pipeline — Processing 3016396 ...
2026-03-26 18:06:41,266 [INFO] src.pipeline — Processing 3016401 ...
2026-03-26 18:06:41,329 [INFO] src.pipeline — Processing 3028930 ...
2026-03-26 18:06:41,399 [INFO] src.pipeline — Processing 3030937 ...
2026-03-26 18:06:41,467 [INFO] src.pipeline — Processing 3035210 ...
2026-03-26 18:06:41,530 [INFO] src.pipeline — Processing 3037390 ...
2026-03-26 18:06:41,586 [INFO] src.pipeline — Processing 3037617 ...
2026-03-26 18:06:41,664 [INFO] src.pipeline — Processing 3043155 ...
2026-03-26 18:06:41,734 [INFO] src.pipeline — Processing 3044775 ...
2026-03-26 18:06:41,801 [INFO] src.pipeline — Processing 3045053 ...
2026-03-26 18:06:41,865 [INFO] src.pipeline — Processing 3045059 ...
2026-03-26 18:06:41,931 [INFO] src.pipeline — Processing 3045751 ...
2026-03-26 18:06:41,995 [INFO] src.pipeline — Processing 3058024 ...
2026-03-26 18:06:42,063 [INFO] src.pipeline — Processing 3058134 ...
2026-03-26 18:06:42,125 [INFO] src.pipeline — Processing 3062045 ...
2026-03-26 18:06:42,188 [INFO] src.pipeline — Processing 3064724 ...
2026-03-26 18:06:42,251 [INFO] src.pipeline — Processing 3065295 ...
2026-03-26 18:06:42,313 [INFO] src.pipeline — Processing 3067191 ...
2026-03-26 18:06:42,371 [INFO] src.pipeline — Processing 3067196 ...
2026-03-26 18:06:42,443 [INFO] src.pipeline — Processing 3071151 ...
2026-03-26 18:06:42,505 [INFO] src.pipeline — Processing 3072833 ...
2026-03-26 18:06:42,572 [INFO] src.pipeline — Processing 3072836 ...
2026-03-26 18:06:42,639 [INFO] src.pipeline — Processing 3073346 ...
2026-03-26 18:06:42,704 [INFO] src.pipeline — Processing 3074751 ...
2026-03-26 18:06:42,769 [INFO] src.pipeline — Processing 3075260 ...
2026-03-26 18:06:42,836 [INFO] src.pipeline — Processing 3080118 ...
2026-03-26 18:06:42,902 [INFO] src.pipeline — Processing 3080186 ...
2026-03-26 18:06:42,961 [INFO] src.pipeline — Processing 3092472 ...
2026-03-26 18:06:43,030 [INFO] src.pipeline — Processing 3093924 ...
2026-03-26 18:06:43,093 [INFO] src.pipeline — Processing 3094047 ...
2026-03-26 18:06:43,161 [INFO] src.pipeline — Processing 3094049 ...
2026-03-26 18:06:43,225 [WARNING] src.pipeline — [3094049] PARTIAL: ['BEAT2_V1_J_POINT_LOW_CONFIDENCE', 'BEAT4_V1_J_POINT_LOW_CONFIDENCE', 'BEAT5_V1_J_POINT_LOW_CONFIDENCE', 'BEAT6_V1_J_POINT_LOW_CONFIDENCE', 'BEAT7_V1_J_POINT_LOW_CONFIDENCE']
2026-03-26 18:06:43,226 [INFO] src.pipeline — Processing 3095195 ...
2026-03-26 18:06:43,286 [INFO] src.pipeline — Processing 3095200 ...
2026-03-26 18:06:43,361 [INFO] src.pipeline — Processing 3096254 ...
2026-03-26 18:06:43,432 [INFO] src.pipeline — Processing 3099875 ...
2026-03-26 18:06:43,498 [INFO] src.pipeline — Processing 3101011 ...
2026-03-26 18:06:43,560 [INFO] src.pipeline — Processing 3110550 ...
2026-03-26 18:06:43,628 [INFO] src.pipeline — Processing 3113249 ...
2026-03-26 18:06:43,691 [INFO] src.pipeline — Processing 3114582 ...
2026-03-26 18:06:43,759 [INFO] src.pipeline — Processing 3118448 ...
2026-03-26 18:06:43,820 [INFO] src.pipeline — Processing 3128412 ...
2026-03-26 18:06:43,883 [INFO] src.pipeline — Processing 3128947 ...
2026-03-26 18:06:43,950 [INFO] src.pipeline — Processing 3128957 ...
2026-03-26 18:06:44,018 [INFO] src.pipeline — Processing 3133602 ...
2026-03-26 18:06:44,079 [INFO] src.pipeline — Processing 3136075 ...
2026-03-26 18:06:44,139 [INFO] src.pipeline — Processing 3138453 ...
2026-03-26 18:06:44,267 [INFO] src.pipeline — Processing 3139196 ...
2026-03-26 18:06:44,986 [INFO] src.pipeline — Pipeline complete. OK: 356 | PARTIAL: 5 | FAILED: 2
2026-03-26 20:26:19,749 [INFO] src.pipeline — Processing 188981 ...
2026-03-26 20:27:56,951 [INFO] src.pipeline — Processing 188981 ...
2026-03-26 20:28:34,231 [INFO] src.pipeline — Processing 188981 ...
2026-03-26 20:29:23,541 [INFO] src.pipeline — Processing 188981 ...
2026-03-26 20:30:33,212 [INFO] src.pipeline — Processing 188981 ...
2026-03-26 20:31:13,897 [INFO] src.pipeline — Processing 188981 ...
2026-03-26 20:32:10,771 [INFO] src.pipeline — Processing 188981 ...
2026-03-26 20:34:12,743 [INFO] src.pipeline — Processing 188981 ...
2026-03-26 20:35:21,592 [INFO] src.pipeline — Processing 188981 ...
2026-03-26 20:36:38,852 [INFO] src.pipeline — Processing 188981 ...
2026-03-26 20:37:39,931 [INFO] src.pipeline — Processing 188981 ...
2026-03-26 20:39:15,017 [INFO] src.pipeline — Processing 188981 ...
2026-03-26 20:39:59,750 [INFO] src.pipeline — Processing 188981 ...
2026-03-26 21:05:01,400 [INFO] src.pipeline — Processing 188981 ...
2026-03-26 21:07:12,704 [INFO] src.pipeline — Processing 188981 ...
2026-03-26 21:09:11,277 [INFO] src.pipeline — Processing 188981 ...
2026-03-26 21:09:13,248 [INFO] src.pipeline — Processing 251972 ...
2026-03-26 21:09:13,335 [INFO] src.pipeline — Processing 265715 ...
2026-03-26 21:09:13,464 [INFO] src.pipeline — Processing 267628 ...
2026-03-26 21:09:13,536 [INFO] src.pipeline — Processing 267630 ...
2026-03-26 21:09:13,552 [ERROR] src.pipeline — [267630] FAILED: TOO_FEW_RPEAKS: 0
2026-03-26 21:09:13,552 [INFO] src.pipeline — Processing 286830 ...
2026-03-26 21:09:13,626 [INFO] src.pipeline — Processing 287355 ...
2026-03-26 21:09:13,693 [INFO] src.pipeline — Processing 292220 ...
2026-03-26 21:09:13,775 [INFO] src.pipeline — Processing 292666 ...
2026-03-26 21:09:13,842 [INFO] src.pipeline — Processing 304141 ...
2026-03-26 21:09:13,909 [INFO] src.pipeline — Processing 314397 ...
2026-03-26 21:09:13,979 [INFO] src.pipeline — Processing 316872 ...
2026-03-26 21:09:14,043 [INFO] src.pipeline — Processing 317547 ...
2026-03-26 21:09:14,108 [INFO] src.pipeline — Processing 319150 ...
2026-03-26 21:09:14,169 [INFO] src.pipeline — Processing 319221 ...
2026-03-26 21:09:14,242 [INFO] src.pipeline — Processing 325231 ...
2026-03-26 21:09:14,309 [INFO] src.pipeline — Processing 325966 ...
2026-03-26 21:09:14,375 [INFO] src.pipeline — Processing 329034 ...
2026-03-26 21:09:14,450 [INFO] src.pipeline — Processing 329533 ...
2026-03-26 21:09:14,509 [INFO] src.pipeline — Processing 395553 ...
2026-03-26 21:09:14,575 [INFO] src.pipeline — Processing 405298 ...
2026-03-26 21:09:14,650 [INFO] src.pipeline — Processing 406008 ...
2026-03-26 21:09:14,730 [INFO] src.pipeline — Processing 413267 ...
2026-03-26 21:09:14,802 [INFO] src.pipeline — Processing 419510 ...
2026-03-26 21:09:14,858 [INFO] src.pipeline — Processing 419960 ...
2026-03-26 21:09:14,928 [INFO] src.pipeline — Processing 428031 ...
2026-03-26 21:09:15,001 [INFO] src.pipeline — Processing 434996 ...
2026-03-26 21:09:15,059 [INFO] src.pipeline — Processing 438721 ...
2026-03-26 21:09:15,137 [INFO] src.pipeline — Processing 445953 ...
2026-03-26 21:09:15,200 [INFO] src.pipeline — Processing 450733 ...
2026-03-26 21:09:15,277 [INFO] src.pipeline — Processing 460919 ...
2026-03-26 21:09:15,343 [INFO] src.pipeline — Processing 461866 ...
2026-03-26 21:09:15,424 [INFO] src.pipeline — Processing 466796 ...
2026-03-26 21:09:15,492 [INFO] src.pipeline — Processing 471727 ...
2026-03-26 21:09:15,559 [INFO] src.pipeline — Processing 478457 ...
2026-03-26 21:09:15,635 [INFO] src.pipeline — Processing 482516 ...
2026-03-26 21:09:15,708 [INFO] src.pipeline — Processing 482868 ...
2026-03-26 21:09:15,775 [INFO] src.pipeline — Processing 487609 ...
2026-03-26 21:09:15,844 [INFO] src.pipeline — Processing 489539 ...
2026-03-26 21:09:15,909 [INFO] src.pipeline — Processing 505351 ...
2026-03-26 21:09:15,977 [INFO] src.pipeline — Processing 506408 ...
2026-03-26 21:09:16,051 [INFO] src.pipeline — Processing 509648 ...
2026-03-26 21:09:16,126 [INFO] src.pipeline — Processing 516092 ...
2026-03-26 21:09:16,209 [INFO] src.pipeline — Processing 519139 ...
2026-03-26 21:09:16,275 [INFO] src.pipeline — Processing 519687 ...
2026-03-26 21:09:16,344 [INFO] src.pipeline — Processing 532816 ...
2026-03-26 21:09:16,408 [INFO] src.pipeline — Processing 538053 ...
2026-03-26 21:09:16,476 [INFO] src.pipeline — Processing 540736 ...
2026-03-26 21:09:16,552 [INFO] src.pipeline — Processing 548140 ...
2026-03-26 21:09:16,617 [INFO] src.pipeline — Processing 548865 ...
2026-03-26 21:09:16,692 [INFO] src.pipeline — Processing 558967 ...
2026-03-26 21:09:16,751 [INFO] src.pipeline — Processing 571723 ...
2026-03-26 21:09:16,831 [INFO] src.pipeline — Processing 577838 ...
2026-03-26 21:09:16,909 [WARNING] src.pipeline — [577838] PARTIAL: ['BEAT0_V1_J_POINT_LOW_CONFIDENCE', 'BEAT1_V1_J_POINT_LOW_CONFIDENCE', 'BEAT4_V1_J_POINT_LOW_CONFIDENCE', 'BEAT12_V1_J_POINT_LOW_CONFIDENCE', 'BEAT16_V1_J_POINT_LOW_CONFIDENCE']
2026-03-26 21:09:16,912 [INFO] src.pipeline — Processing 580720 ...
2026-03-26 21:09:16,985 [INFO] src.pipeline — Processing 581912 ...
2026-03-26 21:09:17,050 [WARNING] src.pipeline — [581912] PARTIAL: ['BEAT1_V2_J_POINT_LOW_CONFIDENCE']
2026-03-26 21:09:17,056 [INFO] src.pipeline — Processing 592768 ...
2026-03-26 21:09:17,126 [INFO] src.pipeline — Processing 596382 ...
2026-03-26 21:09:17,194 [INFO] src.pipeline — Processing 597251 ...
2026-03-26 21:09:17,259 [INFO] src.pipeline — Processing 613119 ...
2026-03-26 21:09:17,335 [INFO] src.pipeline — Processing 614578 ...
2026-03-26 21:09:17,403 [INFO] src.pipeline — Processing 614707 ...
2026-03-26 21:09:17,475 [INFO] src.pipeline — Processing 622530 ...
2026-03-26 21:09:17,545 [INFO] src.pipeline — Processing 624511 ...
2026-03-26 21:09:17,625 [INFO] src.pipeline — Processing 625190 ...
2026-03-26 21:09:17,692 [INFO] src.pipeline — Processing 641455 ...
2026-03-26 21:09:17,752 [INFO] src.pipeline — Processing 643139 ...
2026-03-26 21:09:17,826 [INFO] src.pipeline — Processing 801261 ...
2026-03-26 21:09:17,910 [INFO] src.pipeline — Processing 806949 ...
2026-03-26 21:09:17,985 [INFO] src.pipeline — Processing 807363 ...
2026-03-26 21:09:18,042 [INFO] src.pipeline — Processing 812209 ...
2026-03-26 21:09:18,110 [INFO] src.pipeline — Processing 812404 ...
2026-03-26 21:09:18,203 [INFO] src.pipeline — Processing 814286 ...
2026-03-26 21:09:18,290 [INFO] src.pipeline — Processing 816929 ...
2026-03-26 21:09:18,381 [INFO] src.pipeline — Processing 819710 ...
2026-03-26 21:09:18,460 [INFO] src.pipeline — Processing 821478 ...
2026-03-26 21:09:18,526 [INFO] src.pipeline — Processing 822108 ...
2026-03-26 21:09:18,612 [INFO] src.pipeline — Processing 822756 ...
2026-03-26 21:09:18,714 [INFO] src.pipeline — Processing 829768 ...
2026-03-26 21:09:18,807 [INFO] src.pipeline — Processing 830179 ...
2026-03-26 21:09:18,888 [INFO] src.pipeline — Processing 841212 ...
2026-03-26 21:09:18,980 [INFO] src.pipeline — Processing 841869 ...
2026-03-26 21:09:19,051 [INFO] src.pipeline — Processing 844915 ...
2026-03-26 21:09:19,119 [INFO] src.pipeline — Processing 849168 ...
2026-03-26 21:09:19,193 [INFO] src.pipeline — Processing 852786 ...
2026-03-26 21:09:19,269 [INFO] src.pipeline — Processing 855592 ...
2026-03-26 21:09:19,346 [INFO] src.pipeline — Processing 865998 ...
2026-03-26 21:09:19,427 [INFO] src.pipeline — Processing 866721 ...
2026-03-26 21:09:19,515 [INFO] src.pipeline — Processing 873255 ...
2026-03-26 21:09:19,605 [INFO] src.pipeline — Processing 878765 ...
2026-03-26 21:09:19,711 [INFO] src.pipeline — Processing 887465 ...
2026-03-26 21:09:19,802 [INFO] src.pipeline — Processing 891754 ...
2026-03-26 21:09:19,896 [INFO] src.pipeline — Processing 894725 ...
2026-03-26 21:09:19,984 [INFO] src.pipeline — Processing 898726 ...
2026-03-26 21:09:20,084 [INFO] src.pipeline — Processing 903442 ...
2026-03-26 21:09:20,168 [INFO] src.pipeline — Processing 903802 ...
2026-03-26 21:09:20,245 [WARNING] src.pipeline — [903802] PARTIAL: ['BEAT9_V2_J_POINT_LOW_CONFIDENCE']
2026-03-26 21:09:20,245 [INFO] src.pipeline — Processing 907736 ...
2026-03-26 21:09:20,320 [INFO] src.pipeline — Processing 913169 ...
2026-03-26 21:09:20,403 [INFO] src.pipeline — Processing 918062 ...
2026-03-26 21:09:20,491 [INFO] src.pipeline — Processing 920037 ...
2026-03-26 21:09:20,566 [INFO] src.pipeline — Processing 921230 ...
2026-03-26 21:09:20,666 [INFO] src.pipeline — Processing 930107 ...
2026-03-26 21:09:20,767 [INFO] src.pipeline — Processing 935156 ...
2026-03-26 21:09:20,848 [INFO] src.pipeline — Processing 938838 ...
2026-03-26 21:09:20,929 [INFO] src.pipeline — Processing 939546 ...
2026-03-26 21:09:21,002 [INFO] src.pipeline — Processing 945345 ...
2026-03-26 21:09:21,086 [INFO] src.pipeline — Processing 952177 ...
2026-03-26 21:09:21,165 [INFO] src.pipeline — Processing 952641 ...
2026-03-26 21:09:21,236 [INFO] src.pipeline — Processing 953976 ...
2026-03-26 21:09:21,312 [INFO] src.pipeline — Processing 958460 ...
2026-03-26 21:09:21,390 [INFO] src.pipeline — Processing 958703 ...
2026-03-26 21:09:21,460 [INFO] src.pipeline — Processing 959843 ...
2026-03-26 21:09:21,526 [INFO] src.pipeline — Processing 960432 ...
2026-03-26 21:09:21,594 [INFO] src.pipeline — Processing 962566 ...
2026-03-26 21:09:21,661 [INFO] src.pipeline — Processing 964469 ...
2026-03-26 21:09:21,730 [INFO] src.pipeline — Processing 965217 ...
2026-03-26 21:09:21,794 [INFO] src.pipeline — Processing 967547 ...
2026-03-26 21:09:21,860 [INFO] src.pipeline — Processing 968556 ...
2026-03-26 21:09:21,927 [INFO] src.pipeline — Processing 969321 ...
2026-03-26 21:09:21,994 [INFO] src.pipeline — Processing 970649 ...
2026-03-26 21:09:22,075 [INFO] src.pipeline — Processing 972048 ...
2026-03-26 21:09:22,145 [INFO] src.pipeline — Processing 972330 ...
2026-03-26 21:09:22,219 [INFO] src.pipeline — Processing 972781 ...
2026-03-26 21:09:22,277 [INFO] src.pipeline — Processing 980284 ...
2026-03-26 21:09:22,352 [INFO] src.pipeline — Processing 982732 ...
2026-03-26 21:09:22,410 [INFO] src.pipeline — Processing 985814 ...
2026-03-26 21:09:22,486 [INFO] src.pipeline — Processing 991528 ...
2026-03-26 21:09:22,544 [INFO] src.pipeline — Processing 994065 ...
2026-03-26 21:09:22,611 [INFO] src.pipeline — Processing 994217 ...
2026-03-26 21:09:22,677 [INFO] src.pipeline — Processing 994515 ...
2026-03-26 21:09:22,744 [INFO] src.pipeline — Processing 998036 ...
2026-03-26 21:09:22,810 [INFO] src.pipeline — Processing 999474 ...
2026-03-26 21:09:22,878 [INFO] src.pipeline — Processing 1009874 ...
2026-03-26 21:09:22,938 [INFO] src.pipeline — Processing 1013884 ...
2026-03-26 21:09:22,993 [INFO] src.pipeline — Processing 1023925 ...
2026-03-26 21:09:23,061 [INFO] src.pipeline — Processing 1036640 ...
2026-03-26 21:09:23,127 [INFO] src.pipeline — Processing 1041375 ...
2026-03-26 21:09:23,194 [INFO] src.pipeline — Processing 1053511 ...
2026-03-26 21:09:23,253 [INFO] src.pipeline — Processing 1054733 ...
2026-03-26 21:09:23,311 [INFO] src.pipeline — Processing 1058085 ...
2026-03-26 21:09:23,376 [INFO] src.pipeline — Processing 1058605 ...
2026-03-26 21:09:23,444 [INFO] src.pipeline — Processing 1061898 ...
2026-03-26 21:09:23,501 [INFO] src.pipeline — Processing 1063368 ...
2026-03-26 21:09:23,576 [INFO] src.pipeline — Processing 1073253 ...
2026-03-26 21:09:23,644 [INFO] src.pipeline — Processing 1074787 ...
2026-03-26 21:09:23,720 [INFO] src.pipeline — Processing 1080968 ...
2026-03-26 21:09:23,793 [INFO] src.pipeline — Processing 1081032 ...
2026-03-26 21:09:23,868 [INFO] src.pipeline — Processing 1081338 ...
2026-03-26 21:09:23,936 [INFO] src.pipeline — Processing 1084994 ...
2026-03-26 21:09:24,001 [INFO] src.pipeline — Processing 1085203 ...
2026-03-26 21:09:24,069 [INFO] src.pipeline — Processing 1087704 ...
2026-03-26 21:09:24,143 [INFO] src.pipeline — Processing 1088175 ...
2026-03-26 21:09:24,218 [INFO] src.pipeline — Processing 1088261 ...
2026-03-26 21:09:24,285 [INFO] src.pipeline — Processing 1088796 ...
2026-03-26 21:09:24,353 [INFO] src.pipeline — Processing 1092237 ...
2026-03-26 21:09:24,411 [WARNING] src.pipeline — [1092237] PARTIAL: ['BEAT0_V1_J_POINT_LOW_CONFIDENCE', 'BEAT1_V1_J_POINT_LOW_CONFIDENCE', 'BEAT2_V1_J_POINT_LOW_CONFIDENCE', 'BEAT3_V1_J_POINT_LOW_CONFIDENCE', 'BEAT4_V1_J_POINT_LOW_CONFIDENCE', 'BEAT5_V1_J_POINT_LOW_CONFIDENCE', 'BEAT6_V1_J_POINT_LOW_CONFIDENCE', 'BEAT7_V1_J_POINT_LOW_CONFIDENCE', 'BEAT8_V1_J_POINT_LOW_CONFIDENCE']
2026-03-26 21:09:24,420 [INFO] src.pipeline — Processing 1093224 ...
2026-03-26 21:09:24,494 [INFO] src.pipeline — Processing 1096625 ...
2026-03-26 21:09:24,563 [INFO] src.pipeline — Processing 1097714 ...
2026-03-26 21:09:24,635 [INFO] src.pipeline — Processing 1098314 ...
2026-03-26 21:09:24,717 [INFO] src.pipeline — Processing 1099262 ...
2026-03-26 21:09:24,794 [INFO] src.pipeline — Processing 1102607 ...
2026-03-26 21:09:24,860 [INFO] src.pipeline — Processing 1103983 ...
2026-03-26 21:09:24,927 [INFO] src.pipeline — Processing 1106149 ...
2026-03-26 21:09:24,993 [INFO] src.pipeline — Processing 1112604 ...
2026-03-26 21:09:25,060 [INFO] src.pipeline — Processing 1117553 ...
2026-03-26 21:09:25,127 [INFO] src.pipeline — Processing 1118251 ...
2026-03-26 21:09:25,211 [INFO] src.pipeline — Processing 1121137 ...
2026-03-26 21:09:25,276 [INFO] src.pipeline — Processing 1122903 ...
2026-03-26 21:09:25,338 [INFO] src.pipeline — Processing 1124825 ...
2026-03-26 21:09:25,404 [INFO] src.pipeline — Processing 1124826 ...
2026-03-26 21:09:25,464 [INFO] src.pipeline — Processing 1128835 ...
2026-03-26 21:09:25,528 [INFO] src.pipeline — Processing 1134284 ...
2026-03-26 21:09:25,605 [INFO] src.pipeline — Processing 1135434 ...
2026-03-26 21:09:25,677 [INFO] src.pipeline — Processing 1138153 ...
2026-03-26 21:09:25,745 [INFO] src.pipeline — Processing 1141322 ...
2026-03-26 21:09:25,812 [INFO] src.pipeline — Processing 1142915 ...
2026-03-26 21:09:25,894 [INFO] src.pipeline — Processing 1145203 ...
2026-03-26 21:09:25,961 [INFO] src.pipeline — Processing 1146063 ...
2026-03-26 21:09:26,027 [INFO] src.pipeline — Processing 1147684 ...
2026-03-26 21:09:26,095 [INFO] src.pipeline — Processing 1148718 ...
2026-03-26 21:09:26,160 [INFO] src.pipeline — Processing 1152054 ...
2026-03-26 21:09:26,244 [INFO] src.pipeline — Processing 1157038 ...
2026-03-26 21:09:26,305 [INFO] src.pipeline — Processing 1160261 ...
2026-03-26 21:09:26,371 [INFO] src.pipeline — Processing 1165447 ...
2026-03-26 21:09:26,446 [INFO] src.pipeline — Processing 1165448 ...
2026-03-26 21:09:26,512 [INFO] src.pipeline — Processing 1169405 ...
2026-03-26 21:09:26,586 [INFO] src.pipeline — Processing 1172602 ...
2026-03-26 21:09:26,644 [INFO] src.pipeline — Processing 1176675 ...
2026-03-26 21:09:26,721 [INFO] src.pipeline — Processing 1177018 ...
2026-03-26 21:09:26,786 [INFO] src.pipeline — Processing 1180702 ...
2026-03-26 21:09:26,861 [INFO] src.pipeline — Processing 1183349 ...
2026-03-26 21:09:26,927 [INFO] src.pipeline — Processing 1184742 ...
2026-03-26 21:09:26,994 [INFO] src.pipeline — Processing 1187599 ...
2026-03-26 21:09:27,061 [INFO] src.pipeline — Processing 1188747 ...
2026-03-26 21:09:27,128 [INFO] src.pipeline — Processing 1190805 ...
2026-03-26 21:09:27,194 [INFO] src.pipeline — Processing 1191551 ...
2026-03-26 21:09:27,263 [INFO] src.pipeline — Processing 1191595 ...
2026-03-26 21:09:27,343 [INFO] src.pipeline — Processing 1192135 ...
2026-03-26 21:09:27,404 [INFO] src.pipeline — Processing 1192146 ...
2026-03-26 21:09:27,476 [INFO] src.pipeline — Processing 1192654 ...
2026-03-26 21:09:27,531 [INFO] src.pipeline — Processing 1197538 ...
2026-03-26 21:09:27,595 [INFO] src.pipeline — Processing 1199480 ...
2026-03-26 21:09:27,662 [INFO] src.pipeline — Processing 1199517 ...
2026-03-26 21:09:27,727 [INFO] src.pipeline — Processing 1199593 ...
2026-03-26 21:09:27,797 [INFO] src.pipeline — Processing 1202306 ...
2026-03-26 21:09:27,877 [INFO] src.pipeline — Processing 1207769 ...
2026-03-26 21:09:27,944 [INFO] src.pipeline — Processing 1207947 ...
2026-03-26 21:09:28,011 [INFO] src.pipeline — Processing 1214441 ...
2026-03-26 21:09:28,070 [INFO] src.pipeline — Processing 1220716 ...
2026-03-26 21:09:28,144 [INFO] src.pipeline — Processing 1221590 ...
2026-03-26 21:09:28,212 [INFO] src.pipeline — Processing 1223519 ...
2026-03-26 21:09:28,279 [INFO] src.pipeline — Processing 1224102 ...
2026-03-26 21:09:28,353 [INFO] src.pipeline — Processing 1228746 ...
2026-03-26 21:09:28,412 [INFO] src.pipeline — Processing 1230482 ...
2026-03-26 21:09:28,432 [ERROR] src.pipeline — [1230482] FAILED: TOO_FEW_VALID_BEATS:0
2026-03-26 21:09:28,434 [INFO] src.pipeline — Processing 1231339 ...
2026-03-26 21:09:28,503 [INFO] src.pipeline — Processing 1235674 ...
2026-03-26 21:09:28,580 [INFO] src.pipeline — Processing 1236012 ...
2026-03-26 21:09:28,644 [INFO] src.pipeline — Processing 1237748 ...
2026-03-26 21:09:28,711 [INFO] src.pipeline — Processing 1238446 ...
2026-03-26 21:09:28,788 [INFO] src.pipeline — Processing 1238671 ...
2026-03-26 21:09:28,862 [INFO] src.pipeline — Processing 1242678 ...
2026-03-26 21:09:28,927 [INFO] src.pipeline — Processing 1244867 ...
2026-03-26 21:09:28,987 [INFO] src.pipeline — Processing 1248576 ...
2026-03-26 21:09:29,048 [INFO] src.pipeline — Processing 1248611 ...
2026-03-26 21:09:29,111 [INFO] src.pipeline — Processing 1252288 ...
2026-03-26 21:09:29,178 [INFO] src.pipeline — Processing 1254062 ...
2026-03-26 21:09:29,246 [INFO] src.pipeline — Processing 1254171 ...
2026-03-26 21:09:29,322 [INFO] src.pipeline — Processing 1254267 ...
2026-03-26 21:09:29,389 [INFO] src.pipeline — Processing 1259391 ...
2026-03-26 21:09:29,453 [INFO] src.pipeline — Processing 1263008 ...
2026-03-26 21:09:29,520 [INFO] src.pipeline — Processing 1270798 ...
2026-03-26 21:09:29,590 [INFO] src.pipeline — Processing 1272319 ...
2026-03-26 21:09:29,662 [INFO] src.pipeline — Processing 1272821 ...
2026-03-26 21:09:29,730 [INFO] src.pipeline — Processing 1274776 ...
2026-03-26 21:09:29,795 [INFO] src.pipeline — Processing 1275329 ...
2026-03-26 21:09:29,863 [INFO] src.pipeline — Processing 1277374 ...
2026-03-26 21:09:29,937 [INFO] src.pipeline — Processing 1278746 ...
2026-03-26 21:09:30,005 [INFO] src.pipeline — Processing 1280588 ...
2026-03-26 21:09:30,072 [INFO] src.pipeline — Processing 1281380 ...
2026-03-26 21:09:30,138 [INFO] src.pipeline — Processing 1284182 ...
2026-03-26 21:09:30,205 [INFO] src.pipeline — Processing 1285404 ...
2026-03-26 21:09:30,295 [INFO] src.pipeline — Processing 1286512 ...
2026-03-26 21:09:30,373 [INFO] src.pipeline — Processing 1290629 ...
2026-03-26 21:09:30,453 [INFO] src.pipeline — Processing 1290807 ...
2026-03-26 21:09:30,528 [INFO] src.pipeline — Processing 1294540 ...
2026-03-26 21:09:30,605 [INFO] src.pipeline — Processing 1297151 ...
2026-03-26 21:09:30,678 [INFO] src.pipeline — Processing 1297765 ...
2026-03-26 21:09:30,766 [INFO] src.pipeline — Processing 1297767 ...
2026-03-26 21:09:30,860 [INFO] src.pipeline — Processing 1298469 ...
2026-03-26 21:09:30,954 [INFO] src.pipeline — Processing 1303729 ...
2026-03-26 21:09:31,047 [INFO] src.pipeline — Processing 1305051 ...
2026-03-26 21:09:31,120 [INFO] src.pipeline — Processing 1307673 ...
2026-03-26 21:09:31,196 [INFO] src.pipeline — Processing 1307716 ...
2026-03-26 21:09:31,255 [INFO] src.pipeline — Processing 1309300 ...
2026-03-26 21:09:31,336 [INFO] src.pipeline — Processing 1310052 ...
2026-03-26 21:09:31,414 [INFO] src.pipeline — Processing 1312303 ...
2026-03-26 21:09:31,499 [INFO] src.pipeline — Processing 1313974 ...
2026-03-26 21:09:31,570 [INFO] src.pipeline — Processing 1316784 ...
2026-03-26 21:09:31,654 [INFO] src.pipeline — Processing 1318568 ...
2026-03-26 21:09:31,748 [INFO] src.pipeline — Processing 1326991 ...
2026-03-26 21:09:31,831 [INFO] src.pipeline — Processing 1327775 ...
2026-03-26 21:09:31,895 [INFO] src.pipeline — Processing 1327784 ...
2026-03-26 21:09:31,981 [INFO] src.pipeline — Processing 1332388 ...
2026-03-26 21:09:32,060 [INFO] src.pipeline — Processing 1336243 ...
2026-03-26 21:09:32,130 [INFO] src.pipeline — Processing 1337461 ...
2026-03-26 21:09:32,217 [INFO] src.pipeline — Processing 1338772 ...
2026-03-26 21:09:32,279 [INFO] src.pipeline — Processing 1338780 ...
2026-03-26 21:09:32,346 [INFO] src.pipeline — Processing 1342979 ...
2026-03-26 21:09:32,413 [INFO] src.pipeline — Processing 1344639 ...
2026-03-26 21:09:32,495 [INFO] src.pipeline — Processing 1346727 ...
2026-03-26 21:09:32,561 [INFO] src.pipeline — Processing 1350930 ...
2026-03-26 21:09:32,629 [INFO] src.pipeline — Processing 1357325 ...
2026-03-26 21:09:32,695 [INFO] src.pipeline — Processing 1358245 ...
2026-03-26 21:09:32,763 [INFO] src.pipeline — Processing 1360656 ...
2026-03-26 21:09:32,829 [INFO] src.pipeline — Processing 1366050 ...
2026-03-26 21:09:32,897 [INFO] src.pipeline — Processing 1366637 ...
2026-03-26 21:09:32,963 [INFO] src.pipeline — Processing 1370418 ...
2026-03-26 21:09:33,029 [INFO] src.pipeline — Processing 1370819 ...
2026-03-26 21:09:33,105 [INFO] src.pipeline — Processing 1371132 ...
2026-03-26 21:09:33,172 [INFO] src.pipeline — Processing 1371554 ...
2026-03-26 21:09:33,244 [INFO] src.pipeline — Processing 1372180 ...
2026-03-26 21:09:33,312 [INFO] src.pipeline — Processing 1372181 ...
2026-03-26 21:09:33,387 [INFO] src.pipeline — Processing 1381534 ...
2026-03-26 21:09:33,454 [INFO] src.pipeline — Processing 1382112 ...
2026-03-26 21:09:33,529 [INFO] src.pipeline — Processing 1383335 ...
2026-03-26 21:09:33,597 [INFO] src.pipeline — Processing 1385747 ...
2026-03-26 21:09:33,663 [INFO] src.pipeline — Processing 1386698 ...
2026-03-26 21:09:33,737 [INFO] src.pipeline — Processing 1390489 ...
2026-03-26 21:09:33,806 [INFO] src.pipeline — Processing 1403173 ...
2026-03-26 21:09:33,864 [INFO] src.pipeline — Processing 1404688 ...
2026-03-26 21:09:33,930 [INFO] src.pipeline — Processing 1407660 ...
2026-03-26 21:09:33,995 [INFO] src.pipeline — Processing 1408290 ...
2026-03-26 21:09:34,064 [INFO] src.pipeline — Processing 1414022 ...
2026-03-26 21:09:34,139 [INFO] src.pipeline — Processing 1414967 ...
2026-03-26 21:09:34,212 [INFO] src.pipeline — Processing 1416483 ...
2026-03-26 21:09:34,270 [INFO] src.pipeline — Processing 1417008 ...
2026-03-26 21:09:34,329 [INFO] src.pipeline — Processing 1418000 ...
2026-03-26 21:09:34,395 [INFO] src.pipeline — Processing 1419825 ...
2026-03-26 21:09:34,463 [INFO] src.pipeline — Processing 1421261 ...
2026-03-26 21:09:34,539 [INFO] src.pipeline — Processing 1421316 ...
2026-03-26 21:09:34,603 [INFO] src.pipeline — Processing 1422523 ...
2026-03-26 21:09:34,671 [INFO] src.pipeline — Processing 1422770 ...
2026-03-26 21:09:34,738 [INFO] src.pipeline — Processing 1423789 ...
2026-03-26 21:09:34,796 [INFO] src.pipeline — Processing 1424148 ...
2026-03-26 21:09:34,874 [INFO] src.pipeline — Processing 1425960 ...
2026-03-26 21:09:34,967 [INFO] src.pipeline — Processing 1426919 ...
2026-03-26 21:09:35,049 [INFO] src.pipeline — Processing 2187085 ...
2026-03-26 21:09:35,136 [INFO] src.pipeline — Processing 2635972 ...
2026-03-26 21:09:35,221 [INFO] src.pipeline — Processing 3003692 ...
2026-03-26 21:09:35,304 [INFO] src.pipeline — Processing 3004284 ...
2026-03-26 21:09:35,386 [INFO] src.pipeline — Processing 3006598 ...
2026-03-26 21:09:35,467 [INFO] src.pipeline — Processing 3007664 ...
2026-03-26 21:09:35,539 [INFO] src.pipeline — Processing 3009538 ...
2026-03-26 21:09:35,617 [INFO] src.pipeline — Processing 3009950 ...
2026-03-26 21:09:35,702 [INFO] src.pipeline — Processing 3015438 ...
2026-03-26 21:09:35,772 [INFO] src.pipeline — Processing 3015440 ...
2026-03-26 21:09:35,840 [INFO] src.pipeline — Processing 3015449 ...
2026-03-26 21:09:35,944 [INFO] src.pipeline — Processing 3016396 ...
2026-03-26 21:09:36,194 [INFO] src.pipeline — Processing 3016401 ...
2026-03-26 21:09:36,325 [INFO] src.pipeline — Processing 3028930 ...
2026-03-26 21:09:36,433 [INFO] src.pipeline — Processing 3030937 ...
2026-03-26 21:09:36,514 [INFO] src.pipeline — Processing 3035210 ...
2026-03-26 21:09:36,600 [INFO] src.pipeline — Processing 3037390 ...
2026-03-26 21:09:36,682 [INFO] src.pipeline — Processing 3037617 ...
2026-03-26 21:09:36,765 [INFO] src.pipeline — Processing 3043155 ...
2026-03-26 21:09:36,848 [INFO] src.pipeline — Processing 3044775 ...
2026-03-26 21:09:36,921 [INFO] src.pipeline — Processing 3045053 ...
2026-03-26 21:09:36,997 [INFO] src.pipeline — Processing 3045059 ...
2026-03-26 21:09:37,066 [INFO] src.pipeline — Processing 3045751 ...
2026-03-26 21:09:37,131 [INFO] src.pipeline — Processing 3058024 ...
2026-03-26 21:09:37,221 [INFO] src.pipeline — Processing 3058134 ...
2026-03-26 21:09:37,295 [INFO] src.pipeline — Processing 3062045 ...
2026-03-26 21:09:37,364 [INFO] src.pipeline — Processing 3064724 ...
2026-03-26 21:09:37,430 [INFO] src.pipeline — Processing 3065295 ...
2026-03-26 21:09:37,507 [INFO] src.pipeline — Processing 3067191 ...
2026-03-26 21:09:37,575 [INFO] src.pipeline — Processing 3067196 ...
2026-03-26 21:09:37,655 [INFO] src.pipeline — Processing 3071151 ...
2026-03-26 21:09:37,738 [INFO] src.pipeline — Processing 3072833 ...
2026-03-26 21:09:37,816 [INFO] src.pipeline — Processing 3072836 ...
2026-03-26 21:09:37,896 [INFO] src.pipeline — Processing 3073346 ...
2026-03-26 21:09:37,963 [INFO] src.pipeline — Processing 3074751 ...
2026-03-26 21:09:38,041 [INFO] src.pipeline — Processing 3075260 ...
2026-03-26 21:09:38,114 [INFO] src.pipeline — Processing 3080118 ...
2026-03-26 21:09:38,180 [INFO] src.pipeline — Processing 3080186 ...
2026-03-26 21:09:38,247 [INFO] src.pipeline — Processing 3092472 ...
2026-03-26 21:09:38,314 [INFO] src.pipeline — Processing 3093924 ...
2026-03-26 21:09:38,381 [INFO] src.pipeline — Processing 3094047 ...
2026-03-26 21:09:38,447 [INFO] src.pipeline — Processing 3094049 ...
2026-03-26 21:09:38,524 [WARNING] src.pipeline — [3094049] PARTIAL: ['BEAT2_V1_J_POINT_LOW_CONFIDENCE', 'BEAT4_V1_J_POINT_LOW_CONFIDENCE', 'BEAT5_V1_J_POINT_LOW_CONFIDENCE', 'BEAT6_V1_J_POINT_LOW_CONFIDENCE', 'BEAT7_V1_J_POINT_LOW_CONFIDENCE']
2026-03-26 21:09:38,526 [INFO] src.pipeline — Processing 3095195 ...
2026-03-26 21:09:38,609 [INFO] src.pipeline — Processing 3095200 ...
2026-03-26 21:09:38,672 [INFO] src.pipeline — Processing 3096254 ...
2026-03-26 21:09:38,765 [INFO] src.pipeline — Processing 3099875 ...
2026-03-26 21:09:38,874 [INFO] src.pipeline — Processing 3101011 ...
2026-03-26 21:09:39,131 [INFO] src.pipeline — Processing 3110550 ...
2026-03-26 21:09:39,304 [INFO] src.pipeline — Processing 3113249 ...
2026-03-26 21:09:39,555 [INFO] src.pipeline — Processing 3114582 ...
2026-03-26 21:09:39,858 [INFO] src.pipeline — Processing 3118448 ...
2026-03-26 21:09:39,998 [INFO] src.pipeline — Processing 3128412 ...
2026-03-26 21:09:40,112 [INFO] src.pipeline — Processing 3128947 ...
2026-03-26 21:09:40,250 [INFO] src.pipeline — Processing 3128957 ...
2026-03-26 21:09:40,432 [INFO] src.pipeline — Processing 3133602 ...
2026-03-26 21:09:40,587 [INFO] src.pipeline — Processing 3136075 ...
2026-03-26 21:09:40,738 [INFO] src.pipeline — Processing 3138453 ...
2026-03-26 21:09:40,903 [INFO] src.pipeline — Processing 3139196 ...
2026-03-26 21:09:42,576 [INFO] src.pipeline — Pipeline complete. OK: 356 | PARTIAL: 5 | FAILED: 2
2026-03-27 03:04:44,530 [INFO] src.pipeline — Processing 188981 ...
2026-03-27 03:04:52,463 [INFO] src.pipeline — Processing 251972 ...
2026-03-27 03:04:52,644 [INFO] src.pipeline — Processing 265715 ...
2026-03-27 03:04:52,726 [INFO] src.pipeline — Processing 267628 ...
2026-03-27 03:04:52,810 [INFO] src.pipeline — Processing 267630 ...
2026-03-27 03:04:52,844 [ERROR] src.pipeline — [267630] FAILED: TOO_FEW_RPEAKS: 0
2026-03-27 03:04:52,859 [INFO] src.pipeline — Processing 286830 ...
2026-03-27 03:04:52,958 [INFO] src.pipeline — Processing 287355 ...
2026-03-27 03:04:53,036 [INFO] src.pipeline — Processing 292220 ...
2026-03-27 03:04:53,125 [INFO] src.pipeline — Processing 292666 ...
2026-03-27 03:04:53,227 [INFO] src.pipeline — Processing 304141 ...
2026-03-27 03:04:53,310 [INFO] src.pipeline — Processing 314397 ...
2026-03-27 03:04:53,394 [INFO] src.pipeline — Processing 316872 ...
2026-03-27 03:04:53,477 [INFO] src.pipeline — Processing 317547 ...
2026-03-27 03:04:53,560 [INFO] src.pipeline — Processing 319150 ...
2026-03-27 03:04:53,650 [INFO] src.pipeline — Processing 319221 ...
2026-03-27 03:04:53,737 [INFO] src.pipeline — Processing 325231 ...
2026-03-27 03:04:53,821 [INFO] src.pipeline — Processing 325966 ...
2026-03-27 03:04:53,896 [INFO] src.pipeline — Processing 329034 ...
2026-03-27 03:04:53,977 [INFO] src.pipeline — Processing 329533 ...
2026-03-27 03:04:54,060 [INFO] src.pipeline — Processing 395553 ...
2026-03-27 03:04:54,161 [INFO] src.pipeline — Processing 405298 ...
2026-03-27 03:04:54,260 [INFO] src.pipeline — Processing 406008 ...
2026-03-27 03:04:54,344 [INFO] src.pipeline — Processing 413267 ...
2026-03-27 03:04:54,427 [INFO] src.pipeline — Processing 419510 ...
2026-03-27 03:04:54,517 [INFO] src.pipeline — Processing 419960 ...
2026-03-27 03:04:54,606 [INFO] src.pipeline — Processing 428031 ...
2026-03-27 03:04:54,693 [INFO] src.pipeline — Processing 434996 ...
2026-03-27 03:04:54,777 [INFO] src.pipeline — Processing 438721 ...
2026-03-27 03:04:54,873 [INFO] src.pipeline — Processing 445953 ...
2026-03-27 03:04:54,954 [INFO] src.pipeline — Processing 450733 ...
2026-03-27 03:04:55,062 [INFO] src.pipeline — Processing 460919 ...
2026-03-27 03:04:55,173 [INFO] src.pipeline — Processing 461866 ...
2026-03-27 03:04:55,269 [INFO] src.pipeline — Processing 466796 ...
2026-03-27 03:04:55,361 [INFO] src.pipeline — Processing 471727 ...
2026-03-27 03:04:55,444 [INFO] src.pipeline — Processing 478457 ...
2026-03-27 03:04:55,543 [INFO] src.pipeline — Processing 482516 ...
2026-03-27 03:04:55,627 [INFO] src.pipeline — Processing 482868 ...
2026-03-27 03:04:55,746 [INFO] src.pipeline — Processing 487609 ...
2026-03-27 03:04:55,868 [INFO] src.pipeline — Processing 489539 ...
2026-03-27 03:04:55,967 [INFO] src.pipeline — Processing 505351 ...
2026-03-27 03:04:56,079 [INFO] src.pipeline — Processing 506408 ...
2026-03-27 03:04:56,159 [INFO] src.pipeline — Processing 509648 ...
2026-03-27 03:04:56,266 [INFO] src.pipeline — Processing 516092 ...
2026-03-27 03:04:56,356 [INFO] src.pipeline — Processing 519139 ...
2026-03-27 03:04:56,440 [INFO] src.pipeline — Processing 519687 ...
2026-03-27 03:04:56,535 [INFO] src.pipeline — Processing 532816 ...
2026-03-27 03:04:56,632 [INFO] src.pipeline — Processing 538053 ...
2026-03-27 03:04:56,723 [INFO] src.pipeline — Processing 540736 ...
2026-03-27 03:04:56,845 [INFO] src.pipeline — Processing 548140 ...
2026-03-27 03:04:56,943 [INFO] src.pipeline — Processing 548865 ...
2026-03-27 03:04:57,060 [INFO] src.pipeline — Processing 558967 ...
2026-03-27 03:04:57,161 [INFO] src.pipeline — Processing 571723 ...
2026-03-27 03:04:57,261 [INFO] src.pipeline — Processing 577838 ...
2026-03-27 03:04:57,361 [WARNING] src.pipeline — [577838] PARTIAL: ['BEAT0_V1_J_POINT_LOW_CONFIDENCE', 'BEAT1_V1_J_POINT_LOW_CONFIDENCE', 'BEAT4_V1_J_POINT_LOW_CONFIDENCE', 'BEAT12_V1_J_POINT_LOW_CONFIDENCE', 'BEAT16_V1_J_POINT_LOW_CONFIDENCE']
2026-03-27 03:04:57,361 [INFO] src.pipeline — Processing 580720 ...
2026-03-27 03:04:57,478 [INFO] src.pipeline — Processing 581912 ...
2026-03-27 03:04:57,573 [WARNING] src.pipeline — [581912] PARTIAL: ['BEAT1_V2_J_POINT_LOW_CONFIDENCE']
2026-03-27 03:04:57,574 [INFO] src.pipeline — Processing 592768 ...
2026-03-27 03:04:57,663 [INFO] src.pipeline — Processing 596382 ...
2026-03-27 03:04:57,780 [INFO] src.pipeline — Processing 597251 ...
2026-03-27 03:04:57,860 [INFO] src.pipeline — Processing 613119 ...
2026-03-27 03:04:57,976 [INFO] src.pipeline — Processing 614578 ...
2026-03-27 03:04:58,071 [INFO] src.pipeline — Processing 614707 ...
2026-03-27 03:04:58,185 [INFO] src.pipeline — Processing 622530 ...
2026-03-27 03:04:58,299 [INFO] src.pipeline — Processing 624511 ...
2026-03-27 03:04:58,396 [INFO] src.pipeline — Processing 625190 ...
2026-03-27 03:04:58,507 [INFO] src.pipeline — Processing 641455 ...
2026-03-27 03:04:58,596 [INFO] src.pipeline — Processing 643139 ...
2026-03-27 03:04:58,702 [INFO] src.pipeline — Processing 801261 ...
2026-03-27 03:04:58,826 [INFO] src.pipeline — Processing 806949 ...
2026-03-27 03:04:58,948 [INFO] src.pipeline — Processing 807363 ...
2026-03-27 03:04:59,039 [INFO] src.pipeline — Processing 812209 ...
2026-03-27 03:04:59,128 [INFO] src.pipeline — Processing 812404 ...
2026-03-27 03:04:59,226 [INFO] src.pipeline — Processing 814286 ...
2026-03-27 03:04:59,327 [INFO] src.pipeline — Processing 816929 ...
2026-03-27 03:04:59,445 [INFO] src.pipeline — Processing 819710 ...
2026-03-27 03:04:59,550 [INFO] src.pipeline — Processing 821478 ...
2026-03-27 03:04:59,638 [INFO] src.pipeline — Processing 822108 ...
2026-03-27 03:04:59,748 [INFO] src.pipeline — Processing 822756 ...
2026-03-27 03:04:59,835 [INFO] src.pipeline — Processing 829768 ...
2026-03-27 03:04:59,920 [INFO] src.pipeline — Processing 830179 ...
2026-03-27 03:05:00,012 [INFO] src.pipeline — Processing 841212 ...
2026-03-27 03:05:00,106 [INFO] src.pipeline — Processing 841869 ...
2026-03-27 03:05:00,197 [INFO] src.pipeline — Processing 844915 ...
2026-03-27 03:05:00,311 [INFO] src.pipeline — Processing 849168 ...
2026-03-27 03:05:00,427 [INFO] src.pipeline — Processing 852786 ...
2026-03-27 03:05:00,561 [INFO] src.pipeline — Processing 855592 ...
2026-03-27 03:05:00,661 [INFO] src.pipeline — Processing 865998 ...
2026-03-27 03:05:00,796 [INFO] src.pipeline — Processing 866721 ...
2026-03-27 03:05:00,995 [INFO] src.pipeline — Processing 873255 ...
2026-03-27 03:05:01,161 [INFO] src.pipeline — Processing 878765 ...
2026-03-27 03:05:01,243 [INFO] src.pipeline — Processing 887465 ...
2026-03-27 03:05:01,322 [INFO] src.pipeline — Processing 891754 ...
2026-03-27 03:05:01,412 [INFO] src.pipeline — Processing 894725 ...
2026-03-27 03:05:01,495 [INFO] src.pipeline — Processing 898726 ...
2026-03-27 03:05:01,578 [INFO] src.pipeline — Processing 903442 ...
2026-03-27 03:05:01,679 [INFO] src.pipeline — Processing 903802 ...
2026-03-27 03:05:01,761 [WARNING] src.pipeline — [903802] PARTIAL: ['BEAT9_V2_J_POINT_LOW_CONFIDENCE']
2026-03-27 03:05:01,761 [INFO] src.pipeline — Processing 907736 ...
2026-03-27 03:05:01,866 [INFO] src.pipeline — Processing 913169 ...
2026-03-27 03:05:01,945 [INFO] src.pipeline — Processing 918062 ...
2026-03-27 03:05:02,028 [INFO] src.pipeline — Processing 920037 ...
2026-03-27 03:05:02,128 [INFO] src.pipeline — Processing 921230 ...
2026-03-27 03:05:02,212 [INFO] src.pipeline — Processing 930107 ...
2026-03-27 03:05:02,295 [INFO] src.pipeline — Processing 935156 ...
2026-03-27 03:05:02,395 [INFO] src.pipeline — Processing 938838 ...
2026-03-27 03:05:02,479 [INFO] src.pipeline — Processing 939546 ...
2026-03-27 03:05:02,562 [INFO] src.pipeline — Processing 945345 ...
2026-03-27 03:05:02,644 [INFO] src.pipeline — Processing 952177 ...
2026-03-27 03:05:02,746 [INFO] src.pipeline — Processing 952641 ...
2026-03-27 03:05:02,845 [INFO] src.pipeline — Processing 953976 ...
2026-03-27 03:05:02,948 [INFO] src.pipeline — Processing 958460 ...
2026-03-27 03:05:03,040 [INFO] src.pipeline — Processing 958703 ...
2026-03-27 03:05:03,127 [INFO] src.pipeline — Processing 959843 ...
2026-03-27 03:05:03,232 [INFO] src.pipeline — Processing 960432 ...
2026-03-27 03:05:03,310 [INFO] src.pipeline — Processing 962566 ...
2026-03-27 03:05:03,424 [INFO] src.pipeline — Processing 964469 ...
2026-03-27 03:05:03,510 [INFO] src.pipeline — Processing 965217 ...
2026-03-27 03:05:03,609 [INFO] src.pipeline — Processing 967547 ...
2026-03-27 03:05:03,703 [INFO] src.pipeline — Processing 968556 ...
2026-03-27 03:05:03,796 [INFO] src.pipeline — Processing 969321 ...
2026-03-27 03:05:03,886 [INFO] src.pipeline — Processing 970649 ...
2026-03-27 03:05:03,962 [INFO] src.pipeline — Processing 972048 ...
2026-03-27 03:05:04,061 [INFO] src.pipeline — Processing 972330 ...
2026-03-27 03:05:04,161 [INFO] src.pipeline — Processing 972781 ...
2026-03-27 03:05:04,249 [INFO] src.pipeline — Processing 980284 ...
2026-03-27 03:05:04,345 [INFO] src.pipeline — Processing 982732 ...
2026-03-27 03:05:04,429 [INFO] src.pipeline — Processing 985814 ...
2026-03-27 03:05:04,512 [INFO] src.pipeline — Processing 991528 ...
2026-03-27 03:05:04,596 [INFO] src.pipeline — Processing 994065 ...
2026-03-27 03:05:04,696 [INFO] src.pipeline — Processing 994217 ...
2026-03-27 03:05:04,778 [INFO] src.pipeline — Processing 994515 ...
2026-03-27 03:05:04,863 [INFO] src.pipeline — Processing 998036 ...
2026-03-27 03:05:04,946 [INFO] src.pipeline — Processing 999474 ...
2026-03-27 03:05:05,046 [INFO] src.pipeline — Processing 1009874 ...
2026-03-27 03:05:05,122 [INFO] src.pipeline — Processing 1013884 ...
2026-03-27 03:05:05,207 [INFO] src.pipeline — Processing 1023925 ...
2026-03-27 03:05:05,295 [INFO] src.pipeline — Processing 1036640 ...
2026-03-27 03:05:05,379 [INFO] src.pipeline — Processing 1041375 ...
2026-03-27 03:05:05,474 [INFO] src.pipeline — Processing 1053511 ...
2026-03-27 03:05:05,573 [INFO] src.pipeline — Processing 1054733 ...
2026-03-27 03:05:05,673 [INFO] src.pipeline — Processing 1058085 ...
2026-03-27 03:05:05,773 [INFO] src.pipeline — Processing 1058605 ...
2026-03-27 03:05:05,886 [INFO] src.pipeline — Processing 1061898 ...
2026-03-27 03:05:05,983 [INFO] src.pipeline — Processing 1063368 ...
2026-03-27 03:05:06,091 [INFO] src.pipeline — Processing 1073253 ...
2026-03-27 03:05:06,178 [INFO] src.pipeline — Processing 1074787 ...
2026-03-27 03:05:06,277 [INFO] src.pipeline — Processing 1080968 ...
2026-03-27 03:05:06,389 [INFO] src.pipeline — Processing 1081032 ...
2026-03-27 03:05:06,512 [INFO] src.pipeline — Processing 1081338 ...
2026-03-27 03:05:06,646 [INFO] src.pipeline — Processing 1084994 ...
2026-03-27 03:05:06,740 [INFO] src.pipeline — Processing 1085203 ...
2026-03-27 03:05:06,833 [INFO] src.pipeline — Processing 1087704 ...
2026-03-27 03:05:07,061 [INFO] src.pipeline — Processing 1088175 ...
2026-03-27 03:05:07,154 [INFO] src.pipeline — Processing 1088261 ...
2026-03-27 03:05:07,249 [INFO] src.pipeline — Processing 1088796 ...
2026-03-27 03:05:07,341 [INFO] src.pipeline — Processing 1092237 ...
2026-03-27 03:05:07,430 [WARNING] src.pipeline — [1092237] PARTIAL: ['BEAT0_V1_J_POINT_LOW_CONFIDENCE', 'BEAT1_V1_J_POINT_LOW_CONFIDENCE', 'BEAT2_V1_J_POINT_LOW_CONFIDENCE', 'BEAT3_V1_J_POINT_LOW_CONFIDENCE', 'BEAT4_V1_J_POINT_LOW_CONFIDENCE', 'BEAT5_V1_J_POINT_LOW_CONFIDENCE', 'BEAT6_V1_J_POINT_LOW_CONFIDENCE', 'BEAT7_V1_J_POINT_LOW_CONFIDENCE', 'BEAT8_V1_J_POINT_LOW_CONFIDENCE']
2026-03-27 03:05:07,431 [INFO] src.pipeline — Processing 1093224 ...
2026-03-27 03:05:07,531 [INFO] src.pipeline — Processing 1096625 ...
2026-03-27 03:05:07,626 [INFO] src.pipeline — Processing 1097714 ...
2026-03-27 03:05:07,718 [INFO] src.pipeline — Processing 1098314 ...
2026-03-27 03:05:07,801 [INFO] src.pipeline — Processing 1099262 ...
2026-03-27 03:05:07,903 [INFO] src.pipeline — Processing 1102607 ...
2026-03-27 03:05:07,997 [INFO] src.pipeline — Processing 1103983 ...
2026-03-27 03:05:08,096 [INFO] src.pipeline — Processing 1106149 ...
2026-03-27 03:05:08,185 [INFO] src.pipeline — Processing 1112604 ...
2026-03-27 03:05:08,304 [INFO] src.pipeline — Processing 1117553 ...
2026-03-27 03:05:08,386 [INFO] src.pipeline — Processing 1118251 ...
2026-03-27 03:05:08,479 [INFO] src.pipeline — Processing 1121137 ...
2026-03-27 03:05:08,575 [INFO] src.pipeline — Processing 1122903 ...
2026-03-27 03:05:08,669 [INFO] src.pipeline — Processing 1124825 ...
2026-03-27 03:05:08,753 [INFO] src.pipeline — Processing 1124826 ...
2026-03-27 03:05:08,855 [INFO] src.pipeline — Processing 1128835 ...
2026-03-27 03:05:08,943 [INFO] src.pipeline — Processing 1134284 ...
2026-03-27 03:05:09,026 [INFO] src.pipeline — Processing 1135434 ...
2026-03-27 03:05:09,122 [INFO] src.pipeline — Processing 1138153 ...
2026-03-27 03:05:09,219 [INFO] src.pipeline — Processing 1141322 ...
2026-03-27 03:05:09,297 [INFO] src.pipeline — Processing 1142915 ...
2026-03-27 03:05:09,412 [INFO] src.pipeline — Processing 1145203 ...
2026-03-27 03:05:09,497 [INFO] src.pipeline — Processing 1146063 ...
2026-03-27 03:05:09,578 [INFO] src.pipeline — Processing 1147684 ...
2026-03-27 03:05:09,680 [INFO] src.pipeline — Processing 1148718 ...
2026-03-27 03:05:09,763 [INFO] src.pipeline — Processing 1152054 ...
2026-03-27 03:05:09,865 [INFO] src.pipeline — Processing 1157038 ...
2026-03-27 03:05:09,985 [INFO] src.pipeline — Processing 1160261 ...
2026-03-27 03:05:10,098 [INFO] src.pipeline — Processing 1165447 ...
2026-03-27 03:05:10,207 [INFO] src.pipeline — Processing 1165448 ...
2026-03-27 03:05:10,312 [INFO] src.pipeline — Processing 1169405 ...
2026-03-27 03:05:10,405 [INFO] src.pipeline — Processing 1172602 ...
2026-03-27 03:05:10,491 [INFO] src.pipeline — Processing 1176675 ...
2026-03-27 03:05:10,587 [INFO] src.pipeline — Processing 1177018 ...
2026-03-27 03:05:10,665 [INFO] src.pipeline — Processing 1180702 ...
2026-03-27 03:05:10,757 [INFO] src.pipeline — Processing 1183349 ...
2026-03-27 03:05:10,845 [INFO] src.pipeline — Processing 1184742 ...
2026-03-27 03:05:10,946 [INFO] src.pipeline — Processing 1187599 ...
2026-03-27 03:05:11,113 [INFO] src.pipeline — Processing 1188747 ...
2026-03-27 03:05:11,249 [INFO] src.pipeline — Processing 1190805 ...
2026-03-27 03:05:11,358 [INFO] src.pipeline — Processing 1191551 ...
2026-03-27 03:05:11,457 [INFO] src.pipeline — Processing 1191595 ...
2026-03-27 03:05:11,561 [INFO] src.pipeline — Processing 1192135 ...
2026-03-27 03:05:11,640 [INFO] src.pipeline — Processing 1192146 ...
2026-03-27 03:05:11,725 [INFO] src.pipeline — Processing 1192654 ...
2026-03-27 03:05:11,808 [INFO] src.pipeline — Processing 1197538 ...
2026-03-27 03:05:11,897 [INFO] src.pipeline — Processing 1199480 ...
2026-03-27 03:05:11,990 [INFO] src.pipeline — Processing 1199517 ...
2026-03-27 03:05:12,069 [INFO] src.pipeline — Processing 1199593 ...
2026-03-27 03:05:12,160 [INFO] src.pipeline — Processing 1202306 ...
2026-03-27 03:05:12,252 [INFO] src.pipeline — Processing 1207769 ...
2026-03-27 03:05:12,344 [INFO] src.pipeline — Processing 1207947 ...
2026-03-27 03:05:12,431 [INFO] src.pipeline — Processing 1214441 ...
2026-03-27 03:05:12,516 [INFO] src.pipeline — Processing 1220716 ...
2026-03-27 03:05:12,610 [INFO] src.pipeline — Processing 1221590 ...
2026-03-27 03:05:12,697 [INFO] src.pipeline — Processing 1223519 ...
2026-03-27 03:05:12,778 [INFO] src.pipeline — Processing 1224102 ...
2026-03-27 03:05:12,864 [INFO] src.pipeline — Processing 1228746 ...
2026-03-27 03:05:12,955 [INFO] src.pipeline — Processing 1230482 ...
2026-03-27 03:05:12,983 [ERROR] src.pipeline — [1230482] FAILED: TOO_FEW_VALID_BEATS:0
2026-03-27 03:05:12,983 [INFO] src.pipeline — Processing 1231339 ...
2026-03-27 03:05:13,084 [INFO] src.pipeline — Processing 1235674 ...
2026-03-27 03:05:13,177 [INFO] src.pipeline — Processing 1236012 ...
2026-03-27 03:05:13,265 [INFO] src.pipeline — Processing 1237748 ...
2026-03-27 03:05:13,344 [INFO] src.pipeline — Processing 1238446 ...
2026-03-27 03:05:13,450 [INFO] src.pipeline — Processing 1238671 ...
2026-03-27 03:05:13,548 [INFO] src.pipeline — Processing 1242678 ...
2026-03-27 03:05:13,633 [INFO] src.pipeline — Processing 1244867 ...
2026-03-27 03:05:13,724 [INFO] src.pipeline — Processing 1248576 ...
2026-03-27 03:05:13,811 [INFO] src.pipeline — Processing 1248611 ...
2026-03-27 03:05:13,887 [INFO] src.pipeline — Processing 1252288 ...
2026-03-27 03:05:13,975 [INFO] src.pipeline — Processing 1254062 ...
2026-03-27 03:05:14,053 [INFO] src.pipeline — Processing 1254171 ...
2026-03-27 03:05:14,131 [INFO] src.pipeline — Processing 1254267 ...
2026-03-27 03:05:14,214 [INFO] src.pipeline — Processing 1259391 ...
2026-03-27 03:05:14,298 [INFO] src.pipeline — Processing 1263008 ...
2026-03-27 03:05:14,398 [INFO] src.pipeline — Processing 1270798 ...
2026-03-27 03:05:14,481 [INFO] src.pipeline — Processing 1272319 ...
2026-03-27 03:05:14,564 [INFO] src.pipeline — Processing 1272821 ...
2026-03-27 03:05:14,648 [INFO] src.pipeline — Processing 1274776 ...
2026-03-27 03:05:14,740 [INFO] src.pipeline — Processing 1275329 ...
2026-03-27 03:05:14,820 [INFO] src.pipeline — Processing 1277374 ...
2026-03-27 03:05:14,913 [INFO] src.pipeline — Processing 1278746 ...
2026-03-27 03:05:14,996 [INFO] src.pipeline — Processing 1280588 ...
2026-03-27 03:05:15,081 [INFO] src.pipeline — Processing 1281380 ...
2026-03-27 03:05:15,164 [INFO] src.pipeline — Processing 1284182 ...
2026-03-27 03:05:15,248 [INFO] src.pipeline — Processing 1285404 ...
2026-03-27 03:05:15,331 [INFO] src.pipeline — Processing 1286512 ...
2026-03-27 03:05:15,428 [INFO] src.pipeline — Processing 1290629 ...
2026-03-27 03:05:15,524 [INFO] src.pipeline — Processing 1290807 ...
2026-03-27 03:05:15,610 [INFO] src.pipeline — Processing 1294540 ...
2026-03-27 03:05:15,698 [INFO] src.pipeline — Processing 1297151 ...
2026-03-27 03:05:15,791 [INFO] src.pipeline — Processing 1297765 ...
2026-03-27 03:05:15,881 [INFO] src.pipeline — Processing 1297767 ...
2026-03-27 03:05:16,147 [INFO] src.pipeline — Processing 1298469 ...
2026-03-27 03:05:16,265 [INFO] src.pipeline — Processing 1303729 ...
2026-03-27 03:05:16,355 [INFO] src.pipeline — Processing 1305051 ...
2026-03-27 03:05:16,439 [INFO] src.pipeline — Processing 1307673 ...
2026-03-27 03:05:16,522 [INFO] src.pipeline — Processing 1307716 ...
2026-03-27 03:05:16,612 [INFO] src.pipeline — Processing 1309300 ...
2026-03-27 03:05:16,703 [INFO] src.pipeline — Processing 1310052 ...
2026-03-27 03:05:16,802 [INFO] src.pipeline — Processing 1312303 ...
2026-03-27 03:05:16,897 [INFO] src.pipeline — Processing 1313974 ...
2026-03-27 03:05:16,988 [INFO] src.pipeline — Processing 1316784 ...
2026-03-27 03:05:17,068 [INFO] src.pipeline — Processing 1318568 ...
2026-03-27 03:05:17,161 [INFO] src.pipeline — Processing 1326991 ...
2026-03-27 03:05:17,247 [INFO] src.pipeline — Processing 1327775 ...
2026-03-27 03:05:17,348 [INFO] src.pipeline — Processing 1327784 ...
2026-03-27 03:05:17,463 [INFO] src.pipeline — Processing 1332388 ...
2026-03-27 03:05:17,562 [INFO] src.pipeline — Processing 1336243 ...
2026-03-27 03:05:17,653 [INFO] src.pipeline — Processing 1337461 ...
2026-03-27 03:05:17,746 [INFO] src.pipeline — Processing 1338772 ...
2026-03-27 03:05:17,842 [INFO] src.pipeline — Processing 1338780 ...
2026-03-27 03:05:17,942 [INFO] src.pipeline — Processing 1342979 ...
2026-03-27 03:05:18,034 [INFO] src.pipeline — Processing 1344639 ...
2026-03-27 03:05:18,137 [INFO] src.pipeline — Processing 1346727 ...
2026-03-27 03:05:18,215 [INFO] src.pipeline — Processing 1350930 ...
2026-03-27 03:05:18,315 [INFO] src.pipeline — Processing 1357325 ...
2026-03-27 03:05:18,398 [INFO] src.pipeline — Processing 1358245 ...
2026-03-27 03:05:18,498 [INFO] src.pipeline — Processing 1360656 ...
2026-03-27 03:05:18,595 [INFO] src.pipeline — Processing 1366050 ...
2026-03-27 03:05:18,674 [INFO] src.pipeline — Processing 1366637 ...
2026-03-27 03:05:18,759 [INFO] src.pipeline — Processing 1370418 ...
2026-03-27 03:05:18,842 [INFO] src.pipeline — Processing 1370819 ...
2026-03-27 03:05:18,932 [INFO] src.pipeline — Processing 1371132 ...
2026-03-27 03:05:19,015 [INFO] src.pipeline — Processing 1371554 ...
2026-03-27 03:05:19,134 [INFO] src.pipeline — Processing 1372180 ...
2026-03-27 03:05:19,228 [INFO] src.pipeline — Processing 1372181 ...
2026-03-27 03:05:19,323 [INFO] src.pipeline — Processing 1381534 ...
2026-03-27 03:05:19,435 [INFO] src.pipeline — Processing 1382112 ...
2026-03-27 03:05:19,515 [INFO] src.pipeline — Processing 1383335 ...
2026-03-27 03:05:19,614 [INFO] src.pipeline — Processing 1385747 ...
2026-03-27 03:05:19,699 [INFO] src.pipeline — Processing 1386698 ...
2026-03-27 03:05:19,782 [INFO] src.pipeline — Processing 1390489 ...
2026-03-27 03:05:19,898 [INFO] src.pipeline — Processing 1403173 ...
2026-03-27 03:05:20,015 [INFO] src.pipeline — Processing 1404688 ...
2026-03-27 03:05:20,099 [INFO] src.pipeline — Processing 1407660 ...
2026-03-27 03:05:20,186 [INFO] src.pipeline — Processing 1408290 ...
2026-03-27 03:05:20,265 [INFO] src.pipeline — Processing 1414022 ...
2026-03-27 03:05:20,365 [INFO] src.pipeline — Processing 1414967 ...
2026-03-27 03:05:20,481 [INFO] src.pipeline — Processing 1416483 ...
2026-03-27 03:05:20,582 [INFO] src.pipeline — Processing 1417008 ...
2026-03-27 03:05:20,665 [INFO] src.pipeline — Processing 1418000 ...
2026-03-27 03:05:20,764 [INFO] src.pipeline — Processing 1419825 ...
2026-03-27 03:05:20,880 [INFO] src.pipeline — Processing 1421261 ...
2026-03-27 03:05:20,981 [INFO] src.pipeline — Processing 1421316 ...
2026-03-27 03:05:21,058 [INFO] src.pipeline — Processing 1422523 ...
2026-03-27 03:05:21,141 [INFO] src.pipeline — Processing 1422770 ...
2026-03-27 03:05:21,226 [INFO] src.pipeline — Processing 1423789 ...
2026-03-27 03:05:21,309 [INFO] src.pipeline — Processing 1424148 ...
2026-03-27 03:05:21,410 [INFO] src.pipeline — Processing 1425960 ...
2026-03-27 03:05:21,499 [INFO] src.pipeline — Processing 1426919 ...
2026-03-27 03:05:21,596 [INFO] src.pipeline — Processing 2187085 ...
2026-03-27 03:05:21,698 [INFO] src.pipeline — Processing 2635972 ...
2026-03-27 03:05:21,816 [INFO] src.pipeline — Processing 3003692 ...
2026-03-27 03:05:21,899 [INFO] src.pipeline — Processing 3004284 ...
2026-03-27 03:05:21,999 [INFO] src.pipeline — Processing 3006598 ...
2026-03-27 03:05:22,082 [INFO] src.pipeline — Processing 3007664 ...
2026-03-27 03:05:22,177 [INFO] src.pipeline — Processing 3009538 ...
2026-03-27 03:05:22,251 [INFO] src.pipeline — Processing 3009950 ...
2026-03-27 03:05:22,342 [INFO] src.pipeline — Processing 3015438 ...
2026-03-27 03:05:22,511 [INFO] src.pipeline — Processing 3015440 ...
2026-03-27 03:05:22,647 [INFO] src.pipeline — Processing 3015449 ...
2026-03-27 03:05:22,755 [INFO] src.pipeline — Processing 3016396 ...
2026-03-27 03:05:22,888 [INFO] src.pipeline — Processing 3016401 ...
2026-03-27 03:05:23,024 [INFO] src.pipeline — Processing 3028930 ...
2026-03-27 03:05:23,122 [INFO] src.pipeline — Processing 3030937 ...
2026-03-27 03:05:23,201 [INFO] src.pipeline — Processing 3035210 ...
2026-03-27 03:05:23,291 [INFO] src.pipeline — Processing 3037390 ...
2026-03-27 03:05:23,388 [INFO] src.pipeline — Processing 3037617 ...
2026-03-27 03:05:23,473 [INFO] src.pipeline — Processing 3043155 ...
2026-03-27 03:05:23,585 [INFO] src.pipeline — Processing 3044775 ...
2026-03-27 03:05:23,705 [INFO] src.pipeline — Processing 3045053 ...
2026-03-27 03:05:23,796 [INFO] src.pipeline — Processing 3045059 ...
2026-03-27 03:05:23,878 [INFO] src.pipeline — Processing 3045751 ...
2026-03-27 03:05:23,963 [INFO] src.pipeline — Processing 3058024 ...
2026-03-27 03:05:24,049 [INFO] src.pipeline — Processing 3058134 ...
2026-03-27 03:05:24,133 [INFO] src.pipeline — Processing 3062045 ...
2026-03-27 03:05:24,232 [INFO] src.pipeline — Processing 3064724 ...
2026-03-27 03:05:24,331 [INFO] src.pipeline — Processing 3065295 ...
2026-03-27 03:05:24,445 [INFO] src.pipeline — Processing 3067191 ...
2026-03-27 03:05:24,533 [INFO] src.pipeline — Processing 3067196 ...
2026-03-27 03:05:24,632 [INFO] src.pipeline — Processing 3071151 ...
2026-03-27 03:05:24,716 [INFO] src.pipeline — Processing 3072833 ...
2026-03-27 03:05:24,812 [INFO] src.pipeline — Processing 3072836 ...
2026-03-27 03:05:24,919 [INFO] src.pipeline — Processing 3073346 ...
2026-03-27 03:05:25,020 [INFO] src.pipeline — Processing 3074751 ...
2026-03-27 03:05:25,141 [INFO] src.pipeline — Processing 3075260 ...
2026-03-27 03:05:25,235 [INFO] src.pipeline — Processing 3080118 ...
2026-03-27 03:05:25,349 [INFO] src.pipeline — Processing 3080186 ...
2026-03-27 03:05:25,460 [INFO] src.pipeline — Processing 3092472 ...
2026-03-27 03:05:25,591 [INFO] src.pipeline — Processing 3093924 ...
2026-03-27 03:05:25,679 [INFO] src.pipeline — Processing 3094047 ...
2026-03-27 03:05:25,766 [INFO] src.pipeline — Processing 3094049 ...
2026-03-27 03:05:25,850 [WARNING] src.pipeline — [3094049] PARTIAL: ['BEAT2_V1_J_POINT_LOW_CONFIDENCE', 'BEAT4_V1_J_POINT_LOW_CONFIDENCE', 'BEAT5_V1_J_POINT_LOW_CONFIDENCE', 'BEAT6_V1_J_POINT_LOW_CONFIDENCE', 'BEAT7_V1_J_POINT_LOW_CONFIDENCE']
2026-03-27 03:05:25,866 [INFO] src.pipeline — Processing 3095195 ...
2026-03-27 03:05:25,955 [INFO] src.pipeline — Processing 3095200 ...
2026-03-27 03:05:26,089 [INFO] src.pipeline — Processing 3096254 ...
2026-03-27 03:05:26,199 [INFO] src.pipeline — Processing 3099875 ...
2026-03-27 03:05:26,299 [INFO] src.pipeline — Processing 3101011 ...
2026-03-27 03:05:26,382 [INFO] src.pipeline — Processing 3110550 ...
2026-03-27 03:05:26,482 [INFO] src.pipeline — Processing 3113249 ...
2026-03-27 03:05:26,592 [INFO] src.pipeline — Processing 3114582 ...
2026-03-27 03:05:26,703 [INFO] src.pipeline — Processing 3118448 ...
2026-03-27 03:05:26,817 [INFO] src.pipeline — Processing 3128412 ...
2026-03-27 03:05:26,912 [INFO] src.pipeline — Processing 3128947 ...
2026-03-27 03:05:27,000 [INFO] src.pipeline — Processing 3128957 ...
2026-03-27 03:05:27,093 [INFO] src.pipeline — Processing 3133602 ...
2026-03-27 03:05:27,171 [INFO] src.pipeline — Processing 3136075 ...
2026-03-27 03:05:27,250 [INFO] src.pipeline — Processing 3138453 ...
2026-03-27 03:05:27,333 [INFO] src.pipeline — Processing 3139196 ...
2026-03-27 03:05:28,595 [INFO] src.pipeline — Pipeline complete. OK: 356 | PARTIAL: 5 | FAILED: 2
2026-03-27 03:20:28,270 [INFO] src.pipeline — Processing 188981 ...
2026-03-27 03:20:31,385 [INFO] src.pipeline — Processing 251972 ...
2026-03-27 03:20:31,470 [INFO] src.pipeline — Processing 265715 ...
2026-03-27 03:20:31,563 [INFO] src.pipeline — Processing 267628 ...
2026-03-27 03:20:31,650 [INFO] src.pipeline — Processing 267630 ...
2026-03-27 03:20:31,674 [ERROR] src.pipeline — [267630] FAILED: TOO_FEW_RPEAKS: 0
2026-03-27 03:20:31,674 [INFO] src.pipeline — Processing 286830 ...
2026-03-27 03:20:31,763 [INFO] src.pipeline — Processing 287355 ...
2026-03-27 03:20:31,953 [INFO] src.pipeline — Processing 292220 ...
2026-03-27 03:20:32,118 [INFO] src.pipeline — Processing 292666 ...
2026-03-27 03:20:32,246 [INFO] src.pipeline — Processing 304141 ...
2026-03-27 03:20:32,367 [INFO] src.pipeline — Processing 314397 ...
2026-03-27 03:20:32,472 [INFO] src.pipeline — Processing 316872 ...
2026-03-27 03:20:32,548 [INFO] src.pipeline — Processing 317547 ...
2026-03-27 03:20:32,629 [INFO] src.pipeline — Processing 319150 ...
2026-03-27 03:20:32,705 [INFO] src.pipeline — Processing 319221 ...
2026-03-27 03:20:32,787 [INFO] src.pipeline — Processing 325231 ...
2026-03-27 03:20:32,888 [INFO] src.pipeline — Processing 325966 ...
2026-03-27 03:20:32,959 [INFO] src.pipeline — Processing 329034 ...
2026-03-27 03:20:33,038 [INFO] src.pipeline — Processing 329533 ...
2026-03-27 03:20:33,118 [INFO] src.pipeline — Processing 395553 ...
2026-03-27 03:20:33,195 [INFO] src.pipeline — Processing 405298 ...
2026-03-27 03:20:33,279 [INFO] src.pipeline — Processing 406008 ...
2026-03-27 03:20:33,350 [INFO] src.pipeline — Processing 413267 ...
2026-03-27 03:20:33,438 [INFO] src.pipeline — Processing 419510 ...
2026-03-27 03:20:33,487 [INFO] src.pipeline — Processing 419960 ...
2026-03-27 03:20:33,579 [INFO] src.pipeline — Processing 428031 ...
2026-03-27 03:20:33,667 [INFO] src.pipeline — Processing 434996 ...
2026-03-27 03:20:33,760 [INFO] src.pipeline — Processing 438721 ...
2026-03-27 03:20:33,858 [INFO] src.pipeline — Processing 445953 ...
2026-03-27 03:20:33,948 [INFO] src.pipeline — Processing 450733 ...
2026-03-27 03:20:34,019 [INFO] src.pipeline — Processing 460919 ...
2026-03-27 03:20:34,097 [INFO] src.pipeline — Processing 461866 ...
2026-03-27 03:20:34,176 [INFO] src.pipeline — Processing 466796 ...
2026-03-27 03:20:34,255 [INFO] src.pipeline — Processing 471727 ...
2026-03-27 03:20:34,391 [INFO] src.pipeline — Processing 478457 ...
2026-03-27 03:20:34,504 [INFO] src.pipeline — Processing 482516 ...
2026-03-27 03:20:34,615 [INFO] src.pipeline — Processing 482868 ...
2026-03-27 03:20:34,698 [INFO] src.pipeline — Processing 487609 ...
2026-03-27 03:20:34,775 [INFO] src.pipeline — Processing 489539 ...
2026-03-27 03:20:34,838 [INFO] src.pipeline — Processing 505351 ...
2026-03-27 03:20:34,906 [INFO] src.pipeline — Processing 506408 ...
2026-03-27 03:20:34,973 [INFO] src.pipeline — Processing 509648 ...
2026-03-27 03:20:35,058 [INFO] src.pipeline — Processing 516092 ...
2026-03-27 03:20:35,126 [INFO] src.pipeline — Processing 519139 ...
2026-03-27 03:20:35,305 [INFO] src.pipeline — Processing 519687 ...
2026-03-27 03:20:35,666 [INFO] src.pipeline — Processing 532816 ...
2026-03-27 03:20:36,058 [INFO] src.pipeline — Processing 538053 ...
2026-03-27 03:20:36,220 [INFO] src.pipeline — Processing 540736 ...
2026-03-27 03:20:36,496 [INFO] src.pipeline — Processing 548140 ...
2026-03-27 03:20:36,601 [INFO] src.pipeline — Processing 548865 ...
2026-03-27 03:20:36,704 [INFO] src.pipeline — Processing 558967 ...
2026-03-27 03:20:36,789 [INFO] src.pipeline — Processing 571723 ...
2026-03-27 03:20:36,871 [INFO] src.pipeline — Processing 577838 ...
2026-03-27 03:20:36,981 [WARNING] src.pipeline — [577838] PARTIAL: ['BEAT0_V1_J_POINT_LOW_CONFIDENCE', 'BEAT1_V1_J_POINT_LOW_CONFIDENCE', 'BEAT4_V1_J_POINT_LOW_CONFIDENCE', 'BEAT12_V1_J_POINT_LOW_CONFIDENCE', 'BEAT16_V1_J_POINT_LOW_CONFIDENCE']
2026-03-27 03:20:36,981 [INFO] src.pipeline — Processing 580720 ...
2026-03-27 03:20:37,081 [INFO] src.pipeline — Processing 581912 ...
2026-03-27 03:20:37,194 [WARNING] src.pipeline — [581912] PARTIAL: ['BEAT1_V2_J_POINT_LOW_CONFIDENCE']
2026-03-27 03:20:37,195 [INFO] src.pipeline — Processing 592768 ...
2026-03-27 03:20:37,308 [INFO] src.pipeline — Processing 596382 ...
2026-03-27 03:20:37,408 [INFO] src.pipeline — Processing 597251 ...
2026-03-27 03:20:37,489 [INFO] src.pipeline — Processing 613119 ...
2026-03-27 03:20:37,563 [INFO] src.pipeline — Processing 614578 ...
2026-03-27 03:20:37,867 [INFO] src.pipeline — Processing 614707 ...
2026-03-27 03:20:37,945 [INFO] src.pipeline — Processing 622530 ...
2026-03-27 03:20:38,022 [INFO] src.pipeline — Processing 624511 ...
2026-03-27 03:20:38,095 [INFO] src.pipeline — Processing 625190 ...
2026-03-27 03:20:38,159 [INFO] src.pipeline — Processing 641455 ...
2026-03-27 03:20:38,222 [INFO] src.pipeline — Processing 643139 ...
2026-03-27 03:20:38,298 [INFO] src.pipeline — Processing 801261 ...
2026-03-27 03:20:38,389 [INFO] src.pipeline — Processing 806949 ...
2026-03-27 03:20:38,506 [INFO] src.pipeline — Processing 807363 ...
2026-03-27 03:20:38,591 [INFO] src.pipeline — Processing 812209 ...
2026-03-27 03:20:38,669 [INFO] src.pipeline — Processing 812404 ...
2026-03-27 03:20:38,752 [INFO] src.pipeline — Processing 814286 ...
2026-03-27 03:20:38,832 [INFO] src.pipeline — Processing 816929 ...
2026-03-27 03:20:38,915 [INFO] src.pipeline — Processing 819710 ...
2026-03-27 03:20:39,025 [INFO] src.pipeline — Processing 821478 ...
2026-03-27 03:20:39,126 [INFO] src.pipeline — Processing 822108 ...
2026-03-27 03:20:39,242 [INFO] src.pipeline — Processing 822756 ...
2026-03-27 03:20:39,355 [INFO] src.pipeline — Processing 829768 ...
2026-03-27 03:20:39,498 [INFO] src.pipeline — Processing 830179 ...
2026-03-27 03:20:39,571 [INFO] src.pipeline — Processing 841212 ...
2026-03-27 03:20:39,642 [INFO] src.pipeline — Processing 841869 ...
2026-03-27 03:20:39,774 [INFO] src.pipeline — Processing 844915 ...
2026-03-27 03:20:39,846 [INFO] src.pipeline — Processing 849168 ...
2026-03-27 03:20:39,919 [INFO] src.pipeline — Processing 852786 ...
2026-03-27 03:20:40,008 [INFO] src.pipeline — Processing 855592 ...
2026-03-27 03:20:40,092 [INFO] src.pipeline — Processing 865998 ...
2026-03-27 03:20:40,173 [INFO] src.pipeline — Processing 866721 ...
2026-03-27 03:20:40,253 [INFO] src.pipeline — Processing 873255 ...
2026-03-27 03:20:40,329 [INFO] src.pipeline — Processing 878765 ...
2026-03-27 03:20:40,408 [INFO] src.pipeline — Processing 887465 ...
2026-03-27 03:20:40,479 [INFO] src.pipeline — Processing 891754 ...
2026-03-27 03:20:40,561 [INFO] src.pipeline — Processing 894725 ...
2026-03-27 03:20:40,658 [INFO] src.pipeline — Processing 898726 ...
2026-03-27 03:20:40,749 [INFO] src.pipeline — Processing 903442 ...
2026-03-27 03:20:40,820 [INFO] src.pipeline — Processing 903802 ...
2026-03-27 03:20:40,884 [WARNING] src.pipeline — [903802] PARTIAL: ['BEAT9_V2_J_POINT_LOW_CONFIDENCE']
2026-03-27 03:20:40,884 [INFO] src.pipeline — Processing 907736 ...
2026-03-27 03:20:40,985 [INFO] src.pipeline — Processing 913169 ...
2026-03-27 03:20:41,057 [INFO] src.pipeline — Processing 918062 ...
2026-03-27 03:20:41,139 [INFO] src.pipeline — Processing 920037 ...
2026-03-27 03:20:41,188 [INFO] src.pipeline — Processing 921230 ...
2026-03-27 03:20:41,270 [INFO] src.pipeline — Processing 930107 ...
2026-03-27 03:20:41,336 [INFO] src.pipeline — Processing 935156 ...
2026-03-27 03:20:41,404 [INFO] src.pipeline — Processing 938838 ...
2026-03-27 03:20:41,491 [INFO] src.pipeline — Processing 939546 ...
2026-03-27 03:20:41,582 [INFO] src.pipeline — Processing 945345 ...
2026-03-27 03:20:41,657 [INFO] src.pipeline — Processing 952177 ...
2026-03-27 03:20:41,731 [INFO] src.pipeline — Processing 952641 ...
2026-03-27 03:20:41,813 [INFO] src.pipeline — Processing 953976 ...
2026-03-27 03:20:41,890 [INFO] src.pipeline — Processing 958460 ...
2026-03-27 03:20:41,976 [INFO] src.pipeline — Processing 958703 ...
2026-03-27 03:20:42,065 [INFO] src.pipeline — Processing 959843 ...
2026-03-27 03:20:42,135 [INFO] src.pipeline — Processing 960432 ...
2026-03-27 03:20:42,210 [INFO] src.pipeline — Processing 962566 ...
2026-03-27 03:20:42,273 [INFO] src.pipeline — Processing 964469 ...
2026-03-27 03:20:42,346 [INFO] src.pipeline — Processing 965217 ...
2026-03-27 03:20:42,411 [INFO] src.pipeline — Processing 967547 ...
2026-03-27 03:20:42,475 [INFO] src.pipeline — Processing 968556 ...
2026-03-27 03:20:42,554 [INFO] src.pipeline — Processing 969321 ...
2026-03-27 03:20:42,622 [INFO] src.pipeline — Processing 970649 ...
2026-03-27 03:20:42,699 [INFO] src.pipeline — Processing 972048 ...
2026-03-27 03:20:42,777 [INFO] src.pipeline — Processing 972330 ...
2026-03-27 03:20:42,849 [INFO] src.pipeline — Processing 972781 ...
2026-03-27 03:20:42,914 [INFO] src.pipeline — Processing 980284 ...
2026-03-27 03:20:42,986 [INFO] src.pipeline — Processing 982732 ...
2026-03-27 03:20:43,058 [INFO] src.pipeline — Processing 985814 ...
2026-03-27 03:20:43,128 [INFO] src.pipeline — Processing 991528 ...
2026-03-27 03:20:43,198 [INFO] src.pipeline — Processing 994065 ...
2026-03-27 03:20:43,260 [INFO] src.pipeline — Processing 994217 ...
2026-03-27 03:20:43,331 [INFO] src.pipeline — Processing 994515 ...
2026-03-27 03:20:43,395 [INFO] src.pipeline — Processing 998036 ...
2026-03-27 03:20:43,456 [INFO] src.pipeline — Processing 999474 ...
2026-03-27 03:20:43,532 [INFO] src.pipeline — Processing 1009874 ...
2026-03-27 03:20:43,600 [INFO] src.pipeline — Processing 1013884 ...
2026-03-27 03:20:43,670 [INFO] src.pipeline — Processing 1023925 ...
2026-03-27 03:20:43,742 [INFO] src.pipeline — Processing 1036640 ...
2026-03-27 03:20:43,800 [INFO] src.pipeline — Processing 1041375 ...
2026-03-27 03:20:43,867 [INFO] src.pipeline — Processing 1053511 ...
2026-03-27 03:20:43,930 [INFO] src.pipeline — Processing 1054733 ...
2026-03-27 03:20:43,974 [INFO] src.pipeline — Processing 1058085 ...
2026-03-27 03:20:44,041 [INFO] src.pipeline — Processing 1058605 ...
2026-03-27 03:20:44,120 [INFO] src.pipeline — Processing 1061898 ...
2026-03-27 03:20:44,183 [INFO] src.pipeline — Processing 1063368 ...
2026-03-27 03:20:44,257 [INFO] src.pipeline — Processing 1073253 ...
2026-03-27 03:20:44,333 [INFO] src.pipeline — Processing 1074787 ...
2026-03-27 03:20:44,404 [INFO] src.pipeline — Processing 1080968 ...
2026-03-27 03:20:44,481 [INFO] src.pipeline — Processing 1081032 ...
2026-03-27 03:20:44,551 [INFO] src.pipeline — Processing 1081338 ...
2026-03-27 03:20:44,622 [INFO] src.pipeline — Processing 1084994 ...
2026-03-27 03:20:44,691 [INFO] src.pipeline — Processing 1085203 ...
2026-03-27 03:20:44,768 [INFO] src.pipeline — Processing 1087704 ...
2026-03-27 03:20:44,840 [INFO] src.pipeline — Processing 1088175 ...
2026-03-27 03:20:44,902 [INFO] src.pipeline — Processing 1088261 ...
2026-03-27 03:20:44,969 [INFO] src.pipeline — Processing 1088796 ...
2026-03-27 03:20:45,034 [INFO] src.pipeline — Processing 1092237 ...
2026-03-27 03:20:45,097 [WARNING] src.pipeline — [1092237] PARTIAL: ['BEAT0_V1_J_POINT_LOW_CONFIDENCE', 'BEAT1_V1_J_POINT_LOW_CONFIDENCE', 'BEAT2_V1_J_POINT_LOW_CONFIDENCE', 'BEAT3_V1_J_POINT_LOW_CONFIDENCE', 'BEAT4_V1_J_POINT_LOW_CONFIDENCE', 'BEAT5_V1_J_POINT_LOW_CONFIDENCE', 'BEAT6_V1_J_POINT_LOW_CONFIDENCE', 'BEAT7_V1_J_POINT_LOW_CONFIDENCE', 'BEAT8_V1_J_POINT_LOW_CONFIDENCE']
2026-03-27 03:20:45,098 [INFO] src.pipeline — Processing 1093224 ...
2026-03-27 03:20:45,171 [INFO] src.pipeline — Processing 1096625 ...
2026-03-27 03:20:45,252 [INFO] src.pipeline — Processing 1097714 ...
2026-03-27 03:20:45,328 [INFO] src.pipeline — Processing 1098314 ...
2026-03-27 03:20:45,393 [INFO] src.pipeline — Processing 1099262 ...
2026-03-27 03:20:45,467 [INFO] src.pipeline — Processing 1102607 ...
2026-03-27 03:20:45,536 [INFO] src.pipeline — Processing 1103983 ...
2026-03-27 03:20:45,600 [INFO] src.pipeline — Processing 1106149 ...
2026-03-27 03:20:45,689 [INFO] src.pipeline — Processing 1112604 ...
2026-03-27 03:20:45,766 [INFO] src.pipeline — Processing 1117553 ...
2026-03-27 03:20:45,836 [INFO] src.pipeline — Processing 1118251 ...
2026-03-27 03:20:45,912 [INFO] src.pipeline — Processing 1121137 ...
2026-03-27 03:20:45,982 [INFO] src.pipeline — Processing 1122903 ...
2026-03-27 03:20:46,048 [INFO] src.pipeline — Processing 1124825 ...
2026-03-27 03:20:46,116 [INFO] src.pipeline — Processing 1124826 ...
2026-03-27 03:20:46,223 [INFO] src.pipeline — Processing 1128835 ...
2026-03-27 03:20:46,357 [INFO] src.pipeline — Processing 1134284 ...
2026-03-27 03:20:46,434 [INFO] src.pipeline — Processing 1135434 ...
2026-03-27 03:20:46,510 [INFO] src.pipeline — Processing 1138153 ...
2026-03-27 03:20:46,571 [INFO] src.pipeline — Processing 1141322 ...
2026-03-27 03:20:46,633 [INFO] src.pipeline — Processing 1142915 ...
2026-03-27 03:20:46,715 [INFO] src.pipeline — Processing 1145203 ...
2026-03-27 03:20:46,776 [INFO] src.pipeline — Processing 1146063 ...
2026-03-27 03:20:46,837 [INFO] src.pipeline — Processing 1147684 ...
2026-03-27 03:20:46,909 [INFO] src.pipeline — Processing 1148718 ...
2026-03-27 03:20:46,986 [INFO] src.pipeline — Processing 1152054 ...
2026-03-27 03:20:47,051 [INFO] src.pipeline — Processing 1157038 ...
2026-03-27 03:20:47,113 [INFO] src.pipeline — Processing 1160261 ...
2026-03-27 03:20:47,178 [INFO] src.pipeline — Processing 1165447 ...
2026-03-27 03:20:47,246 [INFO] src.pipeline — Processing 1165448 ...
2026-03-27 03:20:47,317 [INFO] src.pipeline — Processing 1169405 ...
2026-03-27 03:20:47,384 [INFO] src.pipeline — Processing 1172602 ...
2026-03-27 03:20:47,449 [INFO] src.pipeline — Processing 1176675 ...
2026-03-27 03:20:47,514 [INFO] src.pipeline — Processing 1177018 ...
2026-03-27 03:20:47,578 [INFO] src.pipeline — Processing 1180702 ...
2026-03-27 03:20:47,647 [INFO] src.pipeline — Processing 1183349 ...
2026-03-27 03:20:47,714 [INFO] src.pipeline — Processing 1184742 ...
2026-03-27 03:20:47,786 [INFO] src.pipeline — Processing 1187599 ...
2026-03-27 03:20:47,848 [INFO] src.pipeline — Processing 1188747 ...
2026-03-27 03:20:47,925 [INFO] src.pipeline — Processing 1190805 ...
2026-03-27 03:20:48,008 [INFO] src.pipeline — Processing 1191551 ...
2026-03-27 03:20:48,078 [INFO] src.pipeline — Processing 1191595 ...
2026-03-27 03:20:48,150 [INFO] src.pipeline — Processing 1192135 ...
2026-03-27 03:20:48,212 [INFO] src.pipeline — Processing 1192146 ...
2026-03-27 03:20:48,277 [INFO] src.pipeline — Processing 1192654 ...
2026-03-27 03:20:48,349 [INFO] src.pipeline — Processing 1197538 ...
2026-03-27 03:20:48,416 [INFO] src.pipeline — Processing 1199480 ...
2026-03-27 03:20:48,481 [INFO] src.pipeline — Processing 1199517 ...
2026-03-27 03:20:48,546 [INFO] src.pipeline — Processing 1199593 ...
2026-03-27 03:20:48,612 [INFO] src.pipeline — Processing 1202306 ...
2026-03-27 03:20:48,687 [INFO] src.pipeline — Processing 1207769 ...
2026-03-27 03:20:48,756 [INFO] src.pipeline — Processing 1207947 ...
2026-03-27 03:20:48,835 [INFO] src.pipeline — Processing 1214441 ...
2026-03-27 03:20:48,912 [INFO] src.pipeline — Processing 1220716 ...
2026-03-27 03:20:48,991 [INFO] src.pipeline — Processing 1221590 ...
2026-03-27 03:20:49,070 [INFO] src.pipeline — Processing 1223519 ...
2026-03-27 03:20:49,167 [INFO] src.pipeline — Processing 1224102 ...
2026-03-27 03:20:49,247 [INFO] src.pipeline — Processing 1228746 ...
2026-03-27 03:20:49,310 [INFO] src.pipeline — Processing 1230482 ...
2026-03-27 03:20:49,325 [ERROR] src.pipeline — [1230482] FAILED: TOO_FEW_VALID_BEATS:0
2026-03-27 03:20:49,326 [INFO] src.pipeline — Processing 1231339 ...
2026-03-27 03:20:49,394 [INFO] src.pipeline — Processing 1235674 ...
2026-03-27 03:20:49,469 [INFO] src.pipeline — Processing 1236012 ...
2026-03-27 03:20:49,534 [INFO] src.pipeline — Processing 1237748 ...
2026-03-27 03:20:49,597 [INFO] src.pipeline — Processing 1238446 ...
2026-03-27 03:20:49,671 [INFO] src.pipeline — Processing 1238671 ...
2026-03-27 03:20:49,753 [INFO] src.pipeline — Processing 1242678 ...
2026-03-27 03:20:49,824 [INFO] src.pipeline — Processing 1244867 ...
2026-03-27 03:20:49,883 [INFO] src.pipeline — Processing 1248576 ...
2026-03-27 03:20:49,944 [INFO] src.pipeline — Processing 1248611 ...
2026-03-27 03:20:49,992 [INFO] src.pipeline — Processing 1252288 ...
2026-03-27 03:20:50,059 [INFO] src.pipeline — Processing 1254062 ...
2026-03-27 03:20:50,141 [INFO] src.pipeline — Processing 1254171 ...
2026-03-27 03:20:50,240 [INFO] src.pipeline — Processing 1254267 ...
2026-03-27 03:20:50,309 [INFO] src.pipeline — Processing 1259391 ...
2026-03-27 03:20:50,374 [INFO] src.pipeline — Processing 1263008 ...
2026-03-27 03:20:50,437 [INFO] src.pipeline — Processing 1270798 ...
2026-03-27 03:20:50,502 [INFO] src.pipeline — Processing 1272319 ...
2026-03-27 03:20:50,571 [INFO] src.pipeline — Processing 1272821 ...
2026-03-27 03:20:50,641 [INFO] src.pipeline — Processing 1274776 ...
2026-03-27 03:20:50,704 [INFO] src.pipeline — Processing 1275329 ...
2026-03-27 03:20:50,781 [INFO] src.pipeline — Processing 1277374 ...
2026-03-27 03:20:50,855 [INFO] src.pipeline — Processing 1278746 ...
2026-03-27 03:20:50,917 [INFO] src.pipeline — Processing 1280588 ...
2026-03-27 03:20:50,983 [INFO] src.pipeline — Processing 1281380 ...
2026-03-27 03:20:51,049 [INFO] src.pipeline — Processing 1284182 ...
2026-03-27 03:20:51,112 [INFO] src.pipeline — Processing 1285404 ...
2026-03-27 03:20:51,183 [INFO] src.pipeline — Processing 1286512 ...
2026-03-27 03:20:51,251 [INFO] src.pipeline — Processing 1290629 ...
2026-03-27 03:20:51,318 [INFO] src.pipeline — Processing 1290807 ...
2026-03-27 03:20:51,379 [INFO] src.pipeline — Processing 1294540 ...
2026-03-27 03:20:51,463 [INFO] src.pipeline — Processing 1297151 ...
2026-03-27 03:20:51,536 [INFO] src.pipeline — Processing 1297765 ...
2026-03-27 03:20:51,614 [INFO] src.pipeline — Processing 1297767 ...
2026-03-27 03:20:51,689 [INFO] src.pipeline — Processing 1298469 ...
2026-03-27 03:20:51,753 [INFO] src.pipeline — Processing 1303729 ...
2026-03-27 03:20:51,817 [INFO] src.pipeline — Processing 1305051 ...
2026-03-27 03:20:51,880 [INFO] src.pipeline — Processing 1307673 ...
2026-03-27 03:20:51,951 [INFO] src.pipeline — Processing 1307716 ...
2026-03-27 03:20:52,020 [INFO] src.pipeline — Processing 1309300 ...
2026-03-27 03:20:52,088 [INFO] src.pipeline — Processing 1310052 ...
2026-03-27 03:20:52,153 [INFO] src.pipeline — Processing 1312303 ...
2026-03-27 03:20:52,220 [INFO] src.pipeline — Processing 1313974 ...
2026-03-27 03:20:52,282 [INFO] src.pipeline — Processing 1316784 ...
2026-03-27 03:20:52,343 [INFO] src.pipeline — Processing 1318568 ...
2026-03-27 03:20:52,416 [INFO] src.pipeline — Processing 1326991 ...
2026-03-27 03:20:52,498 [INFO] src.pipeline — Processing 1327775 ...
2026-03-27 03:20:52,572 [INFO] src.pipeline — Processing 1327784 ...
2026-03-27 03:20:52,644 [INFO] src.pipeline — Processing 1332388 ...
2026-03-27 03:20:52,709 [INFO] src.pipeline — Processing 1336243 ...
2026-03-27 03:20:52,775 [INFO] src.pipeline — Processing 1337461 ...
2026-03-27 03:20:52,848 [INFO] src.pipeline — Processing 1338772 ...
2026-03-27 03:20:52,912 [INFO] src.pipeline — Processing 1338780 ...
2026-03-27 03:20:52,982 [INFO] src.pipeline — Processing 1342979 ...
2026-03-27 03:20:53,051 [INFO] src.pipeline — Processing 1344639 ...
2026-03-27 03:20:53,122 [INFO] src.pipeline — Processing 1346727 ...
2026-03-27 03:20:53,186 [INFO] src.pipeline — Processing 1350930 ...
2026-03-27 03:20:53,257 [INFO] src.pipeline — Processing 1357325 ...
2026-03-27 03:20:53,440 [INFO] src.pipeline — Processing 1358245 ...
2026-03-27 03:20:53,542 [INFO] src.pipeline — Processing 1360656 ...
2026-03-27 03:20:53,615 [INFO] src.pipeline — Processing 1366050 ...
2026-03-27 03:20:53,679 [INFO] src.pipeline — Processing 1366637 ...
2026-03-27 03:20:53,752 [INFO] src.pipeline — Processing 1370418 ...
2026-03-27 03:20:53,834 [INFO] src.pipeline — Processing 1370819 ...
2026-03-27 03:20:53,912 [INFO] src.pipeline — Processing 1371132 ...
2026-03-27 03:20:53,979 [INFO] src.pipeline — Processing 1371554 ...
2026-03-27 03:20:54,047 [INFO] src.pipeline — Processing 1372180 ...
2026-03-27 03:20:54,122 [INFO] src.pipeline — Processing 1372181 ...
2026-03-27 03:20:54,192 [INFO] src.pipeline — Processing 1381534 ...
2026-03-27 03:20:54,266 [INFO] src.pipeline — Processing 1382112 ...
2026-03-27 03:20:54,331 [INFO] src.pipeline — Processing 1383335 ...
2026-03-27 03:20:54,407 [INFO] src.pipeline — Processing 1385747 ...
2026-03-27 03:20:54,482 [INFO] src.pipeline — Processing 1386698 ...
2026-03-27 03:20:54,545 [INFO] src.pipeline — Processing 1390489 ...
2026-03-27 03:20:54,625 [INFO] src.pipeline — Processing 1403173 ...
2026-03-27 03:20:54,693 [INFO] src.pipeline — Processing 1404688 ...
2026-03-27 03:20:54,776 [INFO] src.pipeline — Processing 1407660 ...
2026-03-27 03:20:54,838 [INFO] src.pipeline — Processing 1408290 ...
2026-03-27 03:20:54,906 [INFO] src.pipeline — Processing 1414022 ...
2026-03-27 03:20:54,976 [INFO] src.pipeline — Processing 1414967 ...
2026-03-27 03:20:55,047 [INFO] src.pipeline — Processing 1416483 ...
2026-03-27 03:20:55,110 [INFO] src.pipeline — Processing 1417008 ...
2026-03-27 03:20:55,169 [INFO] src.pipeline — Processing 1418000 ...
2026-03-27 03:20:55,260 [INFO] src.pipeline — Processing 1419825 ...
2026-03-27 03:20:55,326 [INFO] src.pipeline — Processing 1421261 ...
2026-03-27 03:20:55,411 [INFO] src.pipeline — Processing 1421316 ...
2026-03-27 03:20:55,473 [INFO] src.pipeline — Processing 1422523 ...
2026-03-27 03:20:55,538 [INFO] src.pipeline — Processing 1422770 ...
2026-03-27 03:20:55,600 [INFO] src.pipeline — Processing 1423789 ...
2026-03-27 03:20:55,659 [INFO] src.pipeline — Processing 1424148 ...
2026-03-27 03:20:55,739 [INFO] src.pipeline — Processing 1425960 ...
2026-03-27 03:20:55,818 [INFO] src.pipeline — Processing 1426919 ...
2026-03-27 03:20:55,917 [INFO] src.pipeline — Processing 2187085 ...
2026-03-27 03:20:55,989 [INFO] src.pipeline — Processing 2635972 ...
2026-03-27 03:20:56,056 [INFO] src.pipeline — Processing 3003692 ...
2026-03-27 03:20:56,121 [INFO] src.pipeline — Processing 3004284 ...
2026-03-27 03:20:56,198 [INFO] src.pipeline — Processing 3006598 ...
2026-03-27 03:20:56,264 [INFO] src.pipeline — Processing 3007664 ...
2026-03-27 03:20:56,331 [INFO] src.pipeline — Processing 3009538 ...
2026-03-27 03:20:56,388 [INFO] src.pipeline — Processing 3009950 ...
2026-03-27 03:20:56,458 [INFO] src.pipeline — Processing 3015438 ...
2026-03-27 03:20:56,561 [INFO] src.pipeline — Processing 3015440 ...
2026-03-27 03:20:56,637 [INFO] src.pipeline — Processing 3015449 ...
2026-03-27 03:20:56,703 [INFO] src.pipeline — Processing 3016396 ...
2026-03-27 03:20:56,766 [INFO] src.pipeline — Processing 3016401 ...
2026-03-27 03:20:56,830 [INFO] src.pipeline — Processing 3028930 ...
2026-03-27 03:20:56,897 [INFO] src.pipeline — Processing 3030937 ...
2026-03-27 03:20:56,963 [INFO] src.pipeline — Processing 3035210 ...
2026-03-27 03:20:57,047 [INFO] src.pipeline — Processing 3037390 ...
2026-03-27 03:20:57,135 [INFO] src.pipeline — Processing 3037617 ...
2026-03-27 03:20:57,210 [INFO] src.pipeline — Processing 3043155 ...
2026-03-27 03:20:57,276 [INFO] src.pipeline — Processing 3044775 ...
2026-03-27 03:20:57,344 [INFO] src.pipeline — Processing 3045053 ...
2026-03-27 03:20:57,409 [INFO] src.pipeline — Processing 3045059 ...
2026-03-27 03:20:57,480 [INFO] src.pipeline — Processing 3045751 ...
2026-03-27 03:20:57,545 [INFO] src.pipeline — Processing 3058024 ...
2026-03-27 03:20:57,642 [INFO] src.pipeline — Processing 3058134 ...
2026-03-27 03:20:57,718 [INFO] src.pipeline — Processing 3062045 ...
2026-03-27 03:20:57,782 [INFO] src.pipeline — Processing 3064724 ...
2026-03-27 03:20:57,845 [INFO] src.pipeline — Processing 3065295 ...
2026-03-27 03:20:57,910 [INFO] src.pipeline — Processing 3067191 ...
2026-03-27 03:20:57,960 [INFO] src.pipeline — Processing 3067196 ...
2026-03-27 03:20:58,039 [INFO] src.pipeline — Processing 3071151 ...
2026-03-27 03:20:58,098 [INFO] src.pipeline — Processing 3072833 ...
2026-03-27 03:20:58,166 [INFO] src.pipeline — Processing 3072836 ...
2026-03-27 03:20:58,237 [INFO] src.pipeline — Processing 3073346 ...
2026-03-27 03:20:58,303 [INFO] src.pipeline — Processing 3074751 ...
2026-03-27 03:20:58,369 [INFO] src.pipeline — Processing 3075260 ...
2026-03-27 03:20:58,435 [INFO] src.pipeline — Processing 3080118 ...
2026-03-27 03:20:58,503 [INFO] src.pipeline — Processing 3080186 ...
2026-03-27 03:20:58,567 [INFO] src.pipeline — Processing 3092472 ...
2026-03-27 03:20:58,632 [INFO] src.pipeline — Processing 3093924 ...
2026-03-27 03:20:58,694 [INFO] src.pipeline — Processing 3094047 ...
2026-03-27 03:20:58,782 [INFO] src.pipeline — Processing 3094049 ...
2026-03-27 03:20:58,853 [WARNING] src.pipeline — [3094049] PARTIAL: ['BEAT2_V1_J_POINT_LOW_CONFIDENCE', 'BEAT4_V1_J_POINT_LOW_CONFIDENCE', 'BEAT5_V1_J_POINT_LOW_CONFIDENCE', 'BEAT6_V1_J_POINT_LOW_CONFIDENCE', 'BEAT7_V1_J_POINT_LOW_CONFIDENCE']
2026-03-27 03:20:58,853 [INFO] src.pipeline — Processing 3095195 ...
2026-03-27 03:20:58,926 [INFO] src.pipeline — Processing 3095200 ...
2026-03-27 03:20:58,977 [INFO] src.pipeline — Processing 3096254 ...
2026-03-27 03:20:59,044 [INFO] src.pipeline — Processing 3099875 ...
2026-03-27 03:20:59,111 [INFO] src.pipeline — Processing 3101011 ...
2026-03-27 03:20:59,182 [INFO] src.pipeline — Processing 3110550 ...
2026-03-27 03:20:59,244 [INFO] src.pipeline — Processing 3113249 ...
2026-03-27 03:20:59,325 [INFO] src.pipeline — Processing 3114582 ...
2026-03-27 03:20:59,426 [INFO] src.pipeline — Processing 3118448 ...
2026-03-27 03:20:59,509 [INFO] src.pipeline — Processing 3128412 ...
2026-03-27 03:20:59,592 [INFO] src.pipeline — Processing 3128947 ...
2026-03-27 03:20:59,692 [INFO] src.pipeline — Processing 3128957 ...
2026-03-27 03:20:59,792 [INFO] src.pipeline — Processing 3133602 ...
2026-03-27 03:20:59,994 [INFO] src.pipeline — Processing 3136075 ...
2026-03-27 03:21:00,126 [INFO] src.pipeline — Processing 3138453 ...
2026-03-27 03:21:00,193 [INFO] src.pipeline — Processing 3139196 ...
2026-03-27 03:21:00,842 [INFO] src.pipeline — Pipeline complete. OK: 356 | PARTIAL: 5 | FAILED: 2
2026-03-27 03:22:13,842 [INFO] src.pipeline — Processing 188981 ...
2026-03-27 03:22:18,814 [INFO] src.pipeline — Processing 251972 ...
2026-03-27 03:22:18,891 [INFO] src.pipeline — Processing 265715 ...
2026-03-27 03:22:18,962 [INFO] src.pipeline — Processing 267628 ...
2026-03-27 03:22:19,034 [INFO] src.pipeline — Processing 267630 ...
2026-03-27 03:22:19,046 [ERROR] src.pipeline — [267630] FAILED: TOO_FEW_RPEAKS: 0
2026-03-27 03:22:19,047 [INFO] src.pipeline — Processing 286830 ...
2026-03-27 03:22:19,124 [INFO] src.pipeline — Processing 287355 ...
2026-03-27 03:22:19,186 [INFO] src.pipeline — Processing 292220 ...
2026-03-27 03:22:19,255 [INFO] src.pipeline — Processing 292666 ...
2026-03-27 03:22:19,337 [INFO] src.pipeline — Processing 304141 ...
2026-03-27 03:22:19,402 [INFO] src.pipeline — Processing 314397 ...
2026-03-27 03:22:19,469 [INFO] src.pipeline — Processing 316872 ...
2026-03-27 03:22:19,548 [INFO] src.pipeline — Processing 317547 ...
2026-03-27 03:22:19,616 [INFO] src.pipeline — Processing 319150 ...
2026-03-27 03:22:19,679 [INFO] src.pipeline — Processing 319221 ...
2026-03-27 03:22:19,748 [INFO] src.pipeline — Processing 325231 ...
2026-03-27 03:22:19,810 [INFO] src.pipeline — Processing 325966 ...
2026-03-27 03:22:19,869 [INFO] src.pipeline — Processing 329034 ...
2026-03-27 03:22:19,935 [INFO] src.pipeline — Processing 329533 ...
2026-03-27 03:22:20,001 [INFO] src.pipeline — Processing 395553 ...
2026-03-27 03:22:20,058 [INFO] src.pipeline — Processing 405298 ...
2026-03-27 03:22:20,136 [INFO] src.pipeline — Processing 406008 ...
2026-03-27 03:22:20,210 [INFO] src.pipeline — Processing 413267 ...
2026-03-27 03:22:20,275 [INFO] src.pipeline — Processing 419510 ...
2026-03-27 03:22:20,327 [INFO] src.pipeline — Processing 419960 ...
2026-03-27 03:22:20,392 [INFO] src.pipeline — Processing 428031 ...
2026-03-27 03:22:20,476 [INFO] src.pipeline — Processing 434996 ...
2026-03-27 03:22:20,538 [INFO] src.pipeline — Processing 438721 ...
2026-03-27 03:22:20,609 [INFO] src.pipeline — Processing 445953 ...
2026-03-27 03:22:20,674 [INFO] src.pipeline — Processing 450733 ...
2026-03-27 03:22:20,743 [INFO] src.pipeline — Processing 460919 ...
2026-03-27 03:22:20,803 [INFO] src.pipeline — Processing 461866 ...
2026-03-27 03:22:20,871 [INFO] src.pipeline — Processing 466796 ...
2026-03-27 03:22:20,959 [INFO] src.pipeline — Processing 471727 ...
2026-03-27 03:22:21,033 [INFO] src.pipeline — Processing 478457 ...
2026-03-27 03:22:21,100 [INFO] src.pipeline — Processing 482516 ...
2026-03-27 03:22:21,166 [INFO] src.pipeline — Processing 482868 ...
2026-03-27 03:22:21,233 [INFO] src.pipeline — Processing 487609 ...
2026-03-27 03:22:21,319 [INFO] src.pipeline — Processing 489539 ...
2026-03-27 03:22:21,381 [INFO] src.pipeline — Processing 505351 ...
2026-03-27 03:22:21,447 [INFO] src.pipeline — Processing 506408 ...
2026-03-27 03:22:21,518 [INFO] src.pipeline — Processing 509648 ...
2026-03-27 03:22:21,596 [INFO] src.pipeline — Processing 516092 ...
2026-03-27 03:22:21,671 [INFO] src.pipeline — Processing 519139 ...
2026-03-27 03:22:21,735 [INFO] src.pipeline — Processing 519687 ...
2026-03-27 03:22:21,803 [INFO] src.pipeline — Processing 532816 ...
2026-03-27 03:22:21,864 [INFO] src.pipeline — Processing 538053 ...
2026-03-27 03:22:21,909 [INFO] src.pipeline — Processing 540736 ...
2026-03-27 03:22:21,998 [INFO] src.pipeline — Processing 548140 ...
2026-03-27 03:22:22,064 [INFO] src.pipeline — Processing 548865 ...
2026-03-27 03:22:22,131 [INFO] src.pipeline — Processing 558967 ...
2026-03-27 03:22:22,199 [INFO] src.pipeline — Processing 571723 ...
2026-03-27 03:22:22,261 [INFO] src.pipeline — Processing 577838 ...
2026-03-27 03:22:22,326 [WARNING] src.pipeline — [577838] PARTIAL: ['BEAT0_V1_J_POINT_LOW_CONFIDENCE', 'BEAT1_V1_J_POINT_LOW_CONFIDENCE', 'BEAT4_V1_J_POINT_LOW_CONFIDENCE', 'BEAT12_V1_J_POINT_LOW_CONFIDENCE', 'BEAT16_V1_J_POINT_LOW_CONFIDENCE']
2026-03-27 03:22:22,326 [INFO] src.pipeline — Processing 580720 ...
2026-03-27 03:22:22,407 [INFO] src.pipeline — Processing 581912 ...
2026-03-27 03:22:22,472 [WARNING] src.pipeline — [581912] PARTIAL: ['BEAT1_V2_J_POINT_LOW_CONFIDENCE']
2026-03-27 03:22:22,473 [INFO] src.pipeline — Processing 592768 ...
2026-03-27 03:22:22,542 [INFO] src.pipeline — Processing 596382 ...
2026-03-27 03:22:22,593 [INFO] src.pipeline — Processing 597251 ...
2026-03-27 03:22:22,660 [INFO] src.pipeline — Processing 613119 ...
2026-03-27 03:22:22,726 [INFO] src.pipeline — Processing 614578 ...
2026-03-27 03:22:22,793 [INFO] src.pipeline — Processing 614707 ...
2026-03-27 03:22:22,865 [INFO] src.pipeline — Processing 622530 ...
2026-03-27 03:22:22,938 [INFO] src.pipeline — Processing 624511 ...
2026-03-27 03:22:23,009 [INFO] src.pipeline — Processing 625190 ...
2026-03-27 03:22:23,075 [INFO] src.pipeline — Processing 641455 ...
2026-03-27 03:22:23,137 [INFO] src.pipeline — Processing 643139 ...
2026-03-27 03:22:23,201 [INFO] src.pipeline — Processing 801261 ...
2026-03-27 03:22:23,285 [INFO] src.pipeline — Processing 806949 ...
2026-03-27 03:22:23,359 [INFO] src.pipeline — Processing 807363 ...
2026-03-27 03:22:23,421 [INFO] src.pipeline — Processing 812209 ...
2026-03-27 03:22:23,493 [INFO] src.pipeline — Processing 812404 ...
2026-03-27 03:22:23,564 [INFO] src.pipeline — Processing 814286 ...
2026-03-27 03:22:23,632 [INFO] src.pipeline — Processing 816929 ...
2026-03-27 03:22:23,699 [INFO] src.pipeline — Processing 819710 ...
2026-03-27 03:22:23,769 [INFO] src.pipeline — Processing 821478 ...
2026-03-27 03:22:23,827 [INFO] src.pipeline — Processing 822108 ...
2026-03-27 03:22:23,898 [INFO] src.pipeline — Processing 822756 ...
2026-03-27 03:22:23,964 [INFO] src.pipeline — Processing 829768 ...
2026-03-27 03:22:24,025 [INFO] src.pipeline — Processing 830179 ...
2026-03-27 03:22:24,077 [INFO] src.pipeline — Processing 841212 ...
2026-03-27 03:22:24,151 [INFO] src.pipeline — Processing 841869 ...
2026-03-27 03:22:24,215 [INFO] src.pipeline — Processing 844915 ...
2026-03-27 03:22:24,279 [INFO] src.pipeline — Processing 849168 ...
2026-03-27 03:22:24,342 [INFO] src.pipeline — Processing 852786 ...
2026-03-27 03:22:24,414 [INFO] src.pipeline — Processing 855592 ...
2026-03-27 03:22:24,476 [INFO] src.pipeline — Processing 865998 ...
2026-03-27 03:22:24,542 [INFO] src.pipeline — Processing 866721 ...
2026-03-27 03:22:24,616 [INFO] src.pipeline — Processing 873255 ...
2026-03-27 03:22:24,680 [INFO] src.pipeline — Processing 878765 ...
2026-03-27 03:22:24,748 [INFO] src.pipeline — Processing 887465 ...
2026-03-27 03:22:24,810 [INFO] src.pipeline — Processing 891754 ...
2026-03-27 03:22:24,870 [INFO] src.pipeline — Processing 894725 ...
2026-03-27 03:22:24,933 [INFO] src.pipeline — Processing 898726 ...
2026-03-27 03:22:25,002 [INFO] src.pipeline — Processing 903442 ...
2026-03-27 03:22:25,072 [INFO] src.pipeline — Processing 903802 ...
2026-03-27 03:22:25,134 [WARNING] src.pipeline — [903802] PARTIAL: ['BEAT9_V2_J_POINT_LOW_CONFIDENCE']
2026-03-27 03:22:25,134 [INFO] src.pipeline — Processing 907736 ...
2026-03-27 03:22:25,194 [INFO] src.pipeline — Processing 913169 ...
2026-03-27 03:22:25,260 [INFO] src.pipeline — Processing 918062 ...
2026-03-27 03:22:25,336 [INFO] src.pipeline — Processing 920037 ...
2026-03-27 03:22:25,397 [INFO] src.pipeline — Processing 921230 ...
2026-03-27 03:22:25,461 [INFO] src.pipeline — Processing 930107 ...
2026-03-27 03:22:25,525 [INFO] src.pipeline — Processing 935156 ...
2026-03-27 03:22:25,577 [INFO] src.pipeline — Processing 938838 ...
2026-03-27 03:22:25,644 [INFO] src.pipeline — Processing 939546 ...
2026-03-27 03:22:25,723 [INFO] src.pipeline — Processing 945345 ...
2026-03-27 03:22:25,789 [INFO] src.pipeline — Processing 952177 ...
2026-03-27 03:22:25,859 [INFO] src.pipeline — Processing 952641 ...
2026-03-27 03:22:25,927 [INFO] src.pipeline — Processing 953976 ...
2026-03-27 03:22:25,989 [INFO] src.pipeline — Processing 958460 ...
2026-03-27 03:22:26,054 [INFO] src.pipeline — Processing 958703 ...
2026-03-27 03:22:26,113 [INFO] src.pipeline — Processing 959843 ...
2026-03-27 03:22:26,191 [INFO] src.pipeline — Processing 960432 ...
2026-03-27 03:22:26,259 [INFO] src.pipeline — Processing 962566 ...
2026-03-27 03:22:26,421 [INFO] src.pipeline — Processing 964469 ...
2026-03-27 03:22:26,517 [INFO] src.pipeline — Processing 965217 ...
2026-03-27 03:22:26,577 [INFO] src.pipeline — Processing 967547 ...
2026-03-27 03:22:26,637 [INFO] src.pipeline — Processing 968556 ...
2026-03-27 03:22:26,710 [INFO] src.pipeline — Processing 969321 ...
2026-03-27 03:22:26,776 [INFO] src.pipeline — Processing 970649 ...
2026-03-27 03:22:26,847 [INFO] src.pipeline — Processing 972048 ...
2026-03-27 03:22:26,917 [INFO] src.pipeline — Processing 972330 ...
2026-03-27 03:22:26,988 [INFO] src.pipeline — Processing 972781 ...
2026-03-27 03:22:27,055 [INFO] src.pipeline — Processing 980284 ...
2026-03-27 03:22:27,122 [INFO] src.pipeline — Processing 982732 ...
2026-03-27 03:22:27,187 [INFO] src.pipeline — Processing 985814 ...
2026-03-27 03:22:27,253 [INFO] src.pipeline — Processing 991528 ...
2026-03-27 03:22:27,316 [INFO] src.pipeline — Processing 994065 ...
2026-03-27 03:22:27,377 [INFO] src.pipeline — Processing 994217 ...
2026-03-27 03:22:27,427 [INFO] src.pipeline — Processing 994515 ...
2026-03-27 03:22:27,513 [INFO] src.pipeline — Processing 998036 ...
2026-03-27 03:22:27,577 [INFO] src.pipeline — Processing 999474 ...
2026-03-27 03:22:27,627 [INFO] src.pipeline — Processing 1009874 ...
2026-03-27 03:22:27,695 [INFO] src.pipeline — Processing 1013884 ...
2026-03-27 03:22:27,767 [INFO] src.pipeline — Processing 1023925 ...
2026-03-27 03:22:27,829 [INFO] src.pipeline — Processing 1036640 ...
2026-03-27 03:22:27,877 [INFO] src.pipeline — Processing 1041375 ...
2026-03-27 03:22:27,953 [INFO] src.pipeline — Processing 1053511 ...
2026-03-27 03:22:28,021 [INFO] src.pipeline — Processing 1054733 ...
2026-03-27 03:22:28,076 [INFO] src.pipeline — Processing 1058085 ...
2026-03-27 03:22:28,127 [INFO] src.pipeline — Processing 1058605 ...
2026-03-27 03:22:28,200 [INFO] src.pipeline — Processing 1061898 ...
2026-03-27 03:22:28,261 [INFO] src.pipeline — Processing 1063368 ...
2026-03-27 03:22:28,327 [INFO] src.pipeline — Processing 1073253 ...
2026-03-27 03:22:28,396 [INFO] src.pipeline — Processing 1074787 ...
2026-03-27 03:22:28,460 [INFO] src.pipeline — Processing 1080968 ...
2026-03-27 03:22:28,538 [INFO] src.pipeline — Processing 1081032 ...
2026-03-27 03:22:28,613 [INFO] src.pipeline — Processing 1081338 ...
2026-03-27 03:22:28,678 [INFO] src.pipeline — Processing 1084994 ...
2026-03-27 03:22:28,743 [INFO] src.pipeline — Processing 1085203 ...
2026-03-27 03:22:28,809 [INFO] src.pipeline — Processing 1087704 ...
2026-03-27 03:22:28,878 [INFO] src.pipeline — Processing 1088175 ...
2026-03-27 03:22:28,947 [INFO] src.pipeline — Processing 1088261 ...
2026-03-27 03:22:29,017 [INFO] src.pipeline — Processing 1088796 ...
2026-03-27 03:22:29,083 [INFO] src.pipeline — Processing 1092237 ...
2026-03-27 03:22:29,142 [WARNING] src.pipeline — [1092237] PARTIAL: ['BEAT0_V1_J_POINT_LOW_CONFIDENCE', 'BEAT1_V1_J_POINT_LOW_CONFIDENCE', 'BEAT2_V1_J_POINT_LOW_CONFIDENCE', 'BEAT3_V1_J_POINT_LOW_CONFIDENCE', 'BEAT4_V1_J_POINT_LOW_CONFIDENCE', 'BEAT5_V1_J_POINT_LOW_CONFIDENCE', 'BEAT6_V1_J_POINT_LOW_CONFIDENCE', 'BEAT7_V1_J_POINT_LOW_CONFIDENCE', 'BEAT8_V1_J_POINT_LOW_CONFIDENCE']
2026-03-27 03:22:29,143 [INFO] src.pipeline — Processing 1093224 ...
2026-03-27 03:22:29,211 [INFO] src.pipeline — Processing 1096625 ...
2026-03-27 03:22:29,280 [INFO] src.pipeline — Processing 1097714 ...
2026-03-27 03:22:29,349 [INFO] src.pipeline — Processing 1098314 ...
2026-03-27 03:22:29,411 [INFO] src.pipeline — Processing 1099262 ...
2026-03-27 03:22:29,493 [INFO] src.pipeline — Processing 1102607 ...
2026-03-27 03:22:29,560 [INFO] src.pipeline — Processing 1103983 ...
2026-03-27 03:22:29,631 [INFO] src.pipeline — Processing 1106149 ...
2026-03-27 03:22:29,697 [INFO] src.pipeline — Processing 1112604 ...
2026-03-27 03:22:29,766 [INFO] src.pipeline — Processing 1117553 ...
2026-03-27 03:22:29,827 [INFO] src.pipeline — Processing 1118251 ...
2026-03-27 03:22:29,897 [INFO] src.pipeline — Processing 1121137 ...
2026-03-27 03:22:29,960 [INFO] src.pipeline — Processing 1122903 ...
2026-03-27 03:22:30,011 [INFO] src.pipeline — Processing 1124825 ...
2026-03-27 03:22:30,093 [INFO] src.pipeline — Processing 1124826 ...
2026-03-27 03:22:30,154 [INFO] src.pipeline — Processing 1128835 ...
2026-03-27 03:22:30,219 [INFO] src.pipeline — Processing 1134284 ...
2026-03-27 03:22:30,282 [INFO] src.pipeline — Processing 1135434 ...
2026-03-27 03:22:30,353 [INFO] src.pipeline — Processing 1138153 ...
2026-03-27 03:22:30,416 [INFO] src.pipeline — Processing 1141322 ...
2026-03-27 03:22:30,479 [INFO] src.pipeline — Processing 1142915 ...
2026-03-27 03:22:30,562 [INFO] src.pipeline — Processing 1145203 ...
2026-03-27 03:22:30,640 [INFO] src.pipeline — Processing 1146063 ...
2026-03-27 03:22:30,714 [INFO] src.pipeline — Processing 1147684 ...
2026-03-27 03:22:30,777 [INFO] src.pipeline — Processing 1148718 ...
2026-03-27 03:22:30,844 [INFO] src.pipeline — Processing 1152054 ...
2026-03-27 03:22:30,909 [INFO] src.pipeline — Processing 1157038 ...
2026-03-27 03:22:30,968 [INFO] src.pipeline — Processing 1160261 ...
2026-03-27 03:22:31,035 [INFO] src.pipeline — Processing 1165447 ...
2026-03-27 03:22:31,106 [INFO] src.pipeline — Processing 1165448 ...
2026-03-27 03:22:31,176 [INFO] src.pipeline — Processing 1169405 ...
2026-03-27 03:22:31,257 [INFO] src.pipeline — Processing 1172602 ...
2026-03-27 03:22:31,321 [INFO] src.pipeline — Processing 1176675 ...
2026-03-27 03:22:31,390 [INFO] src.pipeline — Processing 1177018 ...
2026-03-27 03:22:31,460 [INFO] src.pipeline — Processing 1180702 ...
2026-03-27 03:22:31,527 [INFO] src.pipeline — Processing 1183349 ...
2026-03-27 03:22:31,604 [INFO] src.pipeline — Processing 1184742 ...
2026-03-27 03:22:31,688 [INFO] src.pipeline — Processing 1187599 ...
2026-03-27 03:22:31,750 [INFO] src.pipeline — Processing 1188747 ...
2026-03-27 03:22:31,818 [INFO] src.pipeline — Processing 1190805 ...
2026-03-27 03:22:31,877 [INFO] src.pipeline — Processing 1191551 ...
2026-03-27 03:22:31,941 [INFO] src.pipeline — Processing 1191595 ...
2026-03-27 03:22:32,013 [INFO] src.pipeline — Processing 1192135 ...
2026-03-27 03:22:32,073 [INFO] src.pipeline — Processing 1192146 ...
2026-03-27 03:22:32,138 [INFO] src.pipeline — Processing 1192654 ...
2026-03-27 03:22:32,196 [INFO] src.pipeline — Processing 1197538 ...
2026-03-27 03:22:32,260 [INFO] src.pipeline — Processing 1199480 ...
2026-03-27 03:22:32,332 [INFO] src.pipeline — Processing 1199517 ...
2026-03-27 03:22:32,389 [INFO] src.pipeline — Processing 1199593 ...
2026-03-27 03:22:32,455 [INFO] src.pipeline — Processing 1202306 ...
2026-03-27 03:22:32,523 [INFO] src.pipeline — Processing 1207769 ...
2026-03-27 03:22:32,589 [INFO] src.pipeline — Processing 1207947 ...
2026-03-27 03:22:32,667 [INFO] src.pipeline — Processing 1214441 ...
2026-03-27 03:22:32,744 [INFO] src.pipeline — Processing 1220716 ...
2026-03-27 03:22:32,824 [INFO] src.pipeline — Processing 1221590 ...
2026-03-27 03:22:32,958 [INFO] src.pipeline — Processing 1223519 ...
2026-03-27 03:22:33,079 [INFO] src.pipeline — Processing 1224102 ...
2026-03-27 03:22:33,177 [INFO] src.pipeline — Processing 1228746 ...
2026-03-27 03:22:33,285 [INFO] src.pipeline — Processing 1230482 ...
2026-03-27 03:22:33,305 [ERROR] src.pipeline — [1230482] FAILED: TOO_FEW_VALID_BEATS:0
2026-03-27 03:22:33,306 [INFO] src.pipeline — Processing 1231339 ...
2026-03-27 03:22:33,401 [INFO] src.pipeline — Processing 1235674 ...
2026-03-27 03:22:33,482 [INFO] src.pipeline — Processing 1236012 ...
2026-03-27 03:22:33,566 [INFO] src.pipeline — Processing 1237748 ...
2026-03-27 03:22:33,640 [INFO] src.pipeline — Processing 1238446 ...
2026-03-27 03:22:33,726 [INFO] src.pipeline — Processing 1238671 ...
2026-03-27 03:22:33,819 [INFO] src.pipeline — Processing 1242678 ...
2026-03-27 03:22:33,906 [INFO] src.pipeline — Processing 1244867 ...
2026-03-27 03:22:33,981 [INFO] src.pipeline — Processing 1248576 ...
2026-03-27 03:22:34,046 [INFO] src.pipeline — Processing 1248611 ...
2026-03-27 03:22:34,095 [INFO] src.pipeline — Processing 1252288 ...
2026-03-27 03:22:34,162 [INFO] src.pipeline — Processing 1254062 ...
2026-03-27 03:22:34,246 [INFO] src.pipeline — Processing 1254171 ...
2026-03-27 03:22:34,321 [INFO] src.pipeline — Processing 1254267 ...
2026-03-27 03:22:34,389 [INFO] src.pipeline — Processing 1259391 ...
2026-03-27 03:22:34,454 [INFO] src.pipeline — Processing 1263008 ...
2026-03-27 03:22:34,522 [INFO] src.pipeline — Processing 1270798 ...
2026-03-27 03:22:34,582 [INFO] src.pipeline — Processing 1272319 ...
2026-03-27 03:22:34,652 [INFO] src.pipeline — Processing 1272821 ...
2026-03-27 03:22:34,722 [INFO] src.pipeline — Processing 1274776 ...
2026-03-27 03:22:34,798 [INFO] src.pipeline — Processing 1275329 ...
2026-03-27 03:22:34,871 [INFO] src.pipeline — Processing 1277374 ...
2026-03-27 03:22:34,937 [INFO] src.pipeline — Processing 1278746 ...
2026-03-27 03:22:35,000 [INFO] src.pipeline — Processing 1280588 ...
2026-03-27 03:22:35,062 [INFO] src.pipeline — Processing 1281380 ...
2026-03-27 03:22:35,112 [INFO] src.pipeline — Processing 1284182 ...
2026-03-27 03:22:35,178 [INFO] src.pipeline — Processing 1285404 ...
2026-03-27 03:22:35,277 [INFO] src.pipeline — Processing 1286512 ...
2026-03-27 03:22:35,354 [INFO] src.pipeline — Processing 1290629 ...
2026-03-27 03:22:35,417 [INFO] src.pipeline — Processing 1290807 ...
2026-03-27 03:22:35,476 [INFO] src.pipeline — Processing 1294540 ...
2026-03-27 03:22:35,551 [INFO] src.pipeline — Processing 1297151 ...
2026-03-27 03:22:35,621 [INFO] src.pipeline — Processing 1297765 ...
2026-03-27 03:22:35,686 [INFO] src.pipeline — Processing 1297767 ...
2026-03-27 03:22:35,764 [INFO] src.pipeline — Processing 1298469 ...
2026-03-27 03:22:35,833 [INFO] src.pipeline — Processing 1303729 ...
2026-03-27 03:22:35,896 [INFO] src.pipeline — Processing 1305051 ...
2026-03-27 03:22:35,956 [INFO] src.pipeline — Processing 1307673 ...
2026-03-27 03:22:36,020 [INFO] src.pipeline — Processing 1307716 ...
2026-03-27 03:22:36,081 [INFO] src.pipeline — Processing 1309300 ...
2026-03-27 03:22:36,143 [INFO] src.pipeline — Processing 1310052 ...
2026-03-27 03:22:36,213 [INFO] src.pipeline — Processing 1312303 ...
2026-03-27 03:22:36,280 [INFO] src.pipeline — Processing 1313974 ...
2026-03-27 03:22:36,336 [INFO] src.pipeline — Processing 1316784 ...
2026-03-27 03:22:36,403 [INFO] src.pipeline — Processing 1318568 ...
2026-03-27 03:22:36,473 [INFO] src.pipeline — Processing 1326991 ...
2026-03-27 03:22:36,538 [INFO] src.pipeline — Processing 1327775 ...
2026-03-27 03:22:36,601 [INFO] src.pipeline — Processing 1327784 ...
2026-03-27 03:22:36,670 [INFO] src.pipeline — Processing 1332388 ...
2026-03-27 03:22:36,734 [INFO] src.pipeline — Processing 1336243 ...
2026-03-27 03:22:36,803 [INFO] src.pipeline — Processing 1337461 ...
2026-03-27 03:22:36,879 [INFO] src.pipeline — Processing 1338772 ...
2026-03-27 03:22:36,955 [INFO] src.pipeline — Processing 1338780 ...
2026-03-27 03:22:37,044 [INFO] src.pipeline — Processing 1342979 ...
2026-03-27 03:22:37,153 [INFO] src.pipeline — Processing 1344639 ...
2026-03-27 03:22:37,230 [INFO] src.pipeline — Processing 1346727 ...
2026-03-27 03:22:37,311 [INFO] src.pipeline — Processing 1350930 ...
2026-03-27 03:22:37,395 [INFO] src.pipeline — Processing 1357325 ...
2026-03-27 03:22:37,461 [INFO] src.pipeline — Processing 1358245 ...
2026-03-27 03:22:37,544 [INFO] src.pipeline — Processing 1360656 ...
2026-03-27 03:22:37,611 [INFO] src.pipeline — Processing 1366050 ...
2026-03-27 03:22:37,678 [INFO] src.pipeline — Processing 1366637 ...
2026-03-27 03:22:37,746 [INFO] src.pipeline — Processing 1370418 ...
2026-03-27 03:22:37,813 [INFO] src.pipeline — Processing 1370819 ...
2026-03-27 03:22:37,907 [INFO] src.pipeline — Processing 1371132 ...
2026-03-27 03:22:37,974 [INFO] src.pipeline — Processing 1371554 ...
2026-03-27 03:22:38,041 [INFO] src.pipeline — Processing 1372180 ...
2026-03-27 03:22:38,107 [INFO] src.pipeline — Processing 1372181 ...
2026-03-27 03:22:38,177 [INFO] src.pipeline — Processing 1381534 ...
2026-03-27 03:22:38,241 [INFO] src.pipeline — Processing 1382112 ...
2026-03-27 03:22:38,306 [INFO] src.pipeline — Processing 1383335 ...
2026-03-27 03:22:38,381 [INFO] src.pipeline — Processing 1385747 ...
2026-03-27 03:22:38,447 [INFO] src.pipeline — Processing 1386698 ...
2026-03-27 03:22:38,508 [INFO] src.pipeline — Processing 1390489 ...
2026-03-27 03:22:38,598 [INFO] src.pipeline — Processing 1403173 ...
2026-03-27 03:22:38,646 [INFO] src.pipeline — Processing 1404688 ...
2026-03-27 03:22:38,713 [INFO] src.pipeline — Processing 1407660 ...
2026-03-27 03:22:38,795 [INFO] src.pipeline — Processing 1408290 ...
2026-03-27 03:22:38,880 [INFO] src.pipeline — Processing 1414022 ...
2026-03-27 03:22:38,965 [INFO] src.pipeline — Processing 1414967 ...
2026-03-27 03:22:39,051 [INFO] src.pipeline — Processing 1416483 ...
2026-03-27 03:22:39,144 [INFO] src.pipeline — Processing 1417008 ...
2026-03-27 03:22:39,248 [INFO] src.pipeline — Processing 1418000 ...
2026-03-27 03:22:39,455 [INFO] src.pipeline — Processing 1419825 ...
2026-03-27 03:22:39,606 [INFO] src.pipeline — Processing 1421261 ...
2026-03-27 03:22:39,724 [INFO] src.pipeline — Processing 1421316 ...
2026-03-27 03:22:39,851 [INFO] src.pipeline — Processing 1422523 ...
2026-03-27 03:22:39,938 [INFO] src.pipeline — Processing 1422770 ...
2026-03-27 03:22:40,022 [INFO] src.pipeline — Processing 1423789 ...
2026-03-27 03:22:40,099 [INFO] src.pipeline — Processing 1424148 ...
2026-03-27 03:22:40,188 [INFO] src.pipeline — Processing 1425960 ...
2026-03-27 03:22:40,262 [INFO] src.pipeline — Processing 1426919 ...
2026-03-27 03:22:40,347 [INFO] src.pipeline — Processing 2187085 ...
2026-03-27 03:22:40,431 [INFO] src.pipeline — Processing 2635972 ...
2026-03-27 03:22:40,513 [INFO] src.pipeline — Processing 3003692 ...
2026-03-27 03:22:40,618 [INFO] src.pipeline — Processing 3004284 ...
2026-03-27 03:22:40,721 [INFO] src.pipeline — Processing 3006598 ...
2026-03-27 03:22:40,814 [INFO] src.pipeline — Processing 3007664 ...
2026-03-27 03:22:40,875 [INFO] src.pipeline — Processing 3009538 ...
2026-03-27 03:22:40,937 [INFO] src.pipeline — Processing 3009950 ...
2026-03-27 03:22:41,050 [INFO] src.pipeline — Processing 3015438 ...
2026-03-27 03:22:41,183 [INFO] src.pipeline — Processing 3015440 ...
2026-03-27 03:22:41,299 [INFO] src.pipeline — Processing 3015449 ...
2026-03-27 03:22:41,387 [INFO] src.pipeline — Processing 3016396 ...
2026-03-27 03:22:41,467 [INFO] src.pipeline — Processing 3016401 ...
2026-03-27 03:22:41,560 [INFO] src.pipeline — Processing 3028930 ...
2026-03-27 03:22:41,637 [INFO] src.pipeline — Processing 3030937 ...
2026-03-27 03:22:41,700 [INFO] src.pipeline — Processing 3035210 ...
2026-03-27 03:22:41,762 [INFO] src.pipeline — Processing 3037390 ...
2026-03-27 03:22:41,830 [INFO] src.pipeline — Processing 3037617 ...
2026-03-27 03:22:41,908 [INFO] src.pipeline — Processing 3043155 ...
2026-03-27 03:22:41,997 [INFO] src.pipeline — Processing 3044775 ...
2026-03-27 03:22:42,047 [INFO] src.pipeline — Processing 3045053 ...
2026-03-27 03:22:42,134 [INFO] src.pipeline — Processing 3045059 ...
2026-03-27 03:22:42,211 [INFO] src.pipeline — Processing 3045751 ...
2026-03-27 03:22:42,282 [INFO] src.pipeline — Processing 3058024 ...
2026-03-27 03:22:42,414 [INFO] src.pipeline — Processing 3058134 ...
2026-03-27 03:22:42,479 [INFO] src.pipeline — Processing 3062045 ...
2026-03-27 03:22:42,547 [INFO] src.pipeline — Processing 3064724 ...
2026-03-27 03:22:42,617 [INFO] src.pipeline — Processing 3065295 ...
2026-03-27 03:22:42,686 [INFO] src.pipeline — Processing 3067191 ...
2026-03-27 03:22:42,746 [INFO] src.pipeline — Processing 3067196 ...
2026-03-27 03:22:42,816 [INFO] src.pipeline — Processing 3071151 ...
2026-03-27 03:22:42,874 [INFO] src.pipeline — Processing 3072833 ...
2026-03-27 03:22:43,001 [INFO] src.pipeline — Processing 3072836 ...
2026-03-27 03:22:43,072 [INFO] src.pipeline — Processing 3073346 ...
2026-03-27 03:22:43,135 [INFO] src.pipeline — Processing 3074751 ...
2026-03-27 03:22:43,204 [INFO] src.pipeline — Processing 3075260 ...
2026-03-27 03:22:43,269 [INFO] src.pipeline — Processing 3080118 ...
2026-03-27 03:22:43,337 [INFO] src.pipeline — Processing 3080186 ...
2026-03-27 03:22:43,402 [INFO] src.pipeline — Processing 3092472 ...
2026-03-27 03:22:43,480 [INFO] src.pipeline — Processing 3093924 ...
2026-03-27 03:22:43,563 [INFO] src.pipeline — Processing 3094047 ...
2026-03-27 03:22:43,646 [INFO] src.pipeline — Processing 3094049 ...
2026-03-27 03:22:43,729 [WARNING] src.pipeline — [3094049] PARTIAL: ['BEAT2_V1_J_POINT_LOW_CONFIDENCE', 'BEAT4_V1_J_POINT_LOW_CONFIDENCE', 'BEAT5_V1_J_POINT_LOW_CONFIDENCE', 'BEAT6_V1_J_POINT_LOW_CONFIDENCE', 'BEAT7_V1_J_POINT_LOW_CONFIDENCE']
2026-03-27 03:22:43,729 [INFO] src.pipeline — Processing 3095195 ...
2026-03-27 03:22:43,811 [INFO] src.pipeline — Processing 3095200 ...
2026-03-27 03:22:43,891 [INFO] src.pipeline — Processing 3096254 ...
2026-03-27 03:22:43,973 [INFO] src.pipeline — Processing 3099875 ...
2026-03-27 03:22:44,080 [INFO] src.pipeline — Processing 3101011 ...
2026-03-27 03:22:44,166 [INFO] src.pipeline — Processing 3110550 ...
2026-03-27 03:22:44,273 [INFO] src.pipeline — Processing 3113249 ...
2026-03-27 03:22:44,342 [INFO] src.pipeline — Processing 3114582 ...
2026-03-27 03:22:44,413 [INFO] src.pipeline — Processing 3118448 ...
2026-03-27 03:22:44,464 [INFO] src.pipeline — Processing 3128412 ...
2026-03-27 03:22:44,531 [INFO] src.pipeline — Processing 3128947 ...
2026-03-27 03:22:44,626 [INFO] src.pipeline — Processing 3128957 ...
2026-03-27 03:22:44,715 [INFO] src.pipeline — Processing 3133602 ...
2026-03-27 03:22:44,781 [INFO] src.pipeline — Processing 3136075 ...
2026-03-27 03:22:44,839 [INFO] src.pipeline — Processing 3138453 ...
2026-03-27 03:22:44,901 [INFO] src.pipeline — Processing 3139196 ...
2026-03-27 03:22:45,571 [INFO] src.pipeline — Pipeline complete. OK: 356 | PARTIAL: 5 | FAILED: 2
2026-03-27 03:24:37,434 [INFO] src.pipeline — Processing 188981 ...
2026-03-27 03:24:39,774 [INFO] src.pipeline — Processing 251972 ...
2026-03-27 03:24:39,845 [INFO] src.pipeline — Processing 265715 ...
2026-03-27 03:24:39,912 [INFO] src.pipeline — Processing 267628 ...
2026-03-27 03:24:39,980 [INFO] src.pipeline — Processing 267630 ...
2026-03-27 03:24:39,992 [ERROR] src.pipeline — [267630] FAILED: TOO_FEW_RPEAKS: 0
2026-03-27 03:24:39,992 [INFO] src.pipeline — Processing 286830 ...
2026-03-27 03:24:40,062 [INFO] src.pipeline — Processing 287355 ...
2026-03-27 03:24:40,128 [INFO] src.pipeline — Processing 292220 ...
2026-03-27 03:24:40,205 [INFO] src.pipeline — Processing 292666 ...
2026-03-27 03:24:40,277 [INFO] src.pipeline — Processing 304141 ...
2026-03-27 03:24:40,335 [INFO] src.pipeline — Processing 314397 ...
2026-03-27 03:24:40,411 [INFO] src.pipeline — Processing 316872 ...
2026-03-27 03:24:40,470 [INFO] src.pipeline — Processing 317547 ...
2026-03-27 03:24:40,518 [INFO] src.pipeline — Processing 319150 ...
2026-03-27 03:24:40,585 [INFO] src.pipeline — Processing 319221 ...
2026-03-27 03:24:40,661 [INFO] src.pipeline — Processing 325231 ...
2026-03-27 03:24:40,718 [INFO] src.pipeline — Processing 325966 ...
2026-03-27 03:24:40,838 [INFO] src.pipeline — Processing 329034 ...
2026-03-27 03:24:40,992 [INFO] src.pipeline — Processing 329533 ...
2026-03-27 03:24:41,157 [INFO] src.pipeline — Processing 395553 ...
2026-03-27 03:24:41,290 [INFO] src.pipeline — Processing 405298 ...
2026-03-27 03:24:41,398 [INFO] src.pipeline — Processing 406008 ...
2026-03-27 03:24:41,492 [INFO] src.pipeline — Processing 413267 ...
2026-03-27 03:24:41,567 [INFO] src.pipeline — Processing 419510 ...
2026-03-27 03:24:41,603 [INFO] src.pipeline — Processing 419960 ...
2026-03-27 03:24:41,693 [INFO] src.pipeline — Processing 428031 ...
2026-03-27 03:24:41,815 [INFO] src.pipeline — Processing 434996 ...
2026-03-27 03:24:41,904 [INFO] src.pipeline — Processing 438721 ...
2026-03-27 03:24:41,972 [INFO] src.pipeline — Processing 445953 ...
2026-03-27 03:24:42,055 [INFO] src.pipeline — Processing 450733 ...
2026-03-27 03:24:42,138 [INFO] src.pipeline — Processing 460919 ...
2026-03-27 03:24:42,215 [INFO] src.pipeline — Processing 461866 ...
2026-03-27 03:24:42,290 [INFO] src.pipeline — Processing 466796 ...
2026-03-27 03:24:42,358 [INFO] src.pipeline — Processing 471727 ...
2026-03-27 03:24:42,436 [INFO] src.pipeline — Processing 478457 ...
2026-03-27 03:24:42,510 [INFO] src.pipeline — Processing 482516 ...
2026-03-27 03:24:42,579 [INFO] src.pipeline — Processing 482868 ...
2026-03-27 03:24:42,655 [INFO] src.pipeline — Processing 487609 ...
2026-03-27 03:24:42,738 [INFO] src.pipeline — Processing 489539 ...
2026-03-27 03:24:42,819 [INFO] src.pipeline — Processing 505351 ...
2026-03-27 03:24:42,894 [INFO] src.pipeline — Processing 506408 ...
2026-03-27 03:24:42,973 [INFO] src.pipeline — Processing 509648 ...
2026-03-27 03:24:43,074 [INFO] src.pipeline — Processing 516092 ...
2026-03-27 03:24:43,189 [INFO] src.pipeline — Processing 519139 ...
2026-03-27 03:24:43,285 [INFO] src.pipeline — Processing 519687 ...
2026-03-27 03:24:43,368 [INFO] src.pipeline — Processing 532816 ...
2026-03-27 03:24:43,464 [INFO] src.pipeline — Processing 538053 ...
2026-03-27 03:24:43,571 [INFO] src.pipeline — Processing 540736 ...
2026-03-27 03:24:43,687 [INFO] src.pipeline — Processing 548140 ...
2026-03-27 03:24:43,781 [INFO] src.pipeline — Processing 548865 ...
2026-03-27 03:24:43,869 [INFO] src.pipeline — Processing 558967 ...
2026-03-27 03:24:43,940 [INFO] src.pipeline — Processing 571723 ...
2026-03-27 03:24:44,005 [INFO] src.pipeline — Processing 577838 ...
2026-03-27 03:24:44,085 [WARNING] src.pipeline — [577838] PARTIAL: ['BEAT0_V1_J_POINT_LOW_CONFIDENCE', 'BEAT1_V1_J_POINT_LOW_CONFIDENCE', 'BEAT4_V1_J_POINT_LOW_CONFIDENCE', 'BEAT12_V1_J_POINT_LOW_CONFIDENCE', 'BEAT16_V1_J_POINT_LOW_CONFIDENCE']
2026-03-27 03:24:44,085 [INFO] src.pipeline — Processing 580720 ...
2026-03-27 03:24:44,170 [INFO] src.pipeline — Processing 581912 ...
2026-03-27 03:24:44,239 [WARNING] src.pipeline — [581912] PARTIAL: ['BEAT1_V2_J_POINT_LOW_CONFIDENCE']
2026-03-27 03:24:44,239 [INFO] src.pipeline — Processing 592768 ...
2026-03-27 03:24:44,305 [INFO] src.pipeline — Processing 596382 ...
2026-03-27 03:24:44,370 [INFO] src.pipeline — Processing 597251 ...
2026-03-27 03:24:44,450 [INFO] src.pipeline — Processing 613119 ...
2026-03-27 03:24:44,521 [INFO] src.pipeline — Processing 614578 ...
2026-03-27 03:24:44,609 [INFO] src.pipeline — Processing 614707 ...
2026-03-27 03:24:44,676 [INFO] src.pipeline — Processing 622530 ...
2026-03-27 03:24:44,752 [INFO] src.pipeline — Processing 624511 ...
2026-03-27 03:24:44,821 [INFO] src.pipeline — Processing 625190 ...
2026-03-27 03:24:44,886 [INFO] src.pipeline — Processing 641455 ...
2026-03-27 03:24:44,952 [INFO] src.pipeline — Processing 643139 ...
2026-03-27 03:24:45,027 [INFO] src.pipeline — Processing 801261 ...
2026-03-27 03:24:45,131 [INFO] src.pipeline — Processing 806949 ...
2026-03-27 03:24:45,205 [INFO] src.pipeline — Processing 807363 ...
2026-03-27 03:24:45,269 [INFO] src.pipeline — Processing 812209 ...
2026-03-27 03:24:45,337 [INFO] src.pipeline — Processing 812404 ...
2026-03-27 03:24:45,411 [INFO] src.pipeline — Processing 814286 ...
2026-03-27 03:24:45,486 [INFO] src.pipeline — Processing 816929 ...
2026-03-27 03:24:45,562 [INFO] src.pipeline — Processing 819710 ...
2026-03-27 03:24:45,628 [INFO] src.pipeline — Processing 821478 ...
2026-03-27 03:24:45,689 [INFO] src.pipeline — Processing 822108 ...
2026-03-27 03:24:45,760 [INFO] src.pipeline — Processing 822756 ...
2026-03-27 03:24:45,830 [INFO] src.pipeline — Processing 829768 ...
2026-03-27 03:24:45,899 [INFO] src.pipeline — Processing 830179 ...
2026-03-27 03:24:45,973 [INFO] src.pipeline — Processing 841212 ...
2026-03-27 03:24:46,038 [INFO] src.pipeline — Processing 841869 ...
2026-03-27 03:24:46,103 [INFO] src.pipeline — Processing 844915 ...
2026-03-27 03:24:46,154 [INFO] src.pipeline — Processing 849168 ...
2026-03-27 03:24:46,238 [INFO] src.pipeline — Processing 852786 ...
2026-03-27 03:24:46,307 [INFO] src.pipeline — Processing 855592 ...
2026-03-27 03:24:46,387 [INFO] src.pipeline — Processing 865998 ...
2026-03-27 03:24:46,462 [INFO] src.pipeline — Processing 866721 ...
2026-03-27 03:24:46,536 [INFO] src.pipeline — Processing 873255 ...
2026-03-27 03:24:46,600 [INFO] src.pipeline — Processing 878765 ...
2026-03-27 03:24:46,664 [INFO] src.pipeline — Processing 887465 ...
2026-03-27 03:24:46,728 [INFO] src.pipeline — Processing 891754 ...
2026-03-27 03:24:46,808 [INFO] src.pipeline — Processing 894725 ...
2026-03-27 03:24:46,871 [INFO] src.pipeline — Processing 898726 ...
2026-03-27 03:24:46,942 [INFO] src.pipeline — Processing 903442 ...
2026-03-27 03:24:47,012 [INFO] src.pipeline — Processing 903802 ...
2026-03-27 03:24:47,083 [WARNING] src.pipeline — [903802] PARTIAL: ['BEAT9_V2_J_POINT_LOW_CONFIDENCE']
2026-03-27 03:24:47,085 [INFO] src.pipeline — Processing 907736 ...
2026-03-27 03:24:47,137 [INFO] src.pipeline — Processing 913169 ...
2026-03-27 03:24:47,204 [INFO] src.pipeline — Processing 918062 ...
2026-03-27 03:24:47,270 [INFO] src.pipeline — Processing 920037 ...
2026-03-27 03:24:47,343 [INFO] src.pipeline — Processing 921230 ...
2026-03-27 03:24:47,404 [INFO] src.pipeline — Processing 930107 ...
2026-03-27 03:24:47,472 [INFO] src.pipeline — Processing 935156 ...
2026-03-27 03:24:47,533 [INFO] src.pipeline — Processing 938838 ...
2026-03-27 03:24:47,599 [INFO] src.pipeline — Processing 939546 ...
2026-03-27 03:24:47,664 [INFO] src.pipeline — Processing 945345 ...
2026-03-27 03:24:47,731 [INFO] src.pipeline — Processing 952177 ...
2026-03-27 03:24:47,864 [INFO] src.pipeline — Processing 952641 ...
2026-03-27 03:24:48,002 [INFO] src.pipeline — Processing 953976 ...
2026-03-27 03:24:48,068 [INFO] src.pipeline — Processing 958460 ...
2026-03-27 03:24:48,129 [INFO] src.pipeline — Processing 958703 ...
2026-03-27 03:24:48,204 [INFO] src.pipeline — Processing 959843 ...
2026-03-27 03:24:48,272 [INFO] src.pipeline — Processing 960432 ...
2026-03-27 03:24:48,342 [INFO] src.pipeline — Processing 962566 ...
2026-03-27 03:24:48,407 [INFO] src.pipeline — Processing 964469 ...
2026-03-27 03:24:48,472 [INFO] src.pipeline — Processing 965217 ...
2026-03-27 03:24:48,540 [INFO] src.pipeline — Processing 967547 ...
2026-03-27 03:24:48,598 [INFO] src.pipeline — Processing 968556 ...
2026-03-27 03:24:48,674 [INFO] src.pipeline — Processing 969321 ...
2026-03-27 03:24:48,741 [INFO] src.pipeline — Processing 970649 ...
2026-03-27 03:24:48,819 [INFO] src.pipeline — Processing 972048 ...
2026-03-27 03:24:48,894 [INFO] src.pipeline — Processing 972330 ...
2026-03-27 03:24:48,964 [INFO] src.pipeline — Processing 972781 ...
2026-03-27 03:24:49,030 [INFO] src.pipeline — Processing 980284 ...
2026-03-27 03:24:49,098 [INFO] src.pipeline — Processing 982732 ...
2026-03-27 03:24:49,164 [INFO] src.pipeline — Processing 985814 ...
2026-03-27 03:24:49,232 [INFO] src.pipeline — Processing 991528 ...
2026-03-27 03:24:49,296 [INFO] src.pipeline — Processing 994065 ...
2026-03-27 03:24:49,355 [INFO] src.pipeline — Processing 994217 ...
2026-03-27 03:24:49,404 [INFO] src.pipeline — Processing 994515 ...
2026-03-27 03:24:49,471 [INFO] src.pipeline — Processing 998036 ...
2026-03-27 03:24:49,553 [INFO] src.pipeline — Processing 999474 ...
2026-03-27 03:24:49,604 [INFO] src.pipeline — Processing 1009874 ...
2026-03-27 03:24:49,671 [INFO] src.pipeline — Processing 1013884 ...
2026-03-27 03:24:49,737 [INFO] src.pipeline — Processing 1023925 ...
2026-03-27 03:24:49,810 [INFO] src.pipeline — Processing 1036640 ...
2026-03-27 03:24:49,866 [INFO] src.pipeline — Processing 1041375 ...
2026-03-27 03:24:49,933 [INFO] src.pipeline — Processing 1053511 ...
2026-03-27 03:24:49,993 [INFO] src.pipeline — Processing 1054733 ...
2026-03-27 03:24:50,039 [INFO] src.pipeline — Processing 1058085 ...
2026-03-27 03:24:50,114 [INFO] src.pipeline — Processing 1058605 ...
2026-03-27 03:24:50,176 [INFO] src.pipeline — Processing 1061898 ...
2026-03-27 03:24:50,240 [INFO] src.pipeline — Processing 1063368 ...
2026-03-27 03:24:50,313 [INFO] src.pipeline — Processing 1073253 ...
2026-03-27 03:24:50,386 [INFO] src.pipeline — Processing 1074787 ...
2026-03-27 03:24:50,452 [INFO] src.pipeline — Processing 1080968 ...
2026-03-27 03:24:50,527 [INFO] src.pipeline — Processing 1081032 ...
2026-03-27 03:24:50,601 [INFO] src.pipeline — Processing 1081338 ...
2026-03-27 03:24:50,666 [INFO] src.pipeline — Processing 1084994 ...
2026-03-27 03:24:50,740 [INFO] src.pipeline — Processing 1085203 ...
2026-03-27 03:24:50,807 [INFO] src.pipeline — Processing 1087704 ...
2026-03-27 03:24:50,879 [INFO] src.pipeline — Processing 1088175 ...
2026-03-27 03:24:50,941 [INFO] src.pipeline — Processing 1088261 ...
2026-03-27 03:24:51,011 [INFO] src.pipeline — Processing 1088796 ...
2026-03-27 03:24:51,078 [INFO] src.pipeline — Processing 1092237 ...
2026-03-27 03:24:51,137 [WARNING] src.pipeline — [1092237] PARTIAL: ['BEAT0_V1_J_POINT_LOW_CONFIDENCE', 'BEAT1_V1_J_POINT_LOW_CONFIDENCE', 'BEAT2_V1_J_POINT_LOW_CONFIDENCE', 'BEAT3_V1_J_POINT_LOW_CONFIDENCE', 'BEAT4_V1_J_POINT_LOW_CONFIDENCE', 'BEAT5_V1_J_POINT_LOW_CONFIDENCE', 'BEAT6_V1_J_POINT_LOW_CONFIDENCE', 'BEAT7_V1_J_POINT_LOW_CONFIDENCE', 'BEAT8_V1_J_POINT_LOW_CONFIDENCE']
2026-03-27 03:24:51,138 [INFO] src.pipeline — Processing 1093224 ...
2026-03-27 03:24:51,205 [INFO] src.pipeline — Processing 1096625 ...
2026-03-27 03:24:51,278 [INFO] src.pipeline — Processing 1097714 ...
2026-03-27 03:24:51,344 [INFO] src.pipeline — Processing 1098314 ...
2026-03-27 03:24:51,405 [INFO] src.pipeline — Processing 1099262 ...
2026-03-27 03:24:51,480 [INFO] src.pipeline — Processing 1102607 ...
2026-03-27 03:24:51,547 [INFO] src.pipeline — Processing 1103983 ...
2026-03-27 03:24:51,610 [INFO] src.pipeline — Processing 1106149 ...
2026-03-27 03:24:51,685 [INFO] src.pipeline — Processing 1112604 ...
2026-03-27 03:24:51,754 [INFO] src.pipeline — Processing 1117553 ...
2026-03-27 03:24:51,818 [INFO] src.pipeline — Processing 1118251 ...
2026-03-27 03:24:51,889 [INFO] src.pipeline — Processing 1121137 ...
2026-03-27 03:24:51,953 [INFO] src.pipeline — Processing 1122903 ...
2026-03-27 03:24:52,014 [INFO] src.pipeline — Processing 1124825 ...
2026-03-27 03:24:52,081 [INFO] src.pipeline — Processing 1124826 ...
2026-03-27 03:24:52,140 [INFO] src.pipeline — Processing 1128835 ...
2026-03-27 03:24:52,188 [INFO] src.pipeline — Processing 1134284 ...
2026-03-27 03:24:52,255 [INFO] src.pipeline — Processing 1135434 ...
2026-03-27 03:24:52,334 [INFO] src.pipeline — Processing 1138153 ...
2026-03-27 03:24:52,394 [INFO] src.pipeline — Processing 1141322 ...
2026-03-27 03:24:52,457 [INFO] src.pipeline — Processing 1142915 ...
2026-03-27 03:24:52,540 [INFO] src.pipeline — Processing 1145203 ...
2026-03-27 03:24:52,600 [INFO] src.pipeline — Processing 1146063 ...
2026-03-27 03:24:52,663 [INFO] src.pipeline — Processing 1147684 ...
2026-03-27 03:24:52,731 [INFO] src.pipeline — Processing 1148718 ...
2026-03-27 03:24:52,799 [INFO] src.pipeline — Processing 1152054 ...
2026-03-27 03:24:52,865 [INFO] src.pipeline — Processing 1157038 ...
2026-03-27 03:24:52,928 [INFO] src.pipeline — Processing 1160261 ...
2026-03-27 03:24:52,993 [INFO] src.pipeline — Processing 1165447 ...
2026-03-27 03:24:53,063 [INFO] src.pipeline — Processing 1165448 ...
2026-03-27 03:24:53,130 [INFO] src.pipeline — Processing 1169405 ...
2026-03-27 03:24:53,205 [INFO] src.pipeline — Processing 1172602 ...
2026-03-27 03:24:53,275 [INFO] src.pipeline — Processing 1176675 ...
2026-03-27 03:24:53,340 [INFO] src.pipeline — Processing 1177018 ...
2026-03-27 03:24:53,409 [INFO] src.pipeline — Processing 1180702 ...
2026-03-27 03:24:53,475 [INFO] src.pipeline — Processing 1183349 ...
2026-03-27 03:24:53,542 [INFO] src.pipeline — Processing 1184742 ...
2026-03-27 03:24:53,614 [INFO] src.pipeline — Processing 1187599 ...
2026-03-27 03:24:53,674 [INFO] src.pipeline — Processing 1188747 ...
2026-03-27 03:24:53,743 [INFO] src.pipeline — Processing 1190805 ...
2026-03-27 03:24:53,804 [INFO] src.pipeline — Processing 1191551 ...
2026-03-27 03:24:53,869 [INFO] src.pipeline — Processing 1191595 ...
2026-03-27 03:24:53,940 [INFO] src.pipeline — Processing 1192135 ...
2026-03-27 03:24:54,005 [INFO] src.pipeline — Processing 1192146 ...
2026-03-27 03:24:54,084 [INFO] src.pipeline — Processing 1192654 ...
2026-03-27 03:24:54,149 [INFO] src.pipeline — Processing 1197538 ...
2026-03-27 03:24:54,239 [INFO] src.pipeline — Processing 1199480 ...
2026-03-27 03:24:54,310 [INFO] src.pipeline — Processing 1199517 ...
2026-03-27 03:24:54,370 [INFO] src.pipeline — Processing 1199593 ...
2026-03-27 03:24:54,433 [INFO] src.pipeline — Processing 1202306 ...
2026-03-27 03:24:54,506 [INFO] src.pipeline — Processing 1207769 ...
2026-03-27 03:24:54,586 [INFO] src.pipeline — Processing 1207947 ...
2026-03-27 03:24:54,639 [INFO] src.pipeline — Processing 1214441 ...
2026-03-27 03:24:54,715 [INFO] src.pipeline — Processing 1220716 ...
2026-03-27 03:24:54,787 [INFO] src.pipeline — Processing 1221590 ...
2026-03-27 03:24:54,848 [INFO] src.pipeline — Processing 1223519 ...
2026-03-27 03:24:54,937 [INFO] src.pipeline — Processing 1224102 ...
2026-03-27 03:24:55,007 [INFO] src.pipeline — Processing 1228746 ...
2026-03-27 03:24:55,070 [INFO] src.pipeline — Processing 1230482 ...
2026-03-27 03:24:55,086 [ERROR] src.pipeline — [1230482] FAILED: TOO_FEW_VALID_BEATS:0
2026-03-27 03:24:55,086 [INFO] src.pipeline — Processing 1231339 ...
2026-03-27 03:24:55,155 [INFO] src.pipeline — Processing 1235674 ...
2026-03-27 03:24:55,228 [INFO] src.pipeline — Processing 1236012 ...
2026-03-27 03:24:55,297 [INFO] src.pipeline — Processing 1237748 ...
2026-03-27 03:24:55,359 [INFO] src.pipeline — Processing 1238446 ...
2026-03-27 03:24:55,434 [INFO] src.pipeline — Processing 1238671 ...
2026-03-27 03:24:55,502 [INFO] src.pipeline — Processing 1242678 ...
2026-03-27 03:24:55,572 [INFO] src.pipeline — Processing 1244867 ...
2026-03-27 03:24:55,630 [INFO] src.pipeline — Processing 1248576 ...
2026-03-27 03:24:55,697 [INFO] src.pipeline — Processing 1248611 ...
2026-03-27 03:24:55,762 [INFO] src.pipeline — Processing 1252288 ...
2026-03-27 03:24:55,830 [INFO] src.pipeline — Processing 1254062 ...
2026-03-27 03:24:55,891 [INFO] src.pipeline — Processing 1254171 ...
2026-03-27 03:24:56,065 [INFO] src.pipeline — Processing 1254267 ...
2026-03-27 03:24:56,220 [INFO] src.pipeline — Processing 1259391 ...
2026-03-27 03:24:56,282 [INFO] src.pipeline — Processing 1263008 ...
2026-03-27 03:24:56,351 [INFO] src.pipeline — Processing 1270798 ...
2026-03-27 03:24:56,416 [INFO] src.pipeline — Processing 1272319 ...
2026-03-27 03:24:56,491 [INFO] src.pipeline — Processing 1272821 ...
2026-03-27 03:24:56,556 [INFO] src.pipeline — Processing 1274776 ...
2026-03-27 03:24:56,621 [INFO] src.pipeline — Processing 1275329 ...
2026-03-27 03:24:56,687 [INFO] src.pipeline — Processing 1277374 ...
2026-03-27 03:24:56,774 [INFO] src.pipeline — Processing 1278746 ...
2026-03-27 03:24:56,846 [INFO] src.pipeline — Processing 1280588 ...
2026-03-27 03:24:56,908 [INFO] src.pipeline — Processing 1281380 ...
2026-03-27 03:24:56,972 [INFO] src.pipeline — Processing 1284182 ...
2026-03-27 03:24:57,038 [INFO] src.pipeline — Processing 1285404 ...
2026-03-27 03:24:57,118 [INFO] src.pipeline — Processing 1286512 ...
2026-03-27 03:24:57,185 [INFO] src.pipeline — Processing 1290629 ...
2026-03-27 03:24:57,251 [INFO] src.pipeline — Processing 1290807 ...
2026-03-27 03:24:57,313 [INFO] src.pipeline — Processing 1294540 ...
2026-03-27 03:24:57,381 [INFO] src.pipeline — Processing 1297151 ...
2026-03-27 03:24:57,445 [INFO] src.pipeline — Processing 1297765 ...
2026-03-27 03:24:57,510 [INFO] src.pipeline — Processing 1297767 ...
2026-03-27 03:24:57,588 [INFO] src.pipeline — Processing 1298469 ...
2026-03-27 03:24:57,658 [INFO] src.pipeline — Processing 1303729 ...
2026-03-27 03:24:57,724 [INFO] src.pipeline — Processing 1305051 ...
2026-03-27 03:24:57,789 [INFO] src.pipeline — Processing 1307673 ...
2026-03-27 03:24:57,849 [INFO] src.pipeline — Processing 1307716 ...
2026-03-27 03:24:57,907 [INFO] src.pipeline — Processing 1309300 ...
2026-03-27 03:24:57,969 [INFO] src.pipeline — Processing 1310052 ...
2026-03-27 03:24:58,038 [INFO] src.pipeline — Processing 1312303 ...
2026-03-27 03:24:58,106 [INFO] src.pipeline — Processing 1313974 ...
2026-03-27 03:24:58,164 [INFO] src.pipeline — Processing 1316784 ...
2026-03-27 03:24:58,223 [INFO] src.pipeline — Processing 1318568 ...
2026-03-27 03:24:58,297 [INFO] src.pipeline — Processing 1326991 ...
2026-03-27 03:24:58,363 [INFO] src.pipeline — Processing 1327775 ...
2026-03-27 03:24:58,426 [INFO] src.pipeline — Processing 1327784 ...
2026-03-27 03:24:58,499 [INFO] src.pipeline — Processing 1332388 ...
2026-03-27 03:24:58,560 [INFO] src.pipeline — Processing 1336243 ...
2026-03-27 03:24:58,624 [INFO] src.pipeline — Processing 1337461 ...
2026-03-27 03:24:58,705 [INFO] src.pipeline — Processing 1338772 ...
2026-03-27 03:24:58,795 [INFO] src.pipeline — Processing 1338780 ...
2026-03-27 03:24:58,872 [INFO] src.pipeline — Processing 1342979 ...
2026-03-27 03:24:58,955 [INFO] src.pipeline — Processing 1344639 ...
2026-03-27 03:24:59,032 [INFO] src.pipeline — Processing 1346727 ...
2026-03-27 03:24:59,108 [INFO] src.pipeline — Processing 1350930 ...
2026-03-27 03:24:59,173 [INFO] src.pipeline — Processing 1357325 ...
2026-03-27 03:24:59,243 [INFO] src.pipeline — Processing 1358245 ...
2026-03-27 03:24:59,310 [INFO] src.pipeline — Processing 1360656 ...
2026-03-27 03:24:59,372 [INFO] src.pipeline — Processing 1366050 ...
2026-03-27 03:24:59,442 [INFO] src.pipeline — Processing 1366637 ...
2026-03-27 03:24:59,507 [INFO] src.pipeline — Processing 1370418 ...
2026-03-27 03:24:59,566 [INFO] src.pipeline — Processing 1370819 ...
2026-03-27 03:24:59,640 [INFO] src.pipeline — Processing 1371132 ...
2026-03-27 03:24:59,709 [INFO] src.pipeline — Processing 1371554 ...
2026-03-27 03:24:59,777 [INFO] src.pipeline — Processing 1372180 ...
2026-03-27 03:24:59,845 [INFO] src.pipeline — Processing 1372181 ...
2026-03-27 03:24:59,918 [INFO] src.pipeline — Processing 1381534 ...
2026-03-27 03:24:59,989 [INFO] src.pipeline — Processing 1382112 ...
2026-03-27 03:25:00,063 [INFO] src.pipeline — Processing 1383335 ...
2026-03-27 03:25:00,133 [INFO] src.pipeline — Processing 1385747 ...
2026-03-27 03:25:00,199 [INFO] src.pipeline — Processing 1386698 ...
2026-03-27 03:25:00,263 [INFO] src.pipeline — Processing 1390489 ...
2026-03-27 03:25:00,330 [INFO] src.pipeline — Processing 1403173 ...
2026-03-27 03:25:00,373 [INFO] src.pipeline — Processing 1404688 ...
2026-03-27 03:25:00,440 [INFO] src.pipeline — Processing 1407660 ...
2026-03-27 03:25:00,519 [INFO] src.pipeline — Processing 1408290 ...
2026-03-27 03:25:00,584 [INFO] src.pipeline — Processing 1414022 ...
2026-03-27 03:25:00,651 [INFO] src.pipeline — Processing 1414967 ...
2026-03-27 03:25:00,722 [INFO] src.pipeline — Processing 1416483 ...
2026-03-27 03:25:00,783 [INFO] src.pipeline — Processing 1417008 ...
2026-03-27 03:25:00,839 [INFO] src.pipeline — Processing 1418000 ...
2026-03-27 03:25:00,890 [INFO] src.pipeline — Processing 1419825 ...
2026-03-27 03:25:00,965 [INFO] src.pipeline — Processing 1421261 ...
2026-03-27 03:25:01,034 [INFO] src.pipeline — Processing 1421316 ...
2026-03-27 03:25:01,094 [INFO] src.pipeline — Processing 1422523 ...
2026-03-27 03:25:01,158 [INFO] src.pipeline — Processing 1422770 ...
2026-03-27 03:25:01,222 [INFO] src.pipeline — Processing 1423789 ...
2026-03-27 03:25:01,273 [INFO] src.pipeline — Processing 1424148 ...
2026-03-27 03:25:01,353 [INFO] src.pipeline — Processing 1425960 ...
2026-03-27 03:25:01,421 [INFO] src.pipeline — Processing 1426919 ...
2026-03-27 03:25:01,485 [INFO] src.pipeline — Processing 2187085 ...
2026-03-27 03:25:01,553 [INFO] src.pipeline — Processing 2635972 ...
2026-03-27 03:25:01,621 [INFO] src.pipeline — Processing 3003692 ...
2026-03-27 03:25:01,686 [INFO] src.pipeline — Processing 3004284 ...
2026-03-27 03:25:01,753 [INFO] src.pipeline — Processing 3006598 ...
2026-03-27 03:25:01,816 [INFO] src.pipeline — Processing 3007664 ...
2026-03-27 03:25:01,879 [INFO] src.pipeline — Processing 3009538 ...
2026-03-27 03:25:01,934 [INFO] src.pipeline — Processing 3009950 ...
2026-03-27 03:25:01,999 [INFO] src.pipeline — Processing 3015438 ...
2026-03-27 03:25:02,073 [INFO] src.pipeline — Processing 3015440 ...
2026-03-27 03:25:02,137 [INFO] src.pipeline — Processing 3015449 ...
2026-03-27 03:25:02,202 [INFO] src.pipeline — Processing 3016396 ...
2026-03-27 03:25:02,267 [INFO] src.pipeline — Processing 3016401 ...
2026-03-27 03:25:02,333 [INFO] src.pipeline — Processing 3028930 ...
2026-03-27 03:25:02,397 [INFO] src.pipeline — Processing 3030937 ...
2026-03-27 03:25:02,462 [INFO] src.pipeline — Processing 3035210 ...
2026-03-27 03:25:02,527 [INFO] src.pipeline — Processing 3037390 ...
2026-03-27 03:25:02,594 [INFO] src.pipeline — Processing 3037617 ...
2026-03-27 03:25:02,659 [INFO] src.pipeline — Processing 3043155 ...
2026-03-27 03:25:02,726 [INFO] src.pipeline — Processing 3044775 ...
2026-03-27 03:25:02,793 [INFO] src.pipeline — Processing 3045053 ...
2026-03-27 03:25:02,857 [INFO] src.pipeline — Processing 3045059 ...
2026-03-27 03:25:02,921 [INFO] src.pipeline — Processing 3045751 ...
2026-03-27 03:25:02,981 [INFO] src.pipeline — Processing 3058024 ...
2026-03-27 03:25:03,053 [INFO] src.pipeline — Processing 3058134 ...
2026-03-27 03:25:03,113 [INFO] src.pipeline — Processing 3062045 ...
2026-03-27 03:25:03,176 [INFO] src.pipeline — Processing 3064724 ...
2026-03-27 03:25:03,223 [INFO] src.pipeline — Processing 3065295 ...
2026-03-27 03:25:03,304 [INFO] src.pipeline — Processing 3067191 ...
2026-03-27 03:25:03,357 [INFO] src.pipeline — Processing 3067196 ...
2026-03-27 03:25:03,438 [INFO] src.pipeline — Processing 3071151 ...
2026-03-27 03:25:03,497 [INFO] src.pipeline — Processing 3072833 ...
2026-03-27 03:25:03,577 [INFO] src.pipeline — Processing 3072836 ...
2026-03-27 03:25:03,644 [INFO] src.pipeline — Processing 3073346 ...
2026-03-27 03:25:03,707 [INFO] src.pipeline — Processing 3074751 ...
2026-03-27 03:25:03,770 [INFO] src.pipeline — Processing 3075260 ...
2026-03-27 03:25:03,835 [INFO] src.pipeline — Processing 3080118 ...
2026-03-27 03:25:03,904 [INFO] src.pipeline — Processing 3080186 ...
2026-03-27 03:25:03,965 [INFO] src.pipeline — Processing 3092472 ...
2026-03-27 03:25:04,028 [INFO] src.pipeline — Processing 3093924 ...
2026-03-27 03:25:04,095 [INFO] src.pipeline — Processing 3094047 ...
2026-03-27 03:25:04,222 [INFO] src.pipeline — Processing 3094049 ...
2026-03-27 03:25:04,349 [WARNING] src.pipeline — [3094049] PARTIAL: ['BEAT2_V1_J_POINT_LOW_CONFIDENCE', 'BEAT4_V1_J_POINT_LOW_CONFIDENCE', 'BEAT5_V1_J_POINT_LOW_CONFIDENCE', 'BEAT6_V1_J_POINT_LOW_CONFIDENCE', 'BEAT7_V1_J_POINT_LOW_CONFIDENCE']
2026-03-27 03:25:04,350 [INFO] src.pipeline — Processing 3095195 ...
2026-03-27 03:25:04,408 [INFO] src.pipeline — Processing 3095200 ...
2026-03-27 03:25:04,478 [INFO] src.pipeline — Processing 3096254 ...
2026-03-27 03:25:04,546 [INFO] src.pipeline — Processing 3099875 ...
2026-03-27 03:25:04,611 [INFO] src.pipeline — Processing 3101011 ...
2026-03-27 03:25:04,668 [INFO] src.pipeline — Processing 3110550 ...
2026-03-27 03:25:04,733 [INFO] src.pipeline — Processing 3113249 ...
2026-03-27 03:25:04,797 [INFO] src.pipeline — Processing 3114582 ...
2026-03-27 03:25:04,865 [INFO] src.pipeline — Processing 3118448 ...
2026-03-27 03:25:04,926 [INFO] src.pipeline — Processing 3128412 ...
2026-03-27 03:25:04,991 [INFO] src.pipeline — Processing 3128947 ...
2026-03-27 03:25:05,052 [INFO] src.pipeline — Processing 3128957 ...
2026-03-27 03:25:05,116 [INFO] src.pipeline — Processing 3133602 ...
2026-03-27 03:25:05,190 [INFO] src.pipeline — Processing 3136075 ...
2026-03-27 03:25:05,249 [INFO] src.pipeline — Processing 3138453 ...
2026-03-27 03:25:05,314 [INFO] src.pipeline — Processing 3139196 ...
2026-03-27 03:25:05,912 [INFO] src.pipeline — Pipeline complete. OK: 356 | PARTIAL: 5 | FAILED: 2
2026-03-27 15:25:13,215 [INFO] src.pipeline — Processing 188981 ...
2026-03-27 15:25:21,167 [INFO] src.pipeline — Processing 251972 ...
2026-03-27 15:25:21,325 [INFO] src.pipeline — Processing 265715 ...
2026-03-27 15:25:21,432 [INFO] src.pipeline — Processing 267628 ...
2026-03-27 15:25:21,552 [INFO] src.pipeline — Processing 267630 ...
2026-03-27 15:25:21,608 [ERROR] src.pipeline — [267630] FAILED: TOO_FEW_RPEAKS: 0
2026-03-27 15:25:21,609 [INFO] src.pipeline — Processing 286830 ...
2026-03-27 15:25:21,728 [INFO] src.pipeline — Processing 287355 ...
2026-03-27 15:25:21,853 [INFO] src.pipeline — Processing 292220 ...
2026-03-27 15:25:21,974 [INFO] src.pipeline — Processing 292666 ...
2026-03-27 15:25:22,090 [INFO] src.pipeline — Processing 304141 ...
2026-03-27 15:25:22,199 [INFO] src.pipeline — Processing 314397 ...
2026-03-27 15:25:22,334 [INFO] src.pipeline — Processing 316872 ...
2026-03-27 15:25:22,458 [INFO] src.pipeline — Processing 317547 ...
2026-03-27 15:25:22,568 [INFO] src.pipeline — Processing 319150 ...
2026-03-27 15:25:22,692 [INFO] src.pipeline — Processing 319221 ...
2026-03-27 15:25:22,976 [INFO] src.pipeline — Processing 325231 ...
2026-03-27 15:25:23,175 [INFO] src.pipeline — Processing 325966 ...
2026-03-27 15:25:23,288 [INFO] src.pipeline — Processing 329034 ...
2026-03-27 15:25:23,639 [INFO] src.pipeline — Processing 329533 ...
2026-03-27 15:25:23,920 [INFO] src.pipeline — Processing 395553 ...
2026-03-27 15:25:24,210 [INFO] src.pipeline — Processing 405298 ...
2026-03-27 15:25:24,460 [INFO] src.pipeline — Processing 406008 ...
2026-03-27 15:25:24,583 [INFO] src.pipeline — Processing 413267 ...
2026-03-27 15:25:24,712 [INFO] src.pipeline — Processing 419510 ...
2026-03-27 15:25:24,816 [INFO] src.pipeline — Processing 419960 ...
2026-03-27 15:25:24,918 [INFO] src.pipeline — Processing 428031 ...
2026-03-27 15:25:25,009 [INFO] src.pipeline — Processing 434996 ...
2026-03-27 15:25:25,112 [INFO] src.pipeline — Processing 438721 ...
2026-03-27 15:25:25,211 [INFO] src.pipeline — Processing 445953 ...
2026-03-27 15:25:25,326 [INFO] src.pipeline — Processing 450733 ...
2026-03-27 15:25:25,423 [INFO] src.pipeline — Processing 460919 ...
2026-03-27 15:25:25,530 [INFO] src.pipeline — Processing 461866 ...
2026-03-27 15:25:25,638 [INFO] src.pipeline — Processing 466796 ...
2026-03-27 15:25:25,727 [INFO] src.pipeline — Processing 471727 ...
2026-03-27 15:25:25,897 [INFO] src.pipeline — Processing 478457 ...
2026-03-27 15:25:26,000 [INFO] src.pipeline — Processing 482516 ...
2026-03-27 15:25:26,131 [INFO] src.pipeline — Processing 482868 ...
2026-03-27 15:25:26,244 [INFO] src.pipeline — Processing 487609 ...
2026-03-27 15:25:26,339 [INFO] src.pipeline — Processing 489539 ...
2026-03-27 15:25:26,444 [INFO] src.pipeline — Processing 505351 ...
2026-03-27 15:25:26,532 [INFO] src.pipeline — Processing 506408 ...
2026-03-27 15:25:26,628 [INFO] src.pipeline — Processing 509648 ...
2026-03-27 15:25:26,728 [INFO] src.pipeline — Processing 516092 ...
2026-03-27 15:25:26,820 [INFO] src.pipeline — Processing 519139 ...
2026-03-27 15:25:26,919 [INFO] src.pipeline — Processing 519687 ...
2026-03-27 15:25:27,018 [INFO] src.pipeline — Processing 532816 ...
2026-03-27 15:25:27,120 [INFO] src.pipeline — Processing 538053 ...
2026-03-27 15:25:27,237 [INFO] src.pipeline — Processing 540736 ...
2026-03-27 15:25:27,350 [INFO] src.pipeline — Processing 548140 ...
2026-03-27 15:25:27,459 [INFO] src.pipeline — Processing 548865 ...
2026-03-27 15:25:27,552 [INFO] src.pipeline — Processing 558967 ...
2026-03-27 15:25:27,643 [INFO] src.pipeline — Processing 571723 ...
2026-03-27 15:25:27,732 [INFO] src.pipeline — Processing 577838 ...
2026-03-27 15:25:27,865 [WARNING] src.pipeline — [577838] PARTIAL: ['BEAT0_V1_J_POINT_LOW_CONFIDENCE', 'BEAT1_V1_J_POINT_LOW_CONFIDENCE', 'BEAT4_V1_J_POINT_LOW_CONFIDENCE', 'BEAT12_V1_J_POINT_LOW_CONFIDENCE', 'BEAT16_V1_J_POINT_LOW_CONFIDENCE']
2026-03-27 15:25:27,866 [INFO] src.pipeline — Processing 580720 ...
2026-03-27 15:25:27,992 [INFO] src.pipeline — Processing 581912 ...
2026-03-27 15:25:28,087 [WARNING] src.pipeline — [581912] PARTIAL: ['BEAT1_V2_J_POINT_LOW_CONFIDENCE']
2026-03-27 15:25:28,089 [INFO] src.pipeline — Processing 592768 ...
2026-03-27 15:25:28,185 [INFO] src.pipeline — Processing 596382 ...
2026-03-27 15:25:28,286 [INFO] src.pipeline — Processing 597251 ...
2026-03-27 15:25:28,387 [INFO] src.pipeline — Processing 613119 ...
2026-03-27 15:25:28,481 [INFO] src.pipeline — Processing 614578 ...
2026-03-27 15:25:28,570 [INFO] src.pipeline — Processing 614707 ...
2026-03-27 15:25:28,665 [INFO] src.pipeline — Processing 622530 ...
2026-03-27 15:25:28,765 [INFO] src.pipeline — Processing 624511 ...
2026-03-27 15:25:28,846 [INFO] src.pipeline — Processing 625190 ...
2026-03-27 15:25:28,944 [INFO] src.pipeline — Processing 641455 ...
2026-03-27 15:25:29,052 [INFO] src.pipeline — Processing 643139 ...
2026-03-27 15:25:29,144 [INFO] src.pipeline — Processing 801261 ...
2026-03-27 15:25:29,247 [INFO] src.pipeline — Processing 806949 ...
2026-03-27 15:25:29,358 [INFO] src.pipeline — Processing 807363 ...
2026-03-27 15:25:29,454 [INFO] src.pipeline — Processing 812209 ...
2026-03-27 15:25:29,612 [INFO] src.pipeline — Processing 812404 ...
2026-03-27 15:25:29,804 [INFO] src.pipeline — Processing 814286 ...
2026-03-27 15:25:29,926 [INFO] src.pipeline — Processing 816929 ...
2026-03-27 15:25:30,063 [INFO] src.pipeline — Processing 819710 ...
2026-03-27 15:25:30,178 [INFO] src.pipeline — Processing 821478 ...
2026-03-27 15:25:30,302 [INFO] src.pipeline — Processing 822108 ...
2026-03-27 15:25:30,412 [INFO] src.pipeline — Processing 822756 ...
2026-03-27 15:25:30,529 [INFO] src.pipeline — Processing 829768 ...
2026-03-27 15:25:30,616 [INFO] src.pipeline — Processing 830179 ...
2026-03-27 15:25:30,704 [INFO] src.pipeline — Processing 841212 ...
2026-03-27 15:25:30,825 [INFO] src.pipeline — Processing 841869 ...
2026-03-27 15:25:30,947 [INFO] src.pipeline — Processing 844915 ...
2026-03-27 15:25:31,071 [INFO] src.pipeline — Processing 849168 ...
2026-03-27 15:25:31,191 [INFO] src.pipeline — Processing 852786 ...
2026-03-27 15:25:31,317 [INFO] src.pipeline — Processing 855592 ...
2026-03-27 15:25:31,433 [INFO] src.pipeline — Processing 865998 ...
2026-03-27 15:25:31,551 [INFO] src.pipeline — Processing 866721 ...
2026-03-27 15:25:31,684 [INFO] src.pipeline — Processing 873255 ...
2026-03-27 15:25:31,789 [INFO] src.pipeline — Processing 878765 ...
2026-03-27 15:25:31,878 [INFO] src.pipeline — Processing 887465 ...
2026-03-27 15:25:31,980 [INFO] src.pipeline — Processing 891754 ...
2026-03-27 15:25:32,092 [INFO] src.pipeline — Processing 894725 ...
2026-03-27 15:25:32,187 [INFO] src.pipeline — Processing 898726 ...
2026-03-27 15:25:32,383 [INFO] src.pipeline — Processing 903442 ...
2026-03-27 15:25:32,605 [INFO] src.pipeline — Processing 903802 ...
2026-03-27 15:25:32,695 [WARNING] src.pipeline — [903802] PARTIAL: ['BEAT9_V2_J_POINT_LOW_CONFIDENCE']
2026-03-27 15:25:32,695 [INFO] src.pipeline — Processing 907736 ...
2026-03-27 15:25:32,806 [INFO] src.pipeline — Processing 913169 ...
2026-03-27 15:25:32,901 [INFO] src.pipeline — Processing 918062 ...
2026-03-27 15:25:33,022 [INFO] src.pipeline — Processing 920037 ...
2026-03-27 15:25:33,174 [INFO] src.pipeline — Processing 921230 ...
2026-03-27 15:25:33,338 [INFO] src.pipeline — Processing 930107 ...
2026-03-27 15:25:33,467 [INFO] src.pipeline — Processing 935156 ...
2026-03-27 15:25:33,595 [INFO] src.pipeline — Processing 938838 ...
2026-03-27 15:25:33,717 [INFO] src.pipeline — Processing 939546 ...
2026-03-27 15:25:33,861 [INFO] src.pipeline — Processing 945345 ...
2026-03-27 15:25:33,954 [INFO] src.pipeline — Processing 952177 ...
2026-03-27 15:25:34,060 [INFO] src.pipeline — Processing 952641 ...
2026-03-27 15:25:34,181 [INFO] src.pipeline — Processing 953976 ...
2026-03-27 15:25:34,311 [INFO] src.pipeline — Processing 958460 ...
2026-03-27 15:25:34,427 [INFO] src.pipeline — Processing 958703 ...
2026-03-27 15:25:34,584 [INFO] src.pipeline — Processing 959843 ...
2026-03-27 15:25:34,714 [INFO] src.pipeline — Processing 960432 ...
2026-03-27 15:25:34,830 [INFO] src.pipeline — Processing 962566 ...
2026-03-27 15:25:34,947 [INFO] src.pipeline — Processing 964469 ...
2026-03-27 15:25:35,050 [INFO] src.pipeline — Processing 965217 ...
2026-03-27 15:25:35,148 [INFO] src.pipeline — Processing 967547 ...
2026-03-27 15:25:35,262 [INFO] src.pipeline — Processing 968556 ...
2026-03-27 15:25:35,383 [INFO] src.pipeline — Processing 969321 ...
2026-03-27 15:25:35,462 [INFO] src.pipeline — Processing 970649 ...
2026-03-27 15:25:35,563 [INFO] src.pipeline — Processing 972048 ...
2026-03-27 15:25:35,680 [INFO] src.pipeline — Processing 972330 ...
2026-03-27 15:25:35,784 [INFO] src.pipeline — Processing 972781 ...
2026-03-27 15:25:35,879 [INFO] src.pipeline — Processing 980284 ...
2026-03-27 15:25:35,964 [INFO] src.pipeline — Processing 982732 ...
2026-03-27 15:25:36,066 [INFO] src.pipeline — Processing 985814 ...
2026-03-27 15:25:36,162 [INFO] src.pipeline — Processing 991528 ...
2026-03-27 15:25:36,262 [INFO] src.pipeline — Processing 994065 ...
2026-03-27 15:25:36,350 [INFO] src.pipeline — Processing 994217 ...
2026-03-27 15:25:36,473 [INFO] src.pipeline — Processing 994515 ...
2026-03-27 15:25:36,582 [INFO] src.pipeline — Processing 998036 ...
2026-03-27 15:25:36,669 [INFO] src.pipeline — Processing 999474 ...
2026-03-27 15:25:36,802 [INFO] src.pipeline — Processing 1009874 ...
2026-03-27 15:25:36,872 [INFO] src.pipeline — Processing 1013884 ...
2026-03-27 15:25:36,928 [INFO] src.pipeline — Processing 1023925 ...
2026-03-27 15:25:37,004 [INFO] src.pipeline — Processing 1036640 ...
2026-03-27 15:25:37,104 [INFO] src.pipeline — Processing 1041375 ...
2026-03-27 15:25:37,196 [INFO] src.pipeline — Processing 1053511 ...
2026-03-27 15:25:37,297 [INFO] src.pipeline — Processing 1054733 ...
2026-03-27 15:25:37,397 [INFO] src.pipeline — Processing 1058085 ...
2026-03-27 15:25:37,498 [INFO] src.pipeline — Processing 1058605 ...
2026-03-27 15:25:37,614 [INFO] src.pipeline — Processing 1061898 ...
2026-03-27 15:25:37,724 [INFO] src.pipeline — Processing 1063368 ...
2026-03-27 15:25:37,856 [INFO] src.pipeline — Processing 1073253 ...
2026-03-27 15:25:38,006 [INFO] src.pipeline — Processing 1074787 ...
2026-03-27 15:25:38,143 [INFO] src.pipeline — Processing 1080968 ...
2026-03-27 15:25:38,268 [INFO] src.pipeline — Processing 1081032 ...
2026-03-27 15:25:38,380 [INFO] src.pipeline — Processing 1081338 ...
2026-03-27 15:25:38,483 [INFO] src.pipeline — Processing 1084994 ...
2026-03-27 15:25:38,581 [INFO] src.pipeline — Processing 1085203 ...
2026-03-27 15:25:38,686 [INFO] src.pipeline — Processing 1087704 ...
2026-03-27 15:25:38,787 [INFO] src.pipeline — Processing 1088175 ...
2026-03-27 15:25:38,881 [INFO] src.pipeline — Processing 1088261 ...
2026-03-27 15:25:38,994 [INFO] src.pipeline — Processing 1088796 ...
2026-03-27 15:25:39,098 [INFO] src.pipeline — Processing 1092237 ...
2026-03-27 15:25:39,200 [WARNING] src.pipeline — [1092237] PARTIAL: ['BEAT0_V1_J_POINT_LOW_CONFIDENCE', 'BEAT1_V1_J_POINT_LOW_CONFIDENCE', 'BEAT2_V1_J_POINT_LOW_CONFIDENCE', 'BEAT3_V1_J_POINT_LOW_CONFIDENCE', 'BEAT4_V1_J_POINT_LOW_CONFIDENCE', 'BEAT5_V1_J_POINT_LOW_CONFIDENCE', 'BEAT6_V1_J_POINT_LOW_CONFIDENCE', 'BEAT7_V1_J_POINT_LOW_CONFIDENCE', 'BEAT8_V1_J_POINT_LOW_CONFIDENCE']
2026-03-27 15:25:39,203 [INFO] src.pipeline — Processing 1093224 ...
2026-03-27 15:25:39,316 [INFO] src.pipeline — Processing 1096625 ...
2026-03-27 15:25:39,454 [INFO] src.pipeline — Processing 1097714 ...
2026-03-27 15:25:39,635 [INFO] src.pipeline — Processing 1098314 ...
2026-03-27 15:25:39,745 [INFO] src.pipeline — Processing 1099262 ...
2026-03-27 15:25:39,874 [INFO] src.pipeline — Processing 1102607 ...
2026-03-27 15:25:40,036 [INFO] src.pipeline — Processing 1103983 ...
2026-03-27 15:25:40,183 [INFO] src.pipeline — Processing 1106149 ...
2026-03-27 15:25:40,318 [INFO] src.pipeline — Processing 1112604 ...
2026-03-27 15:25:40,469 [INFO] src.pipeline — Processing 1117553 ...
2026-03-27 15:25:40,591 [INFO] src.pipeline — Processing 1118251 ...
2026-03-27 15:25:40,717 [INFO] src.pipeline — Processing 1121137 ...
2026-03-27 15:25:40,813 [INFO] src.pipeline — Processing 1122903 ...
2026-03-27 15:25:40,918 [INFO] src.pipeline — Processing 1124825 ...
2026-03-27 15:25:41,047 [INFO] src.pipeline — Processing 1124826 ...
2026-03-27 15:25:41,132 [INFO] src.pipeline — Processing 1128835 ...
2026-03-27 15:25:41,228 [INFO] src.pipeline — Processing 1134284 ...
2026-03-27 15:25:41,314 [INFO] src.pipeline — Processing 1135434 ...
2026-03-27 15:25:41,434 [INFO] src.pipeline — Processing 1138153 ...
2026-03-27 15:25:41,529 [INFO] src.pipeline — Processing 1141322 ...
2026-03-27 15:25:41,614 [INFO] src.pipeline — Processing 1142915 ...
2026-03-27 15:25:41,731 [INFO] src.pipeline — Processing 1145203 ...
2026-03-27 15:25:41,832 [INFO] src.pipeline — Processing 1146063 ...
2026-03-27 15:25:41,923 [INFO] src.pipeline — Processing 1147684 ...
2026-03-27 15:25:42,032 [INFO] src.pipeline — Processing 1148718 ...
2026-03-27 15:25:42,149 [INFO] src.pipeline — Processing 1152054 ...
2026-03-27 15:25:42,246 [INFO] src.pipeline — Processing 1157038 ...
2026-03-27 15:25:42,344 [INFO] src.pipeline — Processing 1160261 ...
2026-03-27 15:25:42,448 [INFO] src.pipeline — Processing 1165447 ...
2026-03-27 15:25:42,552 [INFO] src.pipeline — Processing 1165448 ...
2026-03-27 15:25:42,662 [INFO] src.pipeline — Processing 1169405 ...
2026-03-27 15:25:42,769 [INFO] src.pipeline — Processing 1172602 ...
2026-03-27 15:25:42,868 [INFO] src.pipeline — Processing 1176675 ...
2026-03-27 15:25:42,967 [INFO] src.pipeline — Processing 1177018 ...
2026-03-27 15:25:43,069 [INFO] src.pipeline — Processing 1180702 ...
2026-03-27 15:25:43,164 [INFO] src.pipeline — Processing 1183349 ...
2026-03-27 15:25:43,284 [INFO] src.pipeline — Processing 1184742 ...
2026-03-27 15:25:43,404 [INFO] src.pipeline — Processing 1187599 ...
2026-03-27 15:25:43,513 [INFO] src.pipeline — Processing 1188747 ...
2026-03-27 15:25:43,618 [INFO] src.pipeline — Processing 1190805 ...
2026-03-27 15:25:43,711 [INFO] src.pipeline — Processing 1191551 ...
2026-03-27 15:25:43,809 [INFO] src.pipeline — Processing 1191595 ...
2026-03-27 15:25:43,910 [INFO] src.pipeline — Processing 1192135 ...
2026-03-27 15:25:43,996 [INFO] src.pipeline — Processing 1192146 ...
2026-03-27 15:25:44,094 [INFO] src.pipeline — Processing 1192654 ...
2026-03-27 15:25:44,199 [INFO] src.pipeline — Processing 1197538 ...
2026-03-27 15:25:44,314 [INFO] src.pipeline — Processing 1199480 ...
2026-03-27 15:25:44,415 [INFO] src.pipeline — Processing 1199517 ...
2026-03-27 15:25:44,512 [INFO] src.pipeline — Processing 1199593 ...
2026-03-27 15:25:44,606 [INFO] src.pipeline — Processing 1202306 ...
2026-03-27 15:25:44,695 [INFO] src.pipeline — Processing 1207769 ...
2026-03-27 15:25:44,812 [INFO] src.pipeline — Processing 1207947 ...
2026-03-27 15:25:44,905 [INFO] src.pipeline — Processing 1214441 ...
2026-03-27 15:25:44,998 [INFO] src.pipeline — Processing 1220716 ...
2026-03-27 15:25:45,095 [INFO] src.pipeline — Processing 1221590 ...
2026-03-27 15:25:45,188 [INFO] src.pipeline — Processing 1223519 ...
2026-03-27 15:25:45,283 [INFO] src.pipeline — Processing 1224102 ...
2026-03-27 15:25:45,386 [INFO] src.pipeline — Processing 1228746 ...
2026-03-27 15:25:45,463 [INFO] src.pipeline — Processing 1230482 ...
2026-03-27 15:25:45,511 [ERROR] src.pipeline — [1230482] FAILED: TOO_FEW_VALID_BEATS:0
2026-03-27 15:25:45,512 [INFO] src.pipeline — Processing 1231339 ...
2026-03-27 15:25:45,605 [INFO] src.pipeline — Processing 1235674 ...
2026-03-27 15:25:45,700 [INFO] src.pipeline — Processing 1236012 ...
2026-03-27 15:25:45,782 [INFO] src.pipeline — Processing 1237748 ...
2026-03-27 15:25:45,888 [INFO] src.pipeline — Processing 1238446 ...
2026-03-27 15:25:45,999 [INFO] src.pipeline — Processing 1238671 ...
2026-03-27 15:25:46,097 [INFO] src.pipeline — Processing 1242678 ...
2026-03-27 15:25:46,198 [INFO] src.pipeline — Processing 1244867 ...
2026-03-27 15:25:46,280 [INFO] src.pipeline — Processing 1248576 ...
2026-03-27 15:25:46,372 [INFO] src.pipeline — Processing 1248611 ...
2026-03-27 15:25:46,465 [INFO] src.pipeline — Processing 1252288 ...
2026-03-27 15:25:46,555 [INFO] src.pipeline — Processing 1254062 ...
2026-03-27 15:25:46,650 [INFO] src.pipeline — Processing 1254171 ...
2026-03-27 15:25:46,765 [INFO] src.pipeline — Processing 1254267 ...
2026-03-27 15:25:46,850 [INFO] src.pipeline — Processing 1259391 ...
2026-03-27 15:25:46,955 [INFO] src.pipeline — Processing 1263008 ...
2026-03-27 15:25:47,046 [INFO] src.pipeline — Processing 1270798 ...
2026-03-27 15:25:47,289 [INFO] src.pipeline — Processing 1272319 ...
2026-03-27 15:25:47,465 [INFO] src.pipeline — Processing 1272821 ...
2026-03-27 15:25:47,582 [INFO] src.pipeline — Processing 1274776 ...
2026-03-27 15:25:47,691 [INFO] src.pipeline — Processing 1275329 ...
2026-03-27 15:25:47,802 [INFO] src.pipeline — Processing 1277374 ...
2026-03-27 15:25:47,916 [INFO] src.pipeline — Processing 1278746 ...
2026-03-27 15:25:48,015 [INFO] src.pipeline — Processing 1280588 ...
2026-03-27 15:25:48,112 [INFO] src.pipeline — Processing 1281380 ...
2026-03-27 15:25:48,211 [INFO] src.pipeline — Processing 1284182 ...
2026-03-27 15:25:48,300 [INFO] src.pipeline — Processing 1285404 ...
2026-03-27 15:25:48,398 [INFO] src.pipeline — Processing 1286512 ...
2026-03-27 15:25:48,483 [INFO] src.pipeline — Processing 1290629 ...
2026-03-27 15:25:48,581 [INFO] src.pipeline — Processing 1290807 ...
2026-03-27 15:25:48,689 [INFO] src.pipeline — Processing 1294540 ...
2026-03-27 15:25:48,782 [INFO] src.pipeline — Processing 1297151 ...
2026-03-27 15:25:48,888 [INFO] src.pipeline — Processing 1297765 ...
2026-03-27 15:25:48,990 [INFO] src.pipeline — Processing 1297767 ...
2026-03-27 15:25:49,084 [INFO] src.pipeline — Processing 1298469 ...
2026-03-27 15:25:49,203 [INFO] src.pipeline — Processing 1303729 ...
2026-03-27 15:25:49,291 [INFO] src.pipeline — Processing 1305051 ...
2026-03-27 15:25:49,381 [INFO] src.pipeline — Processing 1307673 ...
2026-03-27 15:25:49,481 [INFO] src.pipeline — Processing 1307716 ...
2026-03-27 15:25:49,585 [INFO] src.pipeline — Processing 1309300 ...
2026-03-27 15:25:49,714 [INFO] src.pipeline — Processing 1310052 ...
2026-03-27 15:25:49,831 [INFO] src.pipeline — Processing 1312303 ...
2026-03-27 15:25:49,918 [INFO] src.pipeline — Processing 1313974 ...
2026-03-27 15:25:50,024 [INFO] src.pipeline — Processing 1316784 ...
2026-03-27 15:25:50,115 [INFO] src.pipeline — Processing 1318568 ...
2026-03-27 15:25:50,229 [INFO] src.pipeline — Processing 1326991 ...
2026-03-27 15:25:50,334 [INFO] src.pipeline — Processing 1327775 ...
2026-03-27 15:25:50,443 [INFO] src.pipeline — Processing 1327784 ...
2026-03-27 15:25:50,537 [INFO] src.pipeline — Processing 1332388 ...
2026-03-27 15:25:50,649 [INFO] src.pipeline — Processing 1336243 ...
2026-03-27 15:25:50,743 [INFO] src.pipeline — Processing 1337461 ...
2026-03-27 15:25:50,835 [INFO] src.pipeline — Processing 1338772 ...
2026-03-27 15:25:50,935 [INFO] src.pipeline — Processing 1338780 ...
2026-03-27 15:25:51,030 [INFO] src.pipeline — Processing 1342979 ...
2026-03-27 15:25:51,116 [INFO] src.pipeline — Processing 1344639 ...
2026-03-27 15:25:51,216 [INFO] src.pipeline — Processing 1346727 ...
2026-03-27 15:25:51,319 [INFO] src.pipeline — Processing 1350930 ...
2026-03-27 15:25:51,433 [INFO] src.pipeline — Processing 1357325 ...
2026-03-27 15:25:51,565 [INFO] src.pipeline — Processing 1358245 ...
2026-03-27 15:25:51,685 [INFO] src.pipeline — Processing 1360656 ...
2026-03-27 15:25:51,784 [INFO] src.pipeline — Processing 1366050 ...
2026-03-27 15:25:51,885 [INFO] src.pipeline — Processing 1366637 ...
2026-03-27 15:25:51,987 [INFO] src.pipeline — Processing 1370418 ...
2026-03-27 15:25:52,115 [INFO] src.pipeline — Processing 1370819 ...
2026-03-27 15:25:52,234 [INFO] src.pipeline — Processing 1371132 ...
2026-03-27 15:25:52,349 [INFO] src.pipeline — Processing 1371554 ...
2026-03-27 15:25:52,470 [INFO] src.pipeline — Processing 1372180 ...
2026-03-27 15:25:52,593 [INFO] src.pipeline — Processing 1372181 ...
2026-03-27 15:25:52,722 [INFO] src.pipeline — Processing 1381534 ...
2026-03-27 15:25:52,833 [INFO] src.pipeline — Processing 1382112 ...
2026-03-27 15:25:52,932 [INFO] src.pipeline — Processing 1383335 ...
2026-03-27 15:25:53,034 [INFO] src.pipeline — Processing 1385747 ...
2026-03-27 15:25:53,140 [INFO] src.pipeline — Processing 1386698 ...
2026-03-27 15:25:53,370 [INFO] src.pipeline — Processing 1390489 ...
2026-03-27 15:25:53,528 [INFO] src.pipeline — Processing 1403173 ...
2026-03-27 15:25:53,653 [INFO] src.pipeline — Processing 1404688 ...
2026-03-27 15:25:53,797 [INFO] src.pipeline — Processing 1407660 ...
2026-03-27 15:25:53,913 [INFO] src.pipeline — Processing 1408290 ...
2026-03-27 15:25:54,900 [INFO] src.pipeline — Processing 1414022 ...
2026-03-27 15:25:55,655 [INFO] src.pipeline — Processing 1414967 ...
2026-03-27 15:25:55,920 [INFO] src.pipeline — Processing 1416483 ...
2026-03-27 15:25:56,097 [INFO] src.pipeline — Processing 1417008 ...
2026-03-27 15:25:56,292 [INFO] src.pipeline — Processing 1418000 ...
2026-03-27 15:25:56,456 [INFO] src.pipeline — Processing 1419825 ...
2026-03-27 15:25:56,598 [INFO] src.pipeline — Processing 1421261 ...
2026-03-27 15:25:56,700 [INFO] src.pipeline — Processing 1421316 ...
2026-03-27 15:25:56,808 [INFO] src.pipeline — Processing 1422523 ...
2026-03-27 15:25:56,906 [INFO] src.pipeline — Processing 1422770 ...
2026-03-27 15:25:57,018 [INFO] src.pipeline — Processing 1423789 ...
2026-03-27 15:25:57,105 [INFO] src.pipeline — Processing 1424148 ...
2026-03-27 15:25:57,312 [INFO] src.pipeline — Processing 1425960 ...
2026-03-27 15:25:57,545 [INFO] src.pipeline — Processing 1426919 ...
2026-03-27 15:25:57,920 [INFO] src.pipeline — Processing 2187085 ...
2026-03-27 15:25:58,049 [INFO] src.pipeline — Processing 2635972 ...
2026-03-27 15:25:58,166 [INFO] src.pipeline — Processing 3003692 ...
2026-03-27 15:25:58,302 [INFO] src.pipeline — Processing 3004284 ...
2026-03-27 15:25:58,443 [INFO] src.pipeline — Processing 3006598 ...
2026-03-27 15:25:58,547 [INFO] src.pipeline — Processing 3007664 ...
2026-03-27 15:25:58,643 [INFO] src.pipeline — Processing 3009538 ...
2026-03-27 15:25:58,732 [INFO] src.pipeline — Processing 3009950 ...
2026-03-27 15:25:58,835 [INFO] src.pipeline — Processing 3015438 ...
2026-03-27 15:25:58,924 [INFO] src.pipeline — Processing 3015440 ...
2026-03-27 15:25:59,016 [INFO] src.pipeline — Processing 3015449 ...
2026-03-27 15:25:59,107 [INFO] src.pipeline — Processing 3016396 ...
2026-03-27 15:25:59,199 [INFO] src.pipeline — Processing 3016401 ...
2026-03-27 15:25:59,292 [INFO] src.pipeline — Processing 3028930 ...
2026-03-27 15:25:59,386 [INFO] src.pipeline — Processing 3030937 ...
2026-03-27 15:25:59,484 [INFO] src.pipeline — Processing 3035210 ...
2026-03-27 15:25:59,567 [INFO] src.pipeline — Processing 3037390 ...
2026-03-27 15:25:59,715 [INFO] src.pipeline — Processing 3037617 ...
2026-03-27 15:25:59,827 [INFO] src.pipeline — Processing 3043155 ...
2026-03-27 15:25:59,943 [INFO] src.pipeline — Processing 3044775 ...
2026-03-27 15:26:00,057 [INFO] src.pipeline — Processing 3045053 ...
2026-03-27 15:26:00,165 [INFO] src.pipeline — Processing 3045059 ...
2026-03-27 15:26:00,268 [INFO] src.pipeline — Processing 3045751 ...
2026-03-27 15:26:00,360 [INFO] src.pipeline — Processing 3058024 ...
2026-03-27 15:26:00,518 [INFO] src.pipeline — Processing 3058134 ...
2026-03-27 15:26:00,649 [INFO] src.pipeline — Processing 3062045 ...
2026-03-27 15:26:00,774 [INFO] src.pipeline — Processing 3064724 ...
2026-03-27 15:26:00,917 [INFO] src.pipeline — Processing 3065295 ...
2026-03-27 15:26:01,042 [INFO] src.pipeline — Processing 3067191 ...
2026-03-27 15:26:01,168 [INFO] src.pipeline — Processing 3067196 ...
2026-03-27 15:26:01,268 [INFO] src.pipeline — Processing 3071151 ...
2026-03-27 15:26:01,359 [INFO] src.pipeline — Processing 3072833 ...
2026-03-27 15:26:01,464 [INFO] src.pipeline — Processing 3072836 ...
2026-03-27 15:26:01,592 [INFO] src.pipeline — Processing 3073346 ...
2026-03-27 15:26:01,706 [INFO] src.pipeline — Processing 3074751 ...
2026-03-27 15:26:02,186 [INFO] src.pipeline — Processing 3075260 ...
2026-03-27 15:26:03,149 [INFO] src.pipeline — Processing 3080118 ...
2026-03-27 15:26:06,229 [INFO] src.pipeline — Processing 3080186 ...
2026-03-27 15:26:06,502 [INFO] src.pipeline — Processing 3092472 ...
2026-03-27 15:26:06,656 [INFO] src.pipeline — Processing 3093924 ...
2026-03-27 15:26:06,926 [INFO] src.pipeline — Processing 3094047 ...
2026-03-27 15:26:07,254 [INFO] src.pipeline — Processing 3094049 ...
2026-03-27 15:26:07,450 [WARNING] src.pipeline — [3094049] PARTIAL: ['BEAT2_V1_J_POINT_LOW_CONFIDENCE', 'BEAT4_V1_J_POINT_LOW_CONFIDENCE', 'BEAT5_V1_J_POINT_LOW_CONFIDENCE', 'BEAT6_V1_J_POINT_LOW_CONFIDENCE', 'BEAT7_V1_J_POINT_LOW_CONFIDENCE']
2026-03-27 15:26:07,451 [INFO] src.pipeline — Processing 3095195 ...
2026-03-27 15:26:07,562 [INFO] src.pipeline — Processing 3095200 ...
2026-03-27 15:26:07,684 [INFO] src.pipeline — Processing 3096254 ...
2026-03-27 15:26:07,809 [INFO] src.pipeline — Processing 3099875 ...
2026-03-27 15:26:07,904 [INFO] src.pipeline — Processing 3101011 ...
2026-03-27 15:26:08,000 [INFO] src.pipeline — Processing 3110550 ...
2026-03-27 15:26:08,101 [INFO] src.pipeline — Processing 3113249 ...
2026-03-27 15:26:08,212 [INFO] src.pipeline — Processing 3114582 ...
2026-03-27 15:26:08,317 [INFO] src.pipeline — Processing 3118448 ...
2026-03-27 15:26:08,410 [INFO] src.pipeline — Processing 3128412 ...
2026-03-27 15:26:08,509 [INFO] src.pipeline — Processing 3128947 ...
2026-03-27 15:26:08,604 [INFO] src.pipeline — Processing 3128957 ...
2026-03-27 15:26:08,706 [INFO] src.pipeline — Processing 3133602 ...
2026-03-27 15:26:08,809 [INFO] src.pipeline — Processing 3136075 ...
2026-03-27 15:26:08,910 [INFO] src.pipeline — Processing 3138453 ...
2026-03-27 15:26:09,024 [INFO] src.pipeline — Processing 3139196 ...
2026-03-27 15:26:09,961 [INFO] src.pipeline — Pipeline complete. OK: 356 | PARTIAL: 5 | FAILED: 2
2026-03-27 19:18:40,724 [INFO] src.pipeline — Processing 188981 ...
2026-03-27 19:18:46,197 [INFO] src.pipeline — Processing 251972 ...
2026-03-27 19:18:46,293 [INFO] src.pipeline — Processing 265715 ...
2026-03-27 19:18:46,388 [INFO] src.pipeline — Processing 267628 ...
2026-03-27 19:18:46,474 [INFO] src.pipeline — Processing 267630 ...
2026-03-27 19:18:46,526 [ERROR] src.pipeline — [267630] FAILED: TOO_FEW_RPEAKS: 0
2026-03-27 19:18:46,527 [INFO] src.pipeline — Processing 286830 ...
2026-03-27 19:18:46,622 [INFO] src.pipeline — Processing 287355 ...
2026-03-27 19:18:46,708 [INFO] src.pipeline — Processing 292220 ...
2026-03-27 19:18:46,792 [INFO] src.pipeline — Processing 292666 ...
2026-03-27 19:18:46,891 [INFO] src.pipeline — Processing 304141 ...
2026-03-27 19:18:46,975 [INFO] src.pipeline — Processing 314397 ...
2026-03-27 19:18:47,053 [INFO] src.pipeline — Processing 316872 ...
2026-03-27 19:18:47,135 [INFO] src.pipeline — Processing 317547 ...
2026-03-27 19:18:47,216 [INFO] src.pipeline — Processing 319150 ...
2026-03-27 19:18:47,292 [INFO] src.pipeline — Processing 319221 ...
2026-03-27 19:18:47,385 [INFO] src.pipeline — Processing 325231 ...
2026-03-27 19:18:47,591 [INFO] src.pipeline — Processing 325966 ...
2026-03-27 19:18:47,789 [INFO] src.pipeline — Processing 329034 ...
2026-03-27 19:18:47,908 [INFO] src.pipeline — Processing 329533 ...
2026-03-27 19:18:48,070 [INFO] src.pipeline — Processing 395553 ...
2026-03-27 19:18:48,151 [INFO] src.pipeline — Processing 405298 ...
2026-03-27 19:18:48,254 [INFO] src.pipeline — Processing 406008 ...
2026-03-27 19:18:48,335 [INFO] src.pipeline — Processing 413267 ...
2026-03-27 19:18:48,459 [INFO] src.pipeline — Processing 419510 ...
2026-03-27 19:18:48,540 [INFO] src.pipeline — Processing 419960 ...
2026-03-27 19:18:48,617 [INFO] src.pipeline — Processing 428031 ...
2026-03-27 19:18:48,708 [INFO] src.pipeline — Processing 434996 ...
2026-03-27 19:18:48,792 [INFO] src.pipeline — Processing 438721 ...
2026-03-27 19:18:48,876 [INFO] src.pipeline — Processing 445953 ...
2026-03-27 19:18:48,959 [INFO] src.pipeline — Processing 450733 ...
2026-03-27 19:18:49,042 [INFO] src.pipeline — Processing 460919 ...
2026-03-27 19:18:49,140 [INFO] src.pipeline — Processing 461866 ...
2026-03-27 19:18:49,226 [INFO] src.pipeline — Processing 466796 ...
2026-03-27 19:18:49,309 [INFO] src.pipeline — Processing 471727 ...
2026-03-27 19:18:49,392 [INFO] src.pipeline — Processing 478457 ...
2026-03-27 19:18:49,491 [INFO] src.pipeline — Processing 482516 ...
2026-03-27 19:18:49,570 [INFO] src.pipeline — Processing 482868 ...
2026-03-27 19:18:49,658 [INFO] src.pipeline — Processing 487609 ...
2026-03-27 19:18:49,742 [INFO] src.pipeline — Processing 489539 ...
2026-03-27 19:18:49,826 [INFO] src.pipeline — Processing 505351 ...
2026-03-27 19:18:49,920 [INFO] src.pipeline — Processing 506408 ...
2026-03-27 19:18:50,006 [INFO] src.pipeline — Processing 509648 ...
2026-03-27 19:18:50,097 [INFO] src.pipeline — Processing 516092 ...
2026-03-27 19:18:50,176 [INFO] src.pipeline — Processing 519139 ...
2026-03-27 19:18:50,276 [INFO] src.pipeline — Processing 519687 ...
2026-03-27 19:18:50,359 [INFO] src.pipeline — Processing 532816 ...
2026-03-27 19:18:50,439 [INFO] src.pipeline — Processing 538053 ...
2026-03-27 19:18:50,526 [INFO] src.pipeline — Processing 540736 ...
2026-03-27 19:18:50,609 [INFO] src.pipeline — Processing 548140 ...
2026-03-27 19:18:50,693 [INFO] src.pipeline — Processing 548865 ...
2026-03-27 19:18:50,792 [INFO] src.pipeline — Processing 558967 ...
2026-03-27 19:18:50,876 [INFO] src.pipeline — Processing 571723 ...
2026-03-27 19:18:50,974 [INFO] src.pipeline — Processing 577838 ...
2026-03-27 19:18:51,059 [WARNING] src.pipeline — [577838] PARTIAL: ['BEAT0_V1_J_POINT_LOW_CONFIDENCE', 'BEAT1_V1_J_POINT_LOW_CONFIDENCE', 'BEAT4_V1_J_POINT_LOW_CONFIDENCE', 'BEAT12_V1_J_POINT_LOW_CONFIDENCE', 'BEAT16_V1_J_POINT_LOW_CONFIDENCE']
2026-03-27 19:18:51,059 [INFO] src.pipeline — Processing 580720 ...
2026-03-27 19:18:51,167 [INFO] src.pipeline — Processing 581912 ...
2026-03-27 19:18:51,243 [WARNING] src.pipeline — [581912] PARTIAL: ['BEAT1_V2_J_POINT_LOW_CONFIDENCE']
2026-03-27 19:18:51,243 [INFO] src.pipeline — Processing 592768 ...
2026-03-27 19:18:51,359 [INFO] src.pipeline — Processing 596382 ...
2026-03-27 19:18:51,458 [INFO] src.pipeline — Processing 597251 ...
2026-03-27 19:18:51,558 [INFO] src.pipeline — Processing 613119 ...
2026-03-27 19:18:51,674 [INFO] src.pipeline — Processing 614578 ...
2026-03-27 19:18:51,758 [INFO] src.pipeline — Processing 614707 ...
2026-03-27 19:18:51,859 [INFO] src.pipeline — Processing 622530 ...
2026-03-27 19:18:51,943 [INFO] src.pipeline — Processing 624511 ...
2026-03-27 19:18:52,043 [INFO] src.pipeline — Processing 625190 ...
2026-03-27 19:18:52,126 [INFO] src.pipeline — Processing 641455 ...
2026-03-27 19:18:52,210 [INFO] src.pipeline — Processing 643139 ...
2026-03-27 19:18:52,304 [INFO] src.pipeline — Processing 801261 ...
2026-03-27 19:18:52,409 [INFO] src.pipeline — Processing 806949 ...
2026-03-27 19:18:52,493 [INFO] src.pipeline — Processing 807363 ...
2026-03-27 19:18:52,588 [INFO] src.pipeline — Processing 812209 ...
2026-03-27 19:18:52,668 [INFO] src.pipeline — Processing 812404 ...
2026-03-27 19:18:52,759 [INFO] src.pipeline — Processing 814286 ...
2026-03-27 19:18:52,870 [INFO] src.pipeline — Processing 816929 ...
2026-03-27 19:18:52,960 [INFO] src.pipeline — Processing 819710 ...
2026-03-27 19:18:53,075 [INFO] src.pipeline — Processing 821478 ...
2026-03-27 19:18:53,160 [INFO] src.pipeline — Processing 822108 ...
2026-03-27 19:18:53,275 [INFO] src.pipeline — Processing 822756 ...
2026-03-27 19:18:53,360 [INFO] src.pipeline — Processing 829768 ...
2026-03-27 19:18:53,459 [INFO] src.pipeline — Processing 830179 ...
2026-03-27 19:18:53,541 [INFO] src.pipeline — Processing 841212 ...
2026-03-27 19:18:53,626 [INFO] src.pipeline — Processing 841869 ...
2026-03-27 19:18:53,709 [INFO] src.pipeline — Processing 844915 ...
2026-03-27 19:18:53,792 [INFO] src.pipeline — Processing 849168 ...
2026-03-27 19:18:53,877 [INFO] src.pipeline — Processing 852786 ...
2026-03-27 19:18:53,960 [INFO] src.pipeline — Processing 855592 ...
2026-03-27 19:18:54,048 [INFO] src.pipeline — Processing 865998 ...
2026-03-27 19:18:54,126 [INFO] src.pipeline — Processing 866721 ...
2026-03-27 19:18:54,225 [INFO] src.pipeline — Processing 873255 ...
2026-03-27 19:18:54,310 [INFO] src.pipeline — Processing 878765 ...
2026-03-27 19:18:54,393 [INFO] src.pipeline — Processing 887465 ...
2026-03-27 19:18:54,489 [INFO] src.pipeline — Processing 891754 ...
2026-03-27 19:18:54,573 [INFO] src.pipeline — Processing 894725 ...
2026-03-27 19:18:54,655 [INFO] src.pipeline — Processing 898726 ...
2026-03-27 19:18:54,743 [INFO] src.pipeline — Processing 903442 ...
2026-03-27 19:18:54,827 [INFO] src.pipeline — Processing 903802 ...
2026-03-27 19:18:54,910 [WARNING] src.pipeline — [903802] PARTIAL: ['BEAT9_V2_J_POINT_LOW_CONFIDENCE']
2026-03-27 19:18:54,910 [INFO] src.pipeline — Processing 907736 ...
2026-03-27 19:18:55,015 [INFO] src.pipeline — Processing 913169 ...
2026-03-27 19:18:55,093 [INFO] src.pipeline — Processing 918062 ...
2026-03-27 19:18:55,177 [INFO] src.pipeline — Processing 920037 ...
2026-03-27 19:18:55,276 [INFO] src.pipeline — Processing 921230 ...
2026-03-27 19:18:55,358 [INFO] src.pipeline — Processing 930107 ...
2026-03-27 19:18:55,443 [INFO] src.pipeline — Processing 935156 ...
2026-03-27 19:18:55,605 [INFO] src.pipeline — Processing 938838 ...
2026-03-27 19:18:55,727 [INFO] src.pipeline — Processing 939546 ...
2026-03-27 19:18:55,810 [INFO] src.pipeline — Processing 945345 ...
2026-03-27 19:18:55,909 [INFO] src.pipeline — Processing 952177 ...
2026-03-27 19:18:55,993 [INFO] src.pipeline — Processing 952641 ...
2026-03-27 19:18:56,077 [INFO] src.pipeline — Processing 953976 ...
2026-03-27 19:18:56,160 [INFO] src.pipeline — Processing 958460 ...
2026-03-27 19:18:56,244 [INFO] src.pipeline — Processing 958703 ...
2026-03-27 19:18:56,343 [INFO] src.pipeline — Processing 959843 ...
2026-03-27 19:18:56,427 [INFO] src.pipeline — Processing 960432 ...
2026-03-27 19:18:56,510 [INFO] src.pipeline — Processing 962566 ...
2026-03-27 19:18:56,594 [INFO] src.pipeline — Processing 964469 ...
2026-03-27 19:18:56,694 [INFO] src.pipeline — Processing 965217 ...
2026-03-27 19:18:56,777 [INFO] src.pipeline — Processing 967547 ...
2026-03-27 19:18:56,853 [INFO] src.pipeline — Processing 968556 ...
2026-03-27 19:18:56,944 [INFO] src.pipeline — Processing 969321 ...
2026-03-27 19:18:57,027 [INFO] src.pipeline — Processing 970649 ...
2026-03-27 19:18:57,128 [INFO] src.pipeline — Processing 972048 ...
2026-03-27 19:18:57,210 [INFO] src.pipeline — Processing 972330 ...
2026-03-27 19:18:57,310 [INFO] src.pipeline — Processing 972781 ...
2026-03-27 19:18:57,394 [INFO] src.pipeline — Processing 980284 ...
2026-03-27 19:18:57,477 [INFO] src.pipeline — Processing 982732 ...
2026-03-27 19:18:57,561 [INFO] src.pipeline — Processing 985814 ...
2026-03-27 19:18:57,660 [INFO] src.pipeline — Processing 991528 ...
2026-03-27 19:18:57,744 [INFO] src.pipeline — Processing 994065 ...
2026-03-27 19:18:57,823 [INFO] src.pipeline — Processing 994217 ...
2026-03-27 19:18:57,911 [INFO] src.pipeline — Processing 994515 ...
2026-03-27 19:18:57,994 [INFO] src.pipeline — Processing 998036 ...
2026-03-27 19:18:58,075 [INFO] src.pipeline — Processing 999474 ...
2026-03-27 19:18:58,160 [INFO] src.pipeline — Processing 1009874 ...
2026-03-27 19:18:58,219 [INFO] src.pipeline — Processing 1013884 ...
2026-03-27 19:18:58,281 [INFO] src.pipeline — Processing 1023925 ...
2026-03-27 19:18:58,346 [INFO] src.pipeline — Processing 1036640 ...
2026-03-27 19:18:58,431 [INFO] src.pipeline — Processing 1041375 ...
2026-03-27 19:18:58,511 [INFO] src.pipeline — Processing 1053511 ...
2026-03-27 19:18:58,594 [INFO] src.pipeline — Processing 1054733 ...
2026-03-27 19:18:58,677 [INFO] src.pipeline — Processing 1058085 ...
2026-03-27 19:18:58,761 [INFO] src.pipeline — Processing 1058605 ...
2026-03-27 19:18:58,844 [INFO] src.pipeline — Processing 1061898 ...
2026-03-27 19:18:58,927 [INFO] src.pipeline — Processing 1063368 ...
2026-03-27 19:18:59,011 [INFO] src.pipeline — Processing 1073253 ...
2026-03-27 19:18:59,105 [INFO] src.pipeline — Processing 1074787 ...
2026-03-27 19:18:59,191 [INFO] src.pipeline — Processing 1080968 ...
2026-03-27 19:18:59,277 [INFO] src.pipeline — Processing 1081032 ...
2026-03-27 19:18:59,378 [INFO] src.pipeline — Processing 1081338 ...
2026-03-27 19:18:59,461 [INFO] src.pipeline — Processing 1084994 ...
2026-03-27 19:18:59,544 [INFO] src.pipeline — Processing 1085203 ...
2026-03-27 19:18:59,631 [INFO] src.pipeline — Processing 1087704 ...
2026-03-27 19:18:59,711 [INFO] src.pipeline — Processing 1088175 ...
2026-03-27 19:18:59,810 [INFO] src.pipeline — Processing 1088261 ...
2026-03-27 19:18:59,894 [INFO] src.pipeline — Processing 1088796 ...
2026-03-27 19:18:59,978 [INFO] src.pipeline — Processing 1092237 ...
2026-03-27 19:19:00,061 [WARNING] src.pipeline — [1092237] PARTIAL: ['BEAT0_V1_J_POINT_LOW_CONFIDENCE', 'BEAT1_V1_J_POINT_LOW_CONFIDENCE', 'BEAT2_V1_J_POINT_LOW_CONFIDENCE', 'BEAT3_V1_J_POINT_LOW_CONFIDENCE', 'BEAT4_V1_J_POINT_LOW_CONFIDENCE', 'BEAT5_V1_J_POINT_LOW_CONFIDENCE', 'BEAT6_V1_J_POINT_LOW_CONFIDENCE', 'BEAT7_V1_J_POINT_LOW_CONFIDENCE', 'BEAT8_V1_J_POINT_LOW_CONFIDENCE']
2026-03-27 19:19:00,061 [INFO] src.pipeline — Processing 1093224 ...
2026-03-27 19:19:00,166 [INFO] src.pipeline — Processing 1096625 ...
2026-03-27 19:19:00,261 [INFO] src.pipeline — Processing 1097714 ...
2026-03-27 19:19:00,345 [INFO] src.pipeline — Processing 1098314 ...
2026-03-27 19:19:00,428 [INFO] src.pipeline — Processing 1099262 ...
2026-03-27 19:19:00,527 [INFO] src.pipeline — Processing 1102607 ...
2026-03-27 19:19:00,611 [INFO] src.pipeline — Processing 1103983 ...
2026-03-27 19:19:00,695 [INFO] src.pipeline — Processing 1106149 ...
2026-03-27 19:19:00,778 [INFO] src.pipeline — Processing 1112604 ...
2026-03-27 19:19:00,883 [INFO] src.pipeline — Processing 1117553 ...
2026-03-27 19:19:00,978 [INFO] src.pipeline — Processing 1118251 ...
2026-03-27 19:19:01,061 [INFO] src.pipeline — Processing 1121137 ...
2026-03-27 19:19:01,144 [INFO] src.pipeline — Processing 1122903 ...
2026-03-27 19:19:01,228 [INFO] src.pipeline — Processing 1124825 ...
2026-03-27 19:19:01,311 [INFO] src.pipeline — Processing 1124826 ...
2026-03-27 19:19:01,399 [INFO] src.pipeline — Processing 1128835 ...
2026-03-27 19:19:01,478 [INFO] src.pipeline — Processing 1134284 ...
2026-03-27 19:19:01,561 [INFO] src.pipeline — Processing 1135434 ...
2026-03-27 19:19:01,645 [INFO] src.pipeline — Processing 1138153 ...
2026-03-27 19:19:01,745 [INFO] src.pipeline — Processing 1141322 ...
2026-03-27 19:19:01,828 [INFO] src.pipeline — Processing 1142915 ...
2026-03-27 19:19:01,943 [INFO] src.pipeline — Processing 1145203 ...
2026-03-27 19:19:02,045 [INFO] src.pipeline — Processing 1146063 ...
2026-03-27 19:19:02,145 [INFO] src.pipeline — Processing 1147684 ...
2026-03-27 19:19:02,228 [INFO] src.pipeline — Processing 1148718 ...
2026-03-27 19:19:02,328 [INFO] src.pipeline — Processing 1152054 ...
2026-03-27 19:19:02,411 [INFO] src.pipeline — Processing 1157038 ...
2026-03-27 19:19:02,495 [INFO] src.pipeline — Processing 1160261 ...
2026-03-27 19:19:02,578 [INFO] src.pipeline — Processing 1165447 ...
2026-03-27 19:19:02,662 [INFO] src.pipeline — Processing 1165448 ...
2026-03-27 19:19:02,759 [INFO] src.pipeline — Processing 1169405 ...
2026-03-27 19:19:02,844 [INFO] src.pipeline — Processing 1172602 ...
2026-03-27 19:19:02,928 [INFO] src.pipeline — Processing 1176675 ...
2026-03-27 19:19:03,012 [INFO] src.pipeline — Processing 1177018 ...
2026-03-27 19:19:03,095 [INFO] src.pipeline — Processing 1180702 ...
2026-03-27 19:19:03,178 [INFO] src.pipeline — Processing 1183349 ...
2026-03-27 19:19:03,268 [INFO] src.pipeline — Processing 1184742 ...
2026-03-27 19:19:03,345 [INFO] src.pipeline — Processing 1187599 ...
2026-03-27 19:19:03,441 [INFO] src.pipeline — Processing 1188747 ...
2026-03-27 19:19:03,528 [INFO] src.pipeline — Processing 1190805 ...
2026-03-27 19:19:03,607 [INFO] src.pipeline — Processing 1191551 ...
2026-03-27 19:19:03,684 [INFO] src.pipeline — Processing 1191595 ...
2026-03-27 19:19:03,777 [INFO] src.pipeline — Processing 1192135 ...
2026-03-27 19:19:03,862 [INFO] src.pipeline — Processing 1192146 ...
2026-03-27 19:19:03,942 [INFO] src.pipeline — Processing 1192654 ...
2026-03-27 19:19:04,019 [INFO] src.pipeline — Processing 1197538 ...
2026-03-27 19:19:04,095 [INFO] src.pipeline — Processing 1199480 ...
2026-03-27 19:19:04,191 [INFO] src.pipeline — Processing 1199517 ...
2026-03-27 19:19:04,271 [INFO] src.pipeline — Processing 1199593 ...
2026-03-27 19:19:04,358 [INFO] src.pipeline — Processing 1202306 ...
2026-03-27 19:19:04,445 [INFO] src.pipeline — Processing 1207769 ...
2026-03-27 19:19:04,529 [INFO] src.pipeline — Processing 1207947 ...
2026-03-27 19:19:04,612 [INFO] src.pipeline — Processing 1214441 ...
2026-03-27 19:19:04,695 [INFO] src.pipeline — Processing 1220716 ...
2026-03-27 19:19:04,779 [INFO] src.pipeline — Processing 1221590 ...
2026-03-27 19:19:04,874 [INFO] src.pipeline — Processing 1223519 ...
2026-03-27 19:19:04,945 [INFO] src.pipeline — Processing 1224102 ...
2026-03-27 19:19:05,045 [INFO] src.pipeline — Processing 1228746 ...
2026-03-27 19:19:05,128 [INFO] src.pipeline — Processing 1230482 ...
2026-03-27 19:19:05,202 [ERROR] src.pipeline — [1230482] FAILED: TOO_FEW_VALID_BEATS:0
2026-03-27 19:19:05,227 [INFO] src.pipeline — Processing 1231339 ...
2026-03-27 19:19:05,393 [INFO] src.pipeline — Processing 1235674 ...
2026-03-27 19:19:05,479 [INFO] src.pipeline — Processing 1236012 ...
2026-03-27 19:19:05,562 [INFO] src.pipeline — Processing 1237748 ...
2026-03-27 19:19:05,645 [INFO] src.pipeline — Processing 1238446 ...
2026-03-27 19:19:05,744 [INFO] src.pipeline — Processing 1238671 ...
2026-03-27 19:19:05,829 [INFO] src.pipeline — Processing 1242678 ...
2026-03-27 19:19:05,925 [INFO] src.pipeline — Processing 1244867 ...
2026-03-27 19:19:06,006 [INFO] src.pipeline — Processing 1248576 ...
2026-03-27 19:19:06,087 [INFO] src.pipeline — Processing 1248611 ...
2026-03-27 19:19:06,171 [INFO] src.pipeline — Processing 1252288 ...
2026-03-27 19:19:06,262 [INFO] src.pipeline — Processing 1254062 ...
2026-03-27 19:19:06,346 [INFO] src.pipeline — Processing 1254171 ...
2026-03-27 19:19:06,429 [INFO] src.pipeline — Processing 1254267 ...
2026-03-27 19:19:06,529 [INFO] src.pipeline — Processing 1259391 ...
2026-03-27 19:19:06,607 [INFO] src.pipeline — Processing 1263008 ...
2026-03-27 19:19:06,689 [INFO] src.pipeline — Processing 1270798 ...
2026-03-27 19:19:06,773 [INFO] src.pipeline — Processing 1272319 ...
2026-03-27 19:19:06,860 [INFO] src.pipeline — Processing 1272821 ...
2026-03-27 19:19:06,946 [INFO] src.pipeline — Processing 1274776 ...
2026-03-27 19:19:07,029 [INFO] src.pipeline — Processing 1275329 ...
2026-03-27 19:19:07,112 [INFO] src.pipeline — Processing 1277374 ...
2026-03-27 19:19:07,196 [INFO] src.pipeline — Processing 1278746 ...
2026-03-27 19:19:07,296 [INFO] src.pipeline — Processing 1280588 ...
2026-03-27 19:19:07,374 [INFO] src.pipeline — Processing 1281380 ...
2026-03-27 19:19:07,460 [INFO] src.pipeline — Processing 1284182 ...
2026-03-27 19:19:07,546 [INFO] src.pipeline — Processing 1285404 ...
2026-03-27 19:19:07,646 [INFO] src.pipeline — Processing 1286512 ...
2026-03-27 19:19:07,726 [INFO] src.pipeline — Processing 1290629 ...
2026-03-27 19:19:07,811 [INFO] src.pipeline — Processing 1290807 ...
2026-03-27 19:19:07,897 [INFO] src.pipeline — Processing 1294540 ...
2026-03-27 19:19:07,979 [INFO] src.pipeline — Processing 1297151 ...
2026-03-27 19:19:08,078 [INFO] src.pipeline — Processing 1297765 ...
2026-03-27 19:19:08,173 [INFO] src.pipeline — Processing 1297767 ...
2026-03-27 19:19:08,269 [INFO] src.pipeline — Processing 1298469 ...
2026-03-27 19:19:08,346 [INFO] src.pipeline — Processing 1303729 ...
2026-03-27 19:19:08,441 [INFO] src.pipeline — Processing 1305051 ...
2026-03-27 19:19:08,513 [INFO] src.pipeline — Processing 1307673 ...
2026-03-27 19:19:08,596 [INFO] src.pipeline — Processing 1307716 ...
2026-03-27 19:19:08,679 [INFO] src.pipeline — Processing 1309300 ...
2026-03-27 19:19:08,758 [INFO] src.pipeline — Processing 1310052 ...
2026-03-27 19:19:08,846 [INFO] src.pipeline — Processing 1312303 ...
2026-03-27 19:19:08,929 [INFO] src.pipeline — Processing 1313974 ...
2026-03-27 19:19:09,013 [INFO] src.pipeline — Processing 1316784 ...
2026-03-27 19:19:09,096 [INFO] src.pipeline — Processing 1318568 ...
2026-03-27 19:19:09,195 [INFO] src.pipeline — Processing 1326991 ...
2026-03-27 19:19:09,279 [INFO] src.pipeline — Processing 1327775 ...
2026-03-27 19:19:09,363 [INFO] src.pipeline — Processing 1327784 ...
2026-03-27 19:19:09,462 [INFO] src.pipeline — Processing 1332388 ...
2026-03-27 19:19:09,546 [INFO] src.pipeline — Processing 1336243 ...
2026-03-27 19:19:09,646 [INFO] src.pipeline — Processing 1337461 ...
2026-03-27 19:19:09,729 [INFO] src.pipeline — Processing 1338772 ...
2026-03-27 19:19:09,813 [INFO] src.pipeline — Processing 1338780 ...
2026-03-27 19:19:09,899 [INFO] src.pipeline — Processing 1342979 ...
2026-03-27 19:19:09,979 [INFO] src.pipeline — Processing 1344639 ...
2026-03-27 19:19:10,068 [INFO] src.pipeline — Processing 1346727 ...
2026-03-27 19:19:10,149 [INFO] src.pipeline — Processing 1350930 ...
2026-03-27 19:19:10,230 [INFO] src.pipeline — Processing 1357325 ...
2026-03-27 19:19:10,324 [INFO] src.pipeline — Processing 1358245 ...
2026-03-27 19:19:10,413 [INFO] src.pipeline — Processing 1360656 ...
2026-03-27 19:19:10,496 [INFO] src.pipeline — Processing 1366050 ...
2026-03-27 19:19:10,580 [INFO] src.pipeline — Processing 1366637 ...
2026-03-27 19:19:10,663 [INFO] src.pipeline — Processing 1370418 ...
2026-03-27 19:19:10,746 [INFO] src.pipeline — Processing 1370819 ...
2026-03-27 19:19:10,830 [INFO] src.pipeline — Processing 1371132 ...
2026-03-27 19:19:10,930 [INFO] src.pipeline — Processing 1371554 ...
2026-03-27 19:19:11,013 [INFO] src.pipeline — Processing 1372180 ...
2026-03-27 19:19:11,104 [INFO] src.pipeline — Processing 1372181 ...
2026-03-27 19:19:11,192 [INFO] src.pipeline — Processing 1381534 ...
2026-03-27 19:19:11,280 [INFO] src.pipeline — Processing 1382112 ...
2026-03-27 19:19:11,358 [INFO] src.pipeline — Processing 1383335 ...
2026-03-27 19:19:11,446 [INFO] src.pipeline — Processing 1385747 ...
2026-03-27 19:19:11,530 [INFO] src.pipeline — Processing 1386698 ...
2026-03-27 19:19:11,613 [INFO] src.pipeline — Processing 1390489 ...
2026-03-27 19:19:11,712 [INFO] src.pipeline — Processing 1403173 ...
2026-03-27 19:19:11,794 [INFO] src.pipeline — Processing 1404688 ...
2026-03-27 19:19:11,880 [INFO] src.pipeline — Processing 1407660 ...
2026-03-27 19:19:11,963 [INFO] src.pipeline — Processing 1408290 ...
2026-03-27 19:19:12,047 [INFO] src.pipeline — Processing 1414022 ...
2026-03-27 19:19:12,130 [INFO] src.pipeline — Processing 1414967 ...
2026-03-27 19:19:12,229 [INFO] src.pipeline — Processing 1416483 ...
2026-03-27 19:19:12,311 [INFO] src.pipeline — Processing 1417008 ...
2026-03-27 19:19:12,404 [INFO] src.pipeline — Processing 1418000 ...
2026-03-27 19:19:12,479 [INFO] src.pipeline — Processing 1419825 ...
2026-03-27 19:19:12,580 [INFO] src.pipeline — Processing 1421261 ...
2026-03-27 19:19:12,695 [INFO] src.pipeline — Processing 1421316 ...
2026-03-27 19:19:12,794 [INFO] src.pipeline — Processing 1422523 ...
2026-03-27 19:19:12,875 [INFO] src.pipeline — Processing 1422770 ...
2026-03-27 19:19:12,958 [INFO] src.pipeline — Processing 1423789 ...
2026-03-27 19:19:13,038 [INFO] src.pipeline — Processing 1424148 ...
2026-03-27 19:19:13,130 [INFO] src.pipeline — Processing 1425960 ...
2026-03-27 19:19:13,208 [INFO] src.pipeline — Processing 1426919 ...
2026-03-27 19:19:13,292 [INFO] src.pipeline — Processing 2187085 ...
2026-03-27 19:19:13,380 [INFO] src.pipeline — Processing 2635972 ...
2026-03-27 19:19:13,464 [INFO] src.pipeline — Processing 3003692 ...
2026-03-27 19:19:13,547 [INFO] src.pipeline — Processing 3004284 ...
2026-03-27 19:19:13,647 [INFO] src.pipeline — Processing 3006598 ...
2026-03-27 19:19:13,730 [INFO] src.pipeline — Processing 3007664 ...
2026-03-27 19:19:13,814 [INFO] src.pipeline — Processing 3009538 ...
2026-03-27 19:19:13,895 [INFO] src.pipeline — Processing 3009950 ...
2026-03-27 19:19:13,980 [INFO] src.pipeline — Processing 3015438 ...
2026-03-27 19:19:14,064 [INFO] src.pipeline — Processing 3015440 ...
2026-03-27 19:19:14,147 [INFO] src.pipeline — Processing 3015449 ...
2026-03-27 19:19:14,230 [INFO] src.pipeline — Processing 3016396 ...
2026-03-27 19:19:14,325 [INFO] src.pipeline — Processing 3016401 ...
2026-03-27 19:19:14,414 [INFO] src.pipeline — Processing 3028930 ...
2026-03-27 19:19:14,513 [INFO] src.pipeline — Processing 3030937 ...
2026-03-27 19:19:14,597 [INFO] src.pipeline — Processing 3035210 ...
2026-03-27 19:19:14,680 [INFO] src.pipeline — Processing 3037390 ...
2026-03-27 19:19:14,857 [INFO] src.pipeline — Processing 3037617 ...
2026-03-27 19:19:14,964 [INFO] src.pipeline — Processing 3043155 ...
2026-03-27 19:19:15,059 [INFO] src.pipeline — Processing 3044775 ...
2026-03-27 19:19:15,147 [INFO] src.pipeline — Processing 3045053 ...
2026-03-27 19:19:15,231 [INFO] src.pipeline — Processing 3045059 ...
2026-03-27 19:19:15,314 [INFO] src.pipeline — Processing 3045751 ...
2026-03-27 19:19:15,413 [INFO] src.pipeline — Processing 3058024 ...
2026-03-27 19:19:15,504 [INFO] src.pipeline — Processing 3058134 ...
2026-03-27 19:19:15,581 [INFO] src.pipeline — Processing 3062045 ...
2026-03-27 19:19:15,664 [INFO] src.pipeline — Processing 3064724 ...
2026-03-27 19:19:15,747 [INFO] src.pipeline — Processing 3065295 ...
2026-03-27 19:19:15,831 [INFO] src.pipeline — Processing 3067191 ...
2026-03-27 19:19:15,914 [INFO] src.pipeline — Processing 3067196 ...
2026-03-27 19:19:16,012 [INFO] src.pipeline — Processing 3071151 ...
2026-03-27 19:19:16,084 [INFO] src.pipeline — Processing 3072833 ...
2026-03-27 19:19:16,164 [INFO] src.pipeline — Processing 3072836 ...
2026-03-27 19:19:16,247 [INFO] src.pipeline — Processing 3073346 ...
2026-03-27 19:19:16,347 [INFO] src.pipeline — Processing 3074751 ...
2026-03-27 19:19:16,431 [INFO] src.pipeline — Processing 3075260 ...
2026-03-27 19:19:16,514 [INFO] src.pipeline — Processing 3080118 ...
2026-03-27 19:19:16,597 [INFO] src.pipeline — Processing 3080186 ...
2026-03-27 19:19:16,697 [INFO] src.pipeline — Processing 3092472 ...
2026-03-27 19:19:16,781 [INFO] src.pipeline — Processing 3093924 ...
2026-03-27 19:19:16,864 [INFO] src.pipeline — Processing 3094047 ...
2026-03-27 19:19:16,947 [INFO] src.pipeline — Processing 3094049 ...
2026-03-27 19:19:17,043 [WARNING] src.pipeline — [3094049] PARTIAL: ['BEAT2_V1_J_POINT_LOW_CONFIDENCE', 'BEAT4_V1_J_POINT_LOW_CONFIDENCE', 'BEAT5_V1_J_POINT_LOW_CONFIDENCE', 'BEAT6_V1_J_POINT_LOW_CONFIDENCE', 'BEAT7_V1_J_POINT_LOW_CONFIDENCE']
2026-03-27 19:19:17,045 [INFO] src.pipeline — Processing 3095195 ...
2026-03-27 19:19:17,120 [INFO] src.pipeline — Processing 3095200 ...
2026-03-27 19:19:17,208 [INFO] src.pipeline — Processing 3096254 ...
2026-03-27 19:19:17,298 [INFO] src.pipeline — Processing 3099875 ...
2026-03-27 19:19:17,381 [INFO] src.pipeline — Processing 3101011 ...
2026-03-27 19:19:17,464 [INFO] src.pipeline — Processing 3110550 ...
2026-03-27 19:19:17,548 [INFO] src.pipeline — Processing 3113249 ...
2026-03-27 19:19:17,645 [INFO] src.pipeline — Processing 3114582 ...
2026-03-27 19:19:17,731 [INFO] src.pipeline — Processing 3118448 ...
2026-03-27 19:19:17,814 [INFO] src.pipeline — Processing 3128412 ...
2026-03-27 19:19:17,898 [INFO] src.pipeline — Processing 3128947 ...
2026-03-27 19:19:17,981 [INFO] src.pipeline — Processing 3128957 ...
2026-03-27 19:19:18,064 [INFO] src.pipeline — Processing 3133602 ...
2026-03-27 19:19:18,158 [INFO] src.pipeline — Processing 3136075 ...
2026-03-27 19:19:18,238 [INFO] src.pipeline — Processing 3138453 ...
2026-03-27 19:19:18,315 [INFO] src.pipeline — Processing 3139196 ...
2026-03-27 19:19:19,098 [INFO] src.pipeline — Pipeline complete. OK: 356 | PARTIAL: 5 | FAILED: 2
2026-03-28 03:47:07,912 [INFO] src.pipeline — Processing 188981 ...
2026-03-28 03:47:23,885 [INFO] src.pipeline — Processing 251972 ...
2026-03-28 03:47:24,070 [INFO] src.pipeline — Processing 265715 ...
2026-03-28 03:47:24,189 [INFO] src.pipeline — Processing 267628 ...
2026-03-28 03:47:24,299 [INFO] src.pipeline — Processing 267630 ...
2026-03-28 03:47:24,328 [ERROR] src.pipeline — [267630] FAILED: TOO_FEW_RPEAKS: 0
2026-03-28 03:47:24,328 [INFO] src.pipeline — Processing 286830 ...
2026-03-28 03:47:24,426 [INFO] src.pipeline — Processing 287355 ...
2026-03-28 03:47:24,530 [INFO] src.pipeline — Processing 292220 ...
2026-03-28 03:47:24,667 [INFO] src.pipeline — Processing 292666 ...
2026-03-28 03:47:24,838 [INFO] src.pipeline — Processing 304141 ...
2026-03-28 03:47:24,946 [INFO] src.pipeline — Processing 314397 ...
2026-03-28 03:47:25,059 [INFO] src.pipeline — Processing 316872 ...
2026-03-28 03:47:25,189 [INFO] src.pipeline — Processing 317547 ...
2026-03-28 03:47:25,303 [INFO] src.pipeline — Processing 319150 ...
2026-03-28 03:47:25,405 [INFO] src.pipeline — Processing 319221 ...
2026-03-28 03:47:25,513 [INFO] src.pipeline — Processing 325231 ...
2026-03-28 03:47:25,604 [INFO] src.pipeline — Processing 325966 ...
2026-03-28 03:47:25,713 [INFO] src.pipeline — Processing 329034 ...
2026-03-28 03:47:25,849 [INFO] src.pipeline — Processing 329533 ...
2026-03-28 03:47:25,969 [INFO] src.pipeline — Processing 395553 ...
2026-03-28 03:47:26,070 [INFO] src.pipeline — Processing 405298 ...
2026-03-28 03:47:26,197 [INFO] src.pipeline — Processing 406008 ...
2026-03-28 03:47:26,294 [INFO] src.pipeline — Processing 413267 ...
2026-03-28 03:47:26,395 [INFO] src.pipeline — Processing 419510 ...
2026-03-28 03:47:26,494 [INFO] src.pipeline — Processing 419960 ...
2026-03-28 03:47:26,710 [INFO] src.pipeline — Processing 428031 ...
2026-03-28 03:47:26,859 [INFO] src.pipeline — Processing 434996 ...
2026-03-28 03:47:26,962 [INFO] src.pipeline — Processing 438721 ...
2026-03-28 03:47:27,046 [INFO] src.pipeline — Processing 445953 ...
2026-03-28 03:47:27,147 [INFO] src.pipeline — Processing 450733 ...
2026-03-28 03:47:27,258 [INFO] src.pipeline — Processing 460919 ...
2026-03-28 03:47:27,367 [INFO] src.pipeline — Processing 461866 ...
2026-03-28 03:47:27,478 [INFO] src.pipeline — Processing 466796 ...
2026-03-28 03:47:27,561 [INFO] src.pipeline — Processing 471727 ...
2026-03-28 03:47:27,678 [INFO] src.pipeline — Processing 478457 ...
2026-03-28 03:47:27,819 [INFO] src.pipeline — Processing 482516 ...
2026-03-28 03:47:27,915 [INFO] src.pipeline — Processing 482868 ...
2026-03-28 03:47:28,027 [INFO] src.pipeline — Processing 487609 ...
2026-03-28 03:47:28,252 [INFO] src.pipeline — Processing 489539 ...
2026-03-28 03:47:28,430 [INFO] src.pipeline — Processing 505351 ...
2026-03-28 03:47:28,518 [INFO] src.pipeline — Processing 506408 ...
2026-03-28 03:47:28,627 [INFO] src.pipeline — Processing 509648 ...
2026-03-28 03:47:28,777 [INFO] src.pipeline — Processing 516092 ...
2026-03-28 03:47:28,978 [INFO] src.pipeline — Processing 519139 ...
2026-03-28 03:47:29,115 [INFO] src.pipeline — Processing 519687 ...
2026-03-28 03:47:29,262 [INFO] src.pipeline — Processing 532816 ...
2026-03-28 03:47:29,361 [INFO] src.pipeline — Processing 538053 ...
2026-03-28 03:47:29,470 [INFO] src.pipeline — Processing 540736 ...
2026-03-28 03:47:29,583 [INFO] src.pipeline — Processing 548140 ...
2026-03-28 03:47:29,694 [INFO] src.pipeline — Processing 548865 ...
2026-03-28 03:47:29,798 [INFO] src.pipeline — Processing 558967 ...
2026-03-28 03:47:29,895 [INFO] src.pipeline — Processing 571723 ...
2026-03-28 03:47:29,977 [INFO] src.pipeline — Processing 577838 ...
2026-03-28 03:47:30,097 [WARNING] src.pipeline — [577838] PARTIAL: ['BEAT0_V1_J_POINT_LOW_CONFIDENCE', 'BEAT1_V1_J_POINT_LOW_CONFIDENCE', 'BEAT4_V1_J_POINT_LOW_CONFIDENCE', 'BEAT12_V1_J_POINT_LOW_CONFIDENCE', 'BEAT16_V1_J_POINT_LOW_CONFIDENCE']
2026-03-28 03:47:30,098 [INFO] src.pipeline — Processing 580720 ...
2026-03-28 03:47:30,194 [INFO] src.pipeline — Processing 581912 ...
2026-03-28 03:47:30,291 [WARNING] src.pipeline — [581912] PARTIAL: ['BEAT1_V2_J_POINT_LOW_CONFIDENCE']
2026-03-28 03:47:30,292 [INFO] src.pipeline — Processing 592768 ...
2026-03-28 03:47:30,378 [INFO] src.pipeline — Processing 596382 ...
2026-03-28 03:47:30,477 [INFO] src.pipeline — Processing 597251 ...
2026-03-28 03:47:30,577 [INFO] src.pipeline — Processing 613119 ...
2026-03-28 03:47:30,681 [INFO] src.pipeline — Processing 614578 ...
2026-03-28 03:47:30,777 [INFO] src.pipeline — Processing 614707 ...
2026-03-28 03:47:30,871 [INFO] src.pipeline — Processing 622530 ...
2026-03-28 03:47:30,948 [INFO] src.pipeline — Processing 624511 ...
2026-03-28 03:47:31,043 [INFO] src.pipeline — Processing 625190 ...
2026-03-28 03:47:31,162 [INFO] src.pipeline — Processing 641455 ...
2026-03-28 03:47:31,247 [INFO] src.pipeline — Processing 643139 ...
2026-03-28 03:47:31,337 [INFO] src.pipeline — Processing 801261 ...
2026-03-28 03:47:31,462 [INFO] src.pipeline — Processing 806949 ...
2026-03-28 03:47:31,562 [INFO] src.pipeline — Processing 807363 ...
2026-03-28 03:47:31,653 [INFO] src.pipeline — Processing 812209 ...
2026-03-28 03:47:31,745 [INFO] src.pipeline — Processing 812404 ...
2026-03-28 03:47:31,837 [INFO] src.pipeline — Processing 814286 ...
2026-03-28 03:47:31,932 [INFO] src.pipeline — Processing 816929 ...
2026-03-28 03:47:32,031 [INFO] src.pipeline — Processing 819710 ...
2026-03-28 03:47:32,130 [INFO] src.pipeline — Processing 821478 ...
2026-03-28 03:47:32,218 [INFO] src.pipeline — Processing 822108 ...
2026-03-28 03:47:32,315 [INFO] src.pipeline — Processing 822756 ...
2026-03-28 03:47:32,412 [INFO] src.pipeline — Processing 829768 ...
2026-03-28 03:47:32,498 [INFO] src.pipeline — Processing 830179 ...
2026-03-28 03:47:32,570 [INFO] src.pipeline — Processing 841212 ...
2026-03-28 03:47:32,680 [INFO] src.pipeline — Processing 841869 ...
2026-03-28 03:47:32,764 [INFO] src.pipeline — Processing 844915 ...
2026-03-28 03:47:32,859 [INFO] src.pipeline — Processing 849168 ...
2026-03-28 03:47:32,940 [INFO] src.pipeline — Processing 852786 ...
2026-03-28 03:47:33,063 [INFO] src.pipeline — Processing 855592 ...
2026-03-28 03:47:33,165 [INFO] src.pipeline — Processing 865998 ...
2026-03-28 03:47:33,262 [INFO] src.pipeline — Processing 866721 ...
2026-03-28 03:47:33,370 [INFO] src.pipeline — Processing 873255 ...
2026-03-28 03:47:33,456 [INFO] src.pipeline — Processing 878765 ...
2026-03-28 03:47:33,562 [INFO] src.pipeline — Processing 887465 ...
2026-03-28 03:47:33,640 [INFO] src.pipeline — Processing 891754 ...
2026-03-28 03:47:33,740 [INFO] src.pipeline — Processing 894725 ...
2026-03-28 03:47:33,841 [INFO] src.pipeline — Processing 898726 ...
2026-03-28 03:47:33,929 [INFO] src.pipeline — Processing 903442 ...
2026-03-28 03:47:34,045 [INFO] src.pipeline — Processing 903802 ...
2026-03-28 03:47:34,141 [WARNING] src.pipeline — [903802] PARTIAL: ['BEAT9_V2_J_POINT_LOW_CONFIDENCE']
2026-03-28 03:47:34,149 [INFO] src.pipeline — Processing 907736 ...
2026-03-28 03:47:34,227 [INFO] src.pipeline — Processing 913169 ...
2026-03-28 03:47:34,312 [INFO] src.pipeline — Processing 918062 ...
2026-03-28 03:47:34,412 [INFO] src.pipeline — Processing 920037 ...
2026-03-28 03:47:34,513 [INFO] src.pipeline — Processing 921230 ...
2026-03-28 03:47:34,604 [INFO] src.pipeline — Processing 930107 ...
2026-03-28 03:47:34,708 [INFO] src.pipeline — Processing 935156 ...
2026-03-28 03:47:34,797 [INFO] src.pipeline — Processing 938838 ...
2026-03-28 03:47:34,898 [INFO] src.pipeline — Processing 939546 ...
2026-03-28 03:47:34,997 [INFO] src.pipeline — Processing 945345 ...
2026-03-28 03:47:35,083 [INFO] src.pipeline — Processing 952177 ...
2026-03-28 03:47:35,179 [INFO] src.pipeline — Processing 952641 ...
2026-03-28 03:47:35,280 [INFO] src.pipeline — Processing 953976 ...
2026-03-28 03:47:35,363 [INFO] src.pipeline — Processing 958460 ...
2026-03-28 03:47:35,468 [INFO] src.pipeline — Processing 958703 ...
2026-03-28 03:47:35,556 [INFO] src.pipeline — Processing 959843 ...
2026-03-28 03:47:35,632 [INFO] src.pipeline — Processing 960432 ...
2026-03-28 03:47:35,715 [INFO] src.pipeline — Processing 962566 ...
2026-03-28 03:47:35,807 [INFO] src.pipeline — Processing 964469 ...
2026-03-28 03:47:35,910 [INFO] src.pipeline — Processing 965217 ...
2026-03-28 03:47:35,989 [INFO] src.pipeline — Processing 967547 ...
2026-03-28 03:47:36,070 [INFO] src.pipeline — Processing 968556 ...
2026-03-28 03:47:36,166 [INFO] src.pipeline — Processing 969321 ...
2026-03-28 03:47:36,265 [INFO] src.pipeline — Processing 970649 ...
2026-03-28 03:47:36,366 [INFO] src.pipeline — Processing 972048 ...
2026-03-28 03:47:36,464 [INFO] src.pipeline — Processing 972330 ...
2026-03-28 03:47:36,549 [INFO] src.pipeline — Processing 972781 ...
2026-03-28 03:47:36,645 [INFO] src.pipeline — Processing 980284 ...
2026-03-28 03:47:36,728 [INFO] src.pipeline — Processing 982732 ...
2026-03-28 03:47:36,820 [INFO] src.pipeline — Processing 985814 ...
2026-03-28 03:47:36,914 [INFO] src.pipeline — Processing 991528 ...
2026-03-28 03:47:36,999 [INFO] src.pipeline — Processing 994065 ...
2026-03-28 03:47:37,084 [INFO] src.pipeline — Processing 994217 ...
2026-03-28 03:47:37,163 [INFO] src.pipeline — Processing 994515 ...
2026-03-28 03:47:37,359 [INFO] src.pipeline — Processing 998036 ...
2026-03-28 03:47:37,469 [INFO] src.pipeline — Processing 999474 ...
2026-03-28 03:47:37,564 [INFO] src.pipeline — Processing 1009874 ...
2026-03-28 03:47:37,641 [INFO] src.pipeline — Processing 1013884 ...
2026-03-28 03:47:37,712 [INFO] src.pipeline — Processing 1023925 ...
2026-03-28 03:47:37,791 [INFO] src.pipeline — Processing 1036640 ...
2026-03-28 03:47:37,862 [INFO] src.pipeline — Processing 1041375 ...
2026-03-28 03:47:37,948 [INFO] src.pipeline — Processing 1053511 ...
2026-03-28 03:47:38,027 [INFO] src.pipeline — Processing 1054733 ...
2026-03-28 03:47:38,097 [INFO] src.pipeline — Processing 1058085 ...
2026-03-28 03:47:38,177 [INFO] src.pipeline — Processing 1058605 ...
2026-03-28 03:47:38,280 [INFO] src.pipeline — Processing 1061898 ...
2026-03-28 03:47:38,355 [INFO] src.pipeline — Processing 1063368 ...
2026-03-28 03:47:38,447 [INFO] src.pipeline — Processing 1073253 ...
2026-03-28 03:47:38,533 [INFO] src.pipeline — Processing 1074787 ...
2026-03-28 03:47:38,635 [INFO] src.pipeline — Processing 1080968 ...
2026-03-28 03:47:38,731 [INFO] src.pipeline — Processing 1081032 ...
2026-03-28 03:47:38,814 [INFO] src.pipeline — Processing 1081338 ...
2026-03-28 03:47:38,914 [INFO] src.pipeline — Processing 1084994 ...
2026-03-28 03:47:38,997 [INFO] src.pipeline — Processing 1085203 ...
2026-03-28 03:47:39,089 [INFO] src.pipeline — Processing 1087704 ...
2026-03-28 03:47:39,178 [INFO] src.pipeline — Processing 1088175 ...
2026-03-28 03:47:39,249 [INFO] src.pipeline — Processing 1088261 ...
2026-03-28 03:47:39,347 [INFO] src.pipeline — Processing 1088796 ...
2026-03-28 03:47:39,447 [INFO] src.pipeline — Processing 1092237 ...
2026-03-28 03:47:39,534 [WARNING] src.pipeline — [1092237] PARTIAL: ['BEAT0_V1_J_POINT_LOW_CONFIDENCE', 'BEAT1_V1_J_POINT_LOW_CONFIDENCE', 'BEAT2_V1_J_POINT_LOW_CONFIDENCE', 'BEAT3_V1_J_POINT_LOW_CONFIDENCE', 'BEAT4_V1_J_POINT_LOW_CONFIDENCE', 'BEAT5_V1_J_POINT_LOW_CONFIDENCE', 'BEAT6_V1_J_POINT_LOW_CONFIDENCE', 'BEAT7_V1_J_POINT_LOW_CONFIDENCE', 'BEAT8_V1_J_POINT_LOW_CONFIDENCE']
2026-03-28 03:47:39,538 [INFO] src.pipeline — Processing 1093224 ...
2026-03-28 03:47:39,645 [INFO] src.pipeline — Processing 1096625 ...
2026-03-28 03:47:39,733 [INFO] src.pipeline — Processing 1097714 ...
2026-03-28 03:47:39,816 [INFO] src.pipeline — Processing 1098314 ...
2026-03-28 03:47:39,923 [INFO] src.pipeline — Processing 1099262 ...
2026-03-28 03:47:40,007 [INFO] src.pipeline — Processing 1102607 ...
2026-03-28 03:47:40,117 [INFO] src.pipeline — Processing 1103983 ...
2026-03-28 03:47:40,228 [INFO] src.pipeline — Processing 1106149 ...
2026-03-28 03:47:40,308 [INFO] src.pipeline — Processing 1112604 ...
2026-03-28 03:47:40,415 [INFO] src.pipeline — Processing 1117553 ...
2026-03-28 03:47:40,498 [INFO] src.pipeline — Processing 1118251 ...
2026-03-28 03:47:40,589 [INFO] src.pipeline — Processing 1121137 ...
2026-03-28 03:47:40,665 [INFO] src.pipeline — Processing 1122903 ...
2026-03-28 03:47:40,767 [INFO] src.pipeline — Processing 1124825 ...
2026-03-28 03:47:40,847 [INFO] src.pipeline — Processing 1124826 ...
2026-03-28 03:47:40,931 [INFO] src.pipeline — Processing 1128835 ...
2026-03-28 03:47:41,004 [INFO] src.pipeline — Processing 1134284 ...
2026-03-28 03:47:41,088 [INFO] src.pipeline — Processing 1135434 ...
2026-03-28 03:47:41,180 [INFO] src.pipeline — Processing 1138153 ...
2026-03-28 03:47:41,266 [INFO] src.pipeline — Processing 1141322 ...
2026-03-28 03:47:41,339 [INFO] src.pipeline — Processing 1142915 ...
2026-03-28 03:47:41,449 [INFO] src.pipeline — Processing 1145203 ...
2026-03-28 03:47:41,532 [INFO] src.pipeline — Processing 1146063 ...
2026-03-28 03:47:41,623 [INFO] src.pipeline — Processing 1147684 ...
2026-03-28 03:47:41,705 [INFO] src.pipeline — Processing 1148718 ...
2026-03-28 03:47:41,800 [INFO] src.pipeline — Processing 1152054 ...
2026-03-28 03:47:41,898 [INFO] src.pipeline — Processing 1157038 ...
2026-03-28 03:47:41,979 [INFO] src.pipeline — Processing 1160261 ...
2026-03-28 03:47:42,055 [INFO] src.pipeline — Processing 1165447 ...
2026-03-28 03:47:42,140 [INFO] src.pipeline — Processing 1165448 ...
2026-03-28 03:47:42,213 [INFO] src.pipeline — Processing 1169405 ...
2026-03-28 03:47:42,306 [INFO] src.pipeline — Processing 1172602 ...
2026-03-28 03:47:42,398 [INFO] src.pipeline — Processing 1176675 ...
2026-03-28 03:47:42,482 [INFO] src.pipeline — Processing 1177018 ...
2026-03-28 03:47:42,567 [INFO] src.pipeline — Processing 1180702 ...
2026-03-28 03:47:42,656 [INFO] src.pipeline — Processing 1183349 ...
2026-03-28 03:47:42,749 [INFO] src.pipeline — Processing 1184742 ...
2026-03-28 03:47:42,830 [INFO] src.pipeline — Processing 1187599 ...
2026-03-28 03:47:42,930 [INFO] src.pipeline — Processing 1188747 ...
2026-03-28 03:47:43,024 [INFO] src.pipeline — Processing 1190805 ...
2026-03-28 03:47:43,122 [INFO] src.pipeline — Processing 1191551 ...
2026-03-28 03:47:43,205 [INFO] src.pipeline — Processing 1191595 ...
2026-03-28 03:47:43,301 [INFO] src.pipeline — Processing 1192135 ...
2026-03-28 03:47:43,408 [INFO] src.pipeline — Processing 1192146 ...
2026-03-28 03:47:43,482 [INFO] src.pipeline — Processing 1192654 ...
2026-03-28 03:47:43,557 [INFO] src.pipeline — Processing 1197538 ...
2026-03-28 03:47:43,640 [INFO] src.pipeline — Processing 1199480 ...
2026-03-28 03:47:43,716 [INFO] src.pipeline — Processing 1199517 ...
2026-03-28 03:47:43,813 [INFO] src.pipeline — Processing 1199593 ...
2026-03-28 03:47:43,899 [INFO] src.pipeline — Processing 1202306 ...
2026-03-28 03:47:43,989 [INFO] src.pipeline — Processing 1207769 ...
2026-03-28 03:47:44,085 [INFO] src.pipeline — Processing 1207947 ...
2026-03-28 03:47:44,180 [INFO] src.pipeline — Processing 1214441 ...
2026-03-28 03:47:44,264 [INFO] src.pipeline — Processing 1220716 ...
2026-03-28 03:47:44,365 [INFO] src.pipeline — Processing 1221590 ...
2026-03-28 03:47:44,466 [INFO] src.pipeline — Processing 1223519 ...
2026-03-28 03:47:44,548 [INFO] src.pipeline — Processing 1224102 ...
2026-03-28 03:47:44,630 [INFO] src.pipeline — Processing 1228746 ...
2026-03-28 03:47:44,707 [INFO] src.pipeline — Processing 1230482 ...
2026-03-28 03:47:44,743 [ERROR] src.pipeline — [1230482] FAILED: TOO_FEW_VALID_BEATS:0
2026-03-28 03:47:44,744 [INFO] src.pipeline — Processing 1231339 ...
2026-03-28 03:47:44,831 [INFO] src.pipeline — Processing 1235674 ...
2026-03-28 03:47:44,935 [INFO] src.pipeline — Processing 1236012 ...
2026-03-28 03:47:45,013 [INFO] src.pipeline — Processing 1237748 ...
2026-03-28 03:47:45,097 [INFO] src.pipeline — Processing 1238446 ...
2026-03-28 03:47:45,185 [INFO] src.pipeline — Processing 1238671 ...
2026-03-28 03:47:45,265 [INFO] src.pipeline — Processing 1242678 ...
2026-03-28 03:47:45,356 [INFO] src.pipeline — Processing 1244867 ...
2026-03-28 03:47:45,433 [INFO] src.pipeline — Processing 1248576 ...
2026-03-28 03:47:45,516 [INFO] src.pipeline — Processing 1248611 ...
2026-03-28 03:47:45,597 [INFO] src.pipeline — Processing 1252288 ...
2026-03-28 03:47:45,706 [INFO] src.pipeline — Processing 1254062 ...
2026-03-28 03:47:45,790 [INFO] src.pipeline — Processing 1254171 ...
2026-03-28 03:47:45,884 [INFO] src.pipeline — Processing 1254267 ...
2026-03-28 03:47:45,981 [INFO] src.pipeline — Processing 1259391 ...
2026-03-28 03:47:46,068 [INFO] src.pipeline — Processing 1263008 ...
2026-03-28 03:47:46,152 [INFO] src.pipeline — Processing 1270798 ...
2026-03-28 03:47:46,223 [INFO] src.pipeline — Processing 1272319 ...
2026-03-28 03:47:46,316 [INFO] src.pipeline — Processing 1272821 ...
2026-03-28 03:47:46,411 [INFO] src.pipeline — Processing 1274776 ...
2026-03-28 03:47:46,497 [INFO] src.pipeline — Processing 1275329 ...
2026-03-28 03:47:46,575 [INFO] src.pipeline — Processing 1277374 ...
2026-03-28 03:47:46,689 [INFO] src.pipeline — Processing 1278746 ...
2026-03-28 03:47:46,767 [INFO] src.pipeline — Processing 1280588 ...
2026-03-28 03:47:46,867 [INFO] src.pipeline — Processing 1281380 ...
2026-03-28 03:47:46,958 [INFO] src.pipeline — Processing 1284182 ...
2026-03-28 03:47:47,041 [INFO] src.pipeline — Processing 1285404 ...
2026-03-28 03:47:47,140 [INFO] src.pipeline — Processing 1286512 ...
2026-03-28 03:47:47,230 [INFO] src.pipeline — Processing 1290629 ...
2026-03-28 03:47:47,317 [INFO] src.pipeline — Processing 1290807 ...
2026-03-28 03:47:47,391 [INFO] src.pipeline — Processing 1294540 ...
2026-03-28 03:47:47,480 [INFO] src.pipeline — Processing 1297151 ...
2026-03-28 03:47:47,569 [INFO] src.pipeline — Processing 1297765 ...
2026-03-28 03:47:47,648 [INFO] src.pipeline — Processing 1297767 ...
2026-03-28 03:47:47,735 [INFO] src.pipeline — Processing 1298469 ...
2026-03-28 03:47:47,830 [INFO] src.pipeline — Processing 1303729 ...
2026-03-28 03:47:47,904 [INFO] src.pipeline — Processing 1305051 ...
2026-03-28 03:47:47,975 [INFO] src.pipeline — Processing 1307673 ...
2026-03-28 03:47:48,059 [INFO] src.pipeline — Processing 1307716 ...
2026-03-28 03:47:48,132 [INFO] src.pipeline — Processing 1309300 ...
2026-03-28 03:47:48,216 [INFO] src.pipeline — Processing 1310052 ...
2026-03-28 03:47:48,299 [INFO] src.pipeline — Processing 1312303 ...
2026-03-28 03:47:48,489 [INFO] src.pipeline — Processing 1313974 ...
2026-03-28 03:47:48,731 [INFO] src.pipeline — Processing 1316784 ...
2026-03-28 03:47:48,814 [INFO] src.pipeline — Processing 1318568 ...
2026-03-28 03:47:48,899 [INFO] src.pipeline — Processing 1326991 ...
2026-03-28 03:47:48,999 [INFO] src.pipeline — Processing 1327775 ...
2026-03-28 03:47:49,129 [INFO] src.pipeline — Processing 1327784 ...
2026-03-28 03:47:49,231 [INFO] src.pipeline — Processing 1332388 ...
2026-03-28 03:47:49,348 [INFO] src.pipeline — Processing 1336243 ...
2026-03-28 03:47:49,437 [INFO] src.pipeline — Processing 1337461 ...
2026-03-28 03:47:49,517 [INFO] src.pipeline — Processing 1338772 ...
2026-03-28 03:47:49,616 [INFO] src.pipeline — Processing 1338780 ...
2026-03-28 03:47:49,729 [INFO] src.pipeline — Processing 1342979 ...
2026-03-28 03:47:49,819 [INFO] src.pipeline — Processing 1344639 ...
2026-03-28 03:47:49,911 [INFO] src.pipeline — Processing 1346727 ...
2026-03-28 03:47:50,003 [INFO] src.pipeline — Processing 1350930 ...
2026-03-28 03:47:50,097 [INFO] src.pipeline — Processing 1357325 ...
2026-03-28 03:47:50,207 [INFO] src.pipeline — Processing 1358245 ...
2026-03-28 03:47:50,297 [INFO] src.pipeline — Processing 1360656 ...
2026-03-28 03:47:50,382 [INFO] src.pipeline — Processing 1366050 ...
2026-03-28 03:47:50,483 [INFO] src.pipeline — Processing 1366637 ...
2026-03-28 03:47:50,581 [INFO] src.pipeline — Processing 1370418 ...
2026-03-28 03:47:50,683 [INFO] src.pipeline — Processing 1370819 ...
2026-03-28 03:47:50,773 [INFO] src.pipeline — Processing 1371132 ...
2026-03-28 03:47:50,855 [INFO] src.pipeline — Processing 1371554 ...
2026-03-28 03:47:50,952 [INFO] src.pipeline — Processing 1372180 ...
2026-03-28 03:47:51,039 [INFO] src.pipeline — Processing 1372181 ...
2026-03-28 03:47:51,149 [INFO] src.pipeline — Processing 1381534 ...
2026-03-28 03:47:51,237 [INFO] src.pipeline — Processing 1382112 ...
2026-03-28 03:47:51,335 [INFO] src.pipeline — Processing 1383335 ...
2026-03-28 03:47:51,424 [INFO] src.pipeline — Processing 1385747 ...
2026-03-28 03:47:51,502 [INFO] src.pipeline — Processing 1386698 ...
2026-03-28 03:47:51,587 [INFO] src.pipeline — Processing 1390489 ...
2026-03-28 03:47:51,691 [INFO] src.pipeline — Processing 1403173 ...
2026-03-28 03:47:51,775 [INFO] src.pipeline — Processing 1404688 ...
2026-03-28 03:47:51,875 [INFO] src.pipeline — Processing 1407660 ...
2026-03-28 03:47:51,966 [INFO] src.pipeline — Processing 1408290 ...
2026-03-28 03:47:52,068 [INFO] src.pipeline — Processing 1414022 ...
2026-03-28 03:47:52,158 [INFO] src.pipeline — Processing 1414967 ...
2026-03-28 03:47:52,257 [INFO] src.pipeline — Processing 1416483 ...
2026-03-28 03:47:52,350 [INFO] src.pipeline — Processing 1417008 ...
2026-03-28 03:47:52,425 [INFO] src.pipeline — Processing 1418000 ...
2026-03-28 03:47:52,515 [INFO] src.pipeline — Processing 1419825 ...
2026-03-28 03:47:52,610 [INFO] src.pipeline — Processing 1421261 ...
2026-03-28 03:47:52,704 [INFO] src.pipeline — Processing 1421316 ...
2026-03-28 03:47:52,783 [INFO] src.pipeline — Processing 1422523 ...
2026-03-28 03:47:52,881 [INFO] src.pipeline — Processing 1422770 ...
2026-03-28 03:47:52,965 [INFO] src.pipeline — Processing 1423789 ...
2026-03-28 03:47:53,050 [INFO] src.pipeline — Processing 1424148 ...
2026-03-28 03:47:53,167 [INFO] src.pipeline — Processing 1425960 ...
2026-03-28 03:47:53,273 [INFO] src.pipeline — Processing 1426919 ...
2026-03-28 03:47:53,374 [INFO] src.pipeline — Processing 2187085 ...
2026-03-28 03:47:53,466 [INFO] src.pipeline — Processing 2635972 ...
2026-03-28 03:47:53,552 [INFO] src.pipeline — Processing 3003692 ...
2026-03-28 03:47:53,648 [INFO] src.pipeline — Processing 3004284 ...
2026-03-28 03:47:53,725 [INFO] src.pipeline — Processing 3006598 ...
2026-03-28 03:47:53,815 [INFO] src.pipeline — Processing 3007664 ...
2026-03-28 03:47:53,908 [INFO] src.pipeline — Processing 3009538 ...
2026-03-28 03:47:53,999 [INFO] src.pipeline — Processing 3009950 ...
2026-03-28 03:47:54,076 [INFO] src.pipeline — Processing 3015438 ...
2026-03-28 03:47:54,167 [INFO] src.pipeline — Processing 3015440 ...
2026-03-28 03:47:54,248 [INFO] src.pipeline — Processing 3015449 ...
2026-03-28 03:47:54,349 [INFO] src.pipeline — Processing 3016396 ...
2026-03-28 03:47:54,439 [INFO] src.pipeline — Processing 3016401 ...
2026-03-28 03:47:54,517 [INFO] src.pipeline — Processing 3028930 ...
2026-03-28 03:47:54,600 [INFO] src.pipeline — Processing 3030937 ...
2026-03-28 03:47:54,691 [INFO] src.pipeline — Processing 3035210 ...
2026-03-28 03:47:54,767 [INFO] src.pipeline — Processing 3037390 ...
2026-03-28 03:47:54,866 [INFO] src.pipeline — Processing 3037617 ...
2026-03-28 03:47:54,955 [INFO] src.pipeline — Processing 3043155 ...
2026-03-28 03:47:55,052 [INFO] src.pipeline — Processing 3044775 ...
2026-03-28 03:47:55,135 [INFO] src.pipeline — Processing 3045053 ...
2026-03-28 03:47:55,223 [INFO] src.pipeline — Processing 3045059 ...
2026-03-28 03:47:55,301 [INFO] src.pipeline — Processing 3045751 ...
2026-03-28 03:47:55,385 [INFO] src.pipeline — Processing 3058024 ...
2026-03-28 03:47:55,485 [INFO] src.pipeline — Processing 3058134 ...
2026-03-28 03:47:55,559 [INFO] src.pipeline — Processing 3062045 ...
2026-03-28 03:47:55,635 [INFO] src.pipeline — Processing 3064724 ...
2026-03-28 03:47:55,725 [INFO] src.pipeline — Processing 3065295 ...
2026-03-28 03:47:55,808 [INFO] src.pipeline — Processing 3067191 ...
2026-03-28 03:47:55,885 [INFO] src.pipeline — Processing 3067196 ...
2026-03-28 03:47:55,991 [INFO] src.pipeline — Processing 3071151 ...
2026-03-28 03:47:56,077 [INFO] src.pipeline — Processing 3072833 ...
2026-03-28 03:47:56,158 [INFO] src.pipeline — Processing 3072836 ...
2026-03-28 03:47:56,251 [INFO] src.pipeline — Processing 3073346 ...
2026-03-28 03:47:56,350 [INFO] src.pipeline — Processing 3074751 ...
2026-03-28 03:47:56,418 [INFO] src.pipeline — Processing 3075260 ...
2026-03-28 03:47:56,523 [INFO] src.pipeline — Processing 3080118 ...
2026-03-28 03:47:56,600 [INFO] src.pipeline — Processing 3080186 ...
2026-03-28 03:47:56,685 [INFO] src.pipeline — Processing 3092472 ...
2026-03-28 03:47:56,783 [INFO] src.pipeline — Processing 3093924 ...
2026-03-28 03:47:56,860 [INFO] src.pipeline — Processing 3094047 ...
2026-03-28 03:47:56,941 [INFO] src.pipeline — Processing 3094049 ...
2026-03-28 03:47:57,053 [WARNING] src.pipeline — [3094049] PARTIAL: ['BEAT2_V1_J_POINT_LOW_CONFIDENCE', 'BEAT4_V1_J_POINT_LOW_CONFIDENCE', 'BEAT5_V1_J_POINT_LOW_CONFIDENCE', 'BEAT6_V1_J_POINT_LOW_CONFIDENCE', 'BEAT7_V1_J_POINT_LOW_CONFIDENCE']
2026-03-28 03:47:57,054 [INFO] src.pipeline — Processing 3095195 ...
2026-03-28 03:47:57,162 [INFO] src.pipeline — Processing 3095200 ...
2026-03-28 03:47:57,268 [INFO] src.pipeline — Processing 3096254 ...
2026-03-28 03:47:57,386 [INFO] src.pipeline — Processing 3099875 ...
2026-03-28 03:47:57,469 [INFO] src.pipeline — Processing 3101011 ...
2026-03-28 03:47:57,553 [INFO] src.pipeline — Processing 3110550 ...
2026-03-28 03:47:57,764 [INFO] src.pipeline — Processing 3113249 ...
2026-03-28 03:47:57,944 [INFO] src.pipeline — Processing 3114582 ...
2026-03-28 03:47:58,052 [INFO] src.pipeline — Processing 3118448 ...
2026-03-28 03:47:58,153 [INFO] src.pipeline — Processing 3128412 ...
2026-03-28 03:47:58,242 [INFO] src.pipeline — Processing 3128947 ...
2026-03-28 03:47:58,350 [INFO] src.pipeline — Processing 3128957 ...
2026-03-28 03:47:58,442 [INFO] src.pipeline — Processing 3133602 ...
2026-03-28 03:47:58,534 [INFO] src.pipeline — Processing 3136075 ...
2026-03-28 03:47:58,621 [INFO] src.pipeline — Processing 3138453 ...
2026-03-28 03:47:58,693 [INFO] src.pipeline — Processing 3139196 ...
2026-03-28 03:47:59,386 [INFO] src.pipeline — Pipeline complete. OK: 356 | PARTIAL: 5 | FAILED: 2
2026-03-28 03:48:53,264 [INFO] src.pipeline — Processing 188981 ...
2026-03-28 03:48:56,279 [INFO] src.pipeline — Processing 251972 ...
2026-03-28 03:48:56,384 [INFO] src.pipeline — Processing 265715 ...
2026-03-28 03:48:56,479 [INFO] src.pipeline — Processing 267628 ...
2026-03-28 03:48:56,577 [INFO] src.pipeline — Processing 267630 ...
2026-03-28 03:48:56,594 [ERROR] src.pipeline — [267630] FAILED: TOO_FEW_RPEAKS: 0
2026-03-28 03:48:56,597 [INFO] src.pipeline — Processing 286830 ...
2026-03-28 03:48:56,687 [INFO] src.pipeline — Processing 287355 ...
2026-03-28 03:48:56,760 [INFO] src.pipeline — Processing 292220 ...
2026-03-28 03:48:56,860 [INFO] src.pipeline — Processing 292666 ...
2026-03-28 03:48:56,943 [INFO] src.pipeline — Processing 304141 ...
2026-03-28 03:48:57,014 [INFO] src.pipeline — Processing 314397 ...
2026-03-28 03:48:57,103 [INFO] src.pipeline — Processing 316872 ...
2026-03-28 03:48:57,177 [INFO] src.pipeline — Processing 317547 ...
2026-03-28 03:48:57,261 [INFO] src.pipeline — Processing 319150 ...
2026-03-28 03:48:57,344 [INFO] src.pipeline — Processing 319221 ...
2026-03-28 03:48:57,431 [INFO] src.pipeline — Processing 325231 ...
2026-03-28 03:48:57,539 [INFO] src.pipeline — Processing 325966 ...
2026-03-28 03:48:57,631 [INFO] src.pipeline — Processing 329034 ...
2026-03-28 03:48:57,703 [INFO] src.pipeline — Processing 329533 ...
2026-03-28 03:48:57,778 [INFO] src.pipeline — Processing 395553 ...
2026-03-28 03:48:57,860 [INFO] src.pipeline — Processing 405298 ...
2026-03-28 03:48:57,944 [INFO] src.pipeline — Processing 406008 ...
2026-03-28 03:48:58,038 [INFO] src.pipeline — Processing 413267 ...
2026-03-28 03:48:58,146 [INFO] src.pipeline — Processing 419510 ...
2026-03-28 03:48:58,238 [INFO] src.pipeline — Processing 419960 ...
2026-03-28 03:48:58,377 [INFO] src.pipeline — Processing 428031 ...
2026-03-28 03:48:58,510 [INFO] src.pipeline — Processing 434996 ...
2026-03-28 03:48:58,619 [INFO] src.pipeline — Processing 438721 ...
2026-03-28 03:48:58,704 [INFO] src.pipeline — Processing 445953 ...
2026-03-28 03:48:58,796 [INFO] src.pipeline — Processing 450733 ...
2026-03-28 03:48:58,917 [INFO] src.pipeline — Processing 460919 ...
2026-03-28 03:48:59,035 [INFO] src.pipeline — Processing 461866 ...
2026-03-28 03:48:59,164 [INFO] src.pipeline — Processing 466796 ...
2026-03-28 03:48:59,314 [INFO] src.pipeline — Processing 471727 ...
2026-03-28 03:48:59,404 [INFO] src.pipeline — Processing 478457 ...
2026-03-28 03:48:59,513 [INFO] src.pipeline — Processing 482516 ...
2026-03-28 03:48:59,635 [INFO] src.pipeline — Processing 482868 ...
2026-03-28 03:48:59,743 [INFO] src.pipeline — Processing 487609 ...
2026-03-28 03:48:59,845 [INFO] src.pipeline — Processing 489539 ...
2026-03-28 03:49:00,052 [INFO] src.pipeline — Processing 505351 ...
2026-03-28 03:49:00,154 [INFO] src.pipeline — Processing 506408 ...
2026-03-28 03:49:00,253 [INFO] src.pipeline — Processing 509648 ...
2026-03-28 03:49:00,336 [INFO] src.pipeline — Processing 516092 ...
2026-03-28 03:49:00,458 [INFO] src.pipeline — Processing 519139 ...
2026-03-28 03:49:00,574 [INFO] src.pipeline — Processing 519687 ...
2026-03-28 03:49:00,648 [INFO] src.pipeline — Processing 532816 ...
2026-03-28 03:49:00,733 [INFO] src.pipeline — Processing 538053 ...
2026-03-28 03:49:00,857 [INFO] src.pipeline — Processing 540736 ...
2026-03-28 03:49:00,985 [INFO] src.pipeline — Processing 548140 ...
2026-03-28 03:49:01,090 [INFO] src.pipeline — Processing 548865 ...
2026-03-28 03:49:01,212 [INFO] src.pipeline — Processing 558967 ...
2026-03-28 03:49:01,323 [INFO] src.pipeline — Processing 571723 ...
2026-03-28 03:49:01,444 [INFO] src.pipeline — Processing 577838 ...
2026-03-28 03:49:01,572 [WARNING] src.pipeline — [577838] PARTIAL: ['BEAT0_V1_J_POINT_LOW_CONFIDENCE', 'BEAT1_V1_J_POINT_LOW_CONFIDENCE', 'BEAT4_V1_J_POINT_LOW_CONFIDENCE', 'BEAT12_V1_J_POINT_LOW_CONFIDENCE', 'BEAT16_V1_J_POINT_LOW_CONFIDENCE']
2026-03-28 03:49:01,572 [INFO] src.pipeline — Processing 580720 ...
2026-03-28 03:49:01,696 [INFO] src.pipeline — Processing 581912 ...
2026-03-28 03:49:01,830 [WARNING] src.pipeline — [581912] PARTIAL: ['BEAT1_V2_J_POINT_LOW_CONFIDENCE']
2026-03-28 03:49:01,830 [INFO] src.pipeline — Processing 592768 ...
2026-03-28 03:49:01,954 [INFO] src.pipeline — Processing 596382 ...
2026-03-28 03:49:02,062 [INFO] src.pipeline — Processing 597251 ...
2026-03-28 03:49:02,187 [INFO] src.pipeline — Processing 613119 ...
2026-03-28 03:49:02,328 [INFO] src.pipeline — Processing 614578 ...
2026-03-28 03:49:02,439 [INFO] src.pipeline — Processing 614707 ...
2026-03-28 03:49:02,546 [INFO] src.pipeline — Processing 622530 ...
2026-03-28 03:49:02,680 [INFO] src.pipeline — Processing 624511 ...
2026-03-28 03:49:02,799 [INFO] src.pipeline — Processing 625190 ...
2026-03-28 03:49:02,908 [INFO] src.pipeline — Processing 641455 ...
2026-03-28 03:49:03,022 [INFO] src.pipeline — Processing 643139 ...
2026-03-28 03:49:03,129 [INFO] src.pipeline — Processing 801261 ...
2026-03-28 03:49:03,273 [INFO] src.pipeline — Processing 806949 ...
2026-03-28 03:49:03,407 [INFO] src.pipeline — Processing 807363 ...
2026-03-28 03:49:03,551 [INFO] src.pipeline — Processing 812209 ...
2026-03-28 03:49:03,747 [INFO] src.pipeline — Processing 812404 ...
2026-03-28 03:49:03,925 [INFO] src.pipeline — Processing 814286 ...
2026-03-28 03:49:04,029 [INFO] src.pipeline — Processing 816929 ...
2026-03-28 03:49:04,129 [INFO] src.pipeline — Processing 819710 ...
2026-03-28 03:49:04,212 [INFO] src.pipeline — Processing 821478 ...
2026-03-28 03:49:04,302 [INFO] src.pipeline — Processing 822108 ...
2026-03-28 03:49:04,416 [INFO] src.pipeline — Processing 822756 ...
2026-03-28 03:49:04,515 [INFO] src.pipeline — Processing 829768 ...
2026-03-28 03:49:04,613 [INFO] src.pipeline — Processing 830179 ...
2026-03-28 03:49:04,705 [INFO] src.pipeline — Processing 841212 ...
2026-03-28 03:49:04,802 [INFO] src.pipeline — Processing 841869 ...
2026-03-28 03:49:04,895 [INFO] src.pipeline — Processing 844915 ...
2026-03-28 03:49:04,992 [INFO] src.pipeline — Processing 849168 ...
2026-03-28 03:49:05,072 [INFO] src.pipeline — Processing 852786 ...
2026-03-28 03:49:05,172 [INFO] src.pipeline — Processing 855592 ...
2026-03-28 03:49:05,246 [INFO] src.pipeline — Processing 865998 ...
2026-03-28 03:49:05,339 [INFO] src.pipeline — Processing 866721 ...
2026-03-28 03:49:05,442 [INFO] src.pipeline — Processing 873255 ...
2026-03-28 03:49:05,531 [INFO] src.pipeline — Processing 878765 ...
2026-03-28 03:49:05,614 [INFO] src.pipeline — Processing 887465 ...
2026-03-28 03:49:05,697 [INFO] src.pipeline — Processing 891754 ...
2026-03-28 03:49:05,779 [INFO] src.pipeline — Processing 894725 ...
2026-03-28 03:49:05,861 [INFO] src.pipeline — Processing 898726 ...
2026-03-28 03:49:05,957 [INFO] src.pipeline — Processing 903442 ...
2026-03-28 03:49:06,057 [INFO] src.pipeline — Processing 903802 ...
2026-03-28 03:49:06,138 [WARNING] src.pipeline — [903802] PARTIAL: ['BEAT9_V2_J_POINT_LOW_CONFIDENCE']
2026-03-28 03:49:06,139 [INFO] src.pipeline — Processing 907736 ...
2026-03-28 03:49:06,229 [INFO] src.pipeline — Processing 913169 ...
2026-03-28 03:49:06,311 [INFO] src.pipeline — Processing 918062 ...
2026-03-28 03:49:06,447 [INFO] src.pipeline — Processing 920037 ...
2026-03-28 03:49:06,563 [INFO] src.pipeline — Processing 921230 ...
2026-03-28 03:49:06,744 [INFO] src.pipeline — Processing 930107 ...
2026-03-28 03:49:06,921 [INFO] src.pipeline — Processing 935156 ...
2026-03-28 03:49:07,004 [INFO] src.pipeline — Processing 938838 ...
2026-03-28 03:49:07,090 [INFO] src.pipeline — Processing 939546 ...
2026-03-28 03:49:07,183 [INFO] src.pipeline — Processing 945345 ...
2026-03-28 03:49:07,271 [INFO] src.pipeline — Processing 952177 ...
2026-03-28 03:49:07,365 [INFO] src.pipeline — Processing 952641 ...
2026-03-28 03:49:07,454 [INFO] src.pipeline — Processing 953976 ...
2026-03-28 03:49:07,534 [INFO] src.pipeline — Processing 958460 ...
2026-03-28 03:49:07,695 [INFO] src.pipeline — Processing 958703 ...
2026-03-28 03:49:07,928 [INFO] src.pipeline — Processing 959843 ...
2026-03-28 03:49:08,183 [INFO] src.pipeline — Processing 960432 ...
2026-03-28 03:49:08,282 [INFO] src.pipeline — Processing 962566 ...
2026-03-28 03:49:08,363 [INFO] src.pipeline — Processing 964469 ...
2026-03-28 03:49:08,437 [INFO] src.pipeline — Processing 965217 ...
2026-03-28 03:49:08,514 [INFO] src.pipeline — Processing 967547 ...
2026-03-28 03:49:08,585 [INFO] src.pipeline — Processing 968556 ...
2026-03-28 03:49:08,682 [INFO] src.pipeline — Processing 969321 ...
2026-03-28 03:49:08,765 [INFO] src.pipeline — Processing 970649 ...
2026-03-28 03:49:08,846 [INFO] src.pipeline — Processing 972048 ...
2026-03-28 03:49:08,945 [INFO] src.pipeline — Processing 972330 ...
2026-03-28 03:49:09,034 [INFO] src.pipeline — Processing 972781 ...
2026-03-28 03:49:09,114 [INFO] src.pipeline — Processing 980284 ...
2026-03-28 03:49:09,189 [INFO] src.pipeline — Processing 982732 ...
2026-03-28 03:49:09,267 [INFO] src.pipeline — Processing 985814 ...
2026-03-28 03:49:09,332 [INFO] src.pipeline — Processing 991528 ...
2026-03-28 03:49:09,411 [INFO] src.pipeline — Processing 994065 ...
2026-03-28 03:49:09,483 [INFO] src.pipeline — Processing 994217 ...
2026-03-28 03:49:09,675 [INFO] src.pipeline — Processing 994515 ...
2026-03-28 03:49:09,803 [INFO] src.pipeline — Processing 998036 ...
2026-03-28 03:49:09,882 [INFO] src.pipeline — Processing 999474 ...
2026-03-28 03:49:09,974 [INFO] src.pipeline — Processing 1009874 ...
2026-03-28 03:49:10,051 [INFO] src.pipeline — Processing 1013884 ...
2026-03-28 03:49:10,131 [INFO] src.pipeline — Processing 1023925 ...
2026-03-28 03:49:10,200 [INFO] src.pipeline — Processing 1036640 ...
2026-03-28 03:49:10,282 [INFO] src.pipeline — Processing 1041375 ...
2026-03-28 03:49:10,366 [INFO] src.pipeline — Processing 1053511 ...
2026-03-28 03:49:10,433 [INFO] src.pipeline — Processing 1054733 ...
2026-03-28 03:49:10,513 [INFO] src.pipeline — Processing 1058085 ...
2026-03-28 03:49:10,625 [INFO] src.pipeline — Processing 1058605 ...
2026-03-28 03:49:10,729 [INFO] src.pipeline — Processing 1061898 ...
2026-03-28 03:49:10,797 [INFO] src.pipeline — Processing 1063368 ...
2026-03-28 03:49:10,875 [INFO] src.pipeline — Processing 1073253 ...
2026-03-28 03:49:10,946 [INFO] src.pipeline — Processing 1074787 ...
2026-03-28 03:49:11,014 [INFO] src.pipeline — Processing 1080968 ...
2026-03-28 03:49:11,091 [INFO] src.pipeline — Processing 1081032 ...
2026-03-28 03:49:11,155 [INFO] src.pipeline — Processing 1081338 ...
2026-03-28 03:49:11,224 [INFO] src.pipeline — Processing 1084994 ...
2026-03-28 03:49:11,288 [INFO] src.pipeline — Processing 1085203 ...
2026-03-28 03:49:11,355 [INFO] src.pipeline — Processing 1087704 ...
2026-03-28 03:49:11,434 [INFO] src.pipeline — Processing 1088175 ...
2026-03-28 03:49:11,496 [INFO] src.pipeline — Processing 1088261 ...
2026-03-28 03:49:11,573 [INFO] src.pipeline — Processing 1088796 ...
2026-03-28 03:49:11,640 [INFO] src.pipeline — Processing 1092237 ...
2026-03-28 03:49:11,700 [WARNING] src.pipeline — [1092237] PARTIAL: ['BEAT0_V1_J_POINT_LOW_CONFIDENCE', 'BEAT1_V1_J_POINT_LOW_CONFIDENCE', 'BEAT2_V1_J_POINT_LOW_CONFIDENCE', 'BEAT3_V1_J_POINT_LOW_CONFIDENCE', 'BEAT4_V1_J_POINT_LOW_CONFIDENCE', 'BEAT5_V1_J_POINT_LOW_CONFIDENCE', 'BEAT6_V1_J_POINT_LOW_CONFIDENCE', 'BEAT7_V1_J_POINT_LOW_CONFIDENCE', 'BEAT8_V1_J_POINT_LOW_CONFIDENCE']
2026-03-28 03:49:11,707 [INFO] src.pipeline — Processing 1093224 ...
2026-03-28 03:49:11,773 [INFO] src.pipeline — Processing 1096625 ...
2026-03-28 03:49:11,840 [INFO] src.pipeline — Processing 1097714 ...
2026-03-28 03:49:11,908 [INFO] src.pipeline — Processing 1098314 ...
2026-03-28 03:49:11,974 [INFO] src.pipeline — Processing 1099262 ...
2026-03-28 03:49:12,048 [INFO] src.pipeline — Processing 1102607 ...
2026-03-28 03:49:12,113 [INFO] src.pipeline — Processing 1103983 ...
2026-03-28 03:49:12,180 [INFO] src.pipeline — Processing 1106149 ...
2026-03-28 03:49:12,237 [INFO] src.pipeline — Processing 1112604 ...
2026-03-28 03:49:12,313 [INFO] src.pipeline — Processing 1117553 ...
2026-03-28 03:49:12,380 [INFO] src.pipeline — Processing 1118251 ...
2026-03-28 03:49:12,447 [INFO] src.pipeline — Processing 1121137 ...
2026-03-28 03:49:12,519 [INFO] src.pipeline — Processing 1122903 ...
2026-03-28 03:49:12,580 [INFO] src.pipeline — Processing 1124825 ...
2026-03-28 03:49:12,647 [INFO] src.pipeline — Processing 1124826 ...
2026-03-28 03:49:12,715 [INFO] src.pipeline — Processing 1128835 ...
2026-03-28 03:49:12,779 [INFO] src.pipeline — Processing 1134284 ...
2026-03-28 03:49:12,846 [INFO] src.pipeline — Processing 1135434 ...
2026-03-28 03:49:12,914 [INFO] src.pipeline — Processing 1138153 ...
2026-03-28 03:49:12,980 [INFO] src.pipeline — Processing 1141322 ...
2026-03-28 03:49:13,048 [INFO] src.pipeline — Processing 1142915 ...
2026-03-28 03:49:13,149 [INFO] src.pipeline — Processing 1145203 ...
2026-03-28 03:49:13,357 [INFO] src.pipeline — Processing 1146063 ...
2026-03-28 03:49:13,440 [INFO] src.pipeline — Processing 1147684 ...
2026-03-28 03:49:13,514 [INFO] src.pipeline — Processing 1148718 ...
2026-03-28 03:49:13,647 [INFO] src.pipeline — Processing 1152054 ...
2026-03-28 03:49:13,732 [INFO] src.pipeline — Processing 1157038 ...
2026-03-28 03:49:13,824 [INFO] src.pipeline — Processing 1160261 ...
2026-03-28 03:49:13,914 [INFO] src.pipeline — Processing 1165447 ...
2026-03-28 03:49:14,114 [INFO] src.pipeline — Processing 1165448 ...
2026-03-28 03:49:14,197 [INFO] src.pipeline — Processing 1169405 ...
2026-03-28 03:49:14,281 [INFO] src.pipeline — Processing 1172602 ...
2026-03-28 03:49:14,374 [INFO] src.pipeline — Processing 1176675 ...
2026-03-28 03:49:14,448 [INFO] src.pipeline — Processing 1177018 ...
2026-03-28 03:49:14,529 [INFO] src.pipeline — Processing 1180702 ...
2026-03-28 03:49:14,631 [INFO] src.pipeline — Processing 1183349 ...
2026-03-28 03:49:14,711 [INFO] src.pipeline — Processing 1184742 ...
2026-03-28 03:49:14,790 [INFO] src.pipeline — Processing 1187599 ...
2026-03-28 03:49:14,858 [INFO] src.pipeline — Processing 1188747 ...
2026-03-28 03:49:14,931 [INFO] src.pipeline — Processing 1190805 ...
2026-03-28 03:49:15,007 [INFO] src.pipeline — Processing 1191551 ...
2026-03-28 03:49:15,073 [INFO] src.pipeline — Processing 1191595 ...
2026-03-28 03:49:15,140 [INFO] src.pipeline — Processing 1192135 ...
2026-03-28 03:49:15,202 [INFO] src.pipeline — Processing 1192146 ...
2026-03-28 03:49:15,263 [INFO] src.pipeline — Processing 1192654 ...
2026-03-28 03:49:15,391 [INFO] src.pipeline — Processing 1197538 ...
2026-03-28 03:49:15,563 [INFO] src.pipeline — Processing 1199480 ...
2026-03-28 03:49:15,643 [INFO] src.pipeline — Processing 1199517 ...
2026-03-28 03:49:15,700 [INFO] src.pipeline — Processing 1199593 ...
2026-03-28 03:49:15,763 [INFO] src.pipeline — Processing 1202306 ...
2026-03-28 03:49:15,834 [INFO] src.pipeline — Processing 1207769 ...
2026-03-28 03:49:15,910 [INFO] src.pipeline — Processing 1207947 ...
2026-03-28 03:49:15,964 [INFO] src.pipeline — Processing 1214441 ...
2026-03-28 03:49:16,033 [INFO] src.pipeline — Processing 1220716 ...
2026-03-28 03:49:16,106 [INFO] src.pipeline — Processing 1221590 ...
2026-03-28 03:49:16,166 [INFO] src.pipeline — Processing 1223519 ...
2026-03-28 03:49:16,239 [INFO] src.pipeline — Processing 1224102 ...
2026-03-28 03:49:16,309 [INFO] src.pipeline — Processing 1228746 ...
2026-03-28 03:49:16,376 [INFO] src.pipeline — Processing 1230482 ...
2026-03-28 03:49:16,386 [ERROR] src.pipeline — [1230482] FAILED: TOO_FEW_VALID_BEATS:0
2026-03-28 03:49:16,386 [INFO] src.pipeline — Processing 1231339 ...
2026-03-28 03:49:16,464 [INFO] src.pipeline — Processing 1235674 ...
2026-03-28 03:49:16,530 [INFO] src.pipeline — Processing 1236012 ...
2026-03-28 03:49:16,598 [INFO] src.pipeline — Processing 1237748 ...
2026-03-28 03:49:16,674 [INFO] src.pipeline — Processing 1238446 ...
2026-03-28 03:49:16,759 [INFO] src.pipeline — Processing 1238671 ...
2026-03-28 03:49:16,830 [INFO] src.pipeline — Processing 1242678 ...
2026-03-28 03:49:16,896 [INFO] src.pipeline — Processing 1244867 ...
2026-03-28 03:49:16,958 [INFO] src.pipeline — Processing 1248576 ...
2026-03-28 03:49:17,022 [INFO] src.pipeline — Processing 1248611 ...
2026-03-28 03:49:17,097 [INFO] src.pipeline — Processing 1252288 ...
2026-03-28 03:49:17,164 [INFO] src.pipeline — Processing 1254062 ...
2026-03-28 03:49:17,231 [INFO] src.pipeline — Processing 1254171 ...
2026-03-28 03:49:17,309 [INFO] src.pipeline — Processing 1254267 ...
2026-03-28 03:49:17,376 [INFO] src.pipeline — Processing 1259391 ...
2026-03-28 03:49:17,442 [INFO] src.pipeline — Processing 1263008 ...
2026-03-28 03:49:17,514 [INFO] src.pipeline — Processing 1270798 ...
2026-03-28 03:49:17,575 [INFO] src.pipeline — Processing 1272319 ...
2026-03-28 03:49:17,650 [INFO] src.pipeline — Processing 1272821 ...
2026-03-28 03:49:17,725 [INFO] src.pipeline — Processing 1274776 ...
2026-03-28 03:49:17,789 [INFO] src.pipeline — Processing 1275329 ...
2026-03-28 03:49:17,849 [INFO] src.pipeline — Processing 1277374 ...
2026-03-28 03:49:17,923 [INFO] src.pipeline — Processing 1278746 ...
2026-03-28 03:49:17,985 [INFO] src.pipeline — Processing 1280588 ...
2026-03-28 03:49:18,049 [INFO] src.pipeline — Processing 1281380 ...
2026-03-28 03:49:18,118 [INFO] src.pipeline — Processing 1284182 ...
2026-03-28 03:49:18,181 [INFO] src.pipeline — Processing 1285404 ...
2026-03-28 03:49:18,256 [INFO] src.pipeline — Processing 1286512 ...
2026-03-28 03:49:18,323 [INFO] src.pipeline — Processing 1290629 ...
2026-03-28 03:49:18,390 [INFO] src.pipeline — Processing 1290807 ...
2026-03-28 03:49:18,448 [INFO] src.pipeline — Processing 1294540 ...
2026-03-28 03:49:18,515 [INFO] src.pipeline — Processing 1297151 ...
2026-03-28 03:49:18,582 [INFO] src.pipeline — Processing 1297765 ...
2026-03-28 03:49:18,658 [INFO] src.pipeline — Processing 1297767 ...
2026-03-28 03:49:18,734 [INFO] src.pipeline — Processing 1298469 ...
2026-03-28 03:49:18,798 [INFO] src.pipeline — Processing 1303729 ...
2026-03-28 03:49:18,864 [INFO] src.pipeline — Processing 1305051 ...
2026-03-28 03:49:18,925 [INFO] src.pipeline — Processing 1307673 ...
2026-03-28 03:49:18,992 [INFO] src.pipeline — Processing 1307716 ...
2026-03-28 03:49:19,049 [INFO] src.pipeline — Processing 1309300 ...
2026-03-28 03:49:19,125 [INFO] src.pipeline — Processing 1310052 ...
2026-03-28 03:49:19,224 [INFO] src.pipeline — Processing 1312303 ...
2026-03-28 03:49:19,309 [INFO] src.pipeline — Processing 1313974 ...
2026-03-28 03:49:19,410 [INFO] src.pipeline — Processing 1316784 ...
2026-03-28 03:49:19,496 [INFO] src.pipeline — Processing 1318568 ...
2026-03-28 03:49:19,589 [INFO] src.pipeline — Processing 1326991 ...
2026-03-28 03:49:19,696 [INFO] src.pipeline — Processing 1327775 ...
2026-03-28 03:49:19,776 [INFO] src.pipeline — Processing 1327784 ...
2026-03-28 03:49:19,866 [INFO] src.pipeline — Processing 1332388 ...
2026-03-28 03:49:19,950 [INFO] src.pipeline — Processing 1336243 ...
2026-03-28 03:49:20,032 [INFO] src.pipeline — Processing 1337461 ...
2026-03-28 03:49:20,131 [INFO] src.pipeline — Processing 1338772 ...
2026-03-28 03:49:20,223 [INFO] src.pipeline — Processing 1338780 ...
2026-03-28 03:49:20,311 [INFO] src.pipeline — Processing 1342979 ...
2026-03-28 03:49:20,399 [INFO] src.pipeline — Processing 1344639 ...
2026-03-28 03:49:20,487 [INFO] src.pipeline — Processing 1346727 ...
2026-03-28 03:49:20,577 [INFO] src.pipeline — Processing 1350930 ...
2026-03-28 03:49:20,671 [INFO] src.pipeline — Processing 1357325 ...
2026-03-28 03:49:20,765 [INFO] src.pipeline — Processing 1358245 ...
2026-03-28 03:49:20,858 [INFO] src.pipeline — Processing 1360656 ...
2026-03-28 03:49:20,946 [INFO] src.pipeline — Processing 1366050 ...
2026-03-28 03:49:21,027 [INFO] src.pipeline — Processing 1366637 ...
2026-03-28 03:49:21,112 [INFO] src.pipeline — Processing 1370418 ...
2026-03-28 03:49:21,191 [INFO] src.pipeline — Processing 1370819 ...
2026-03-28 03:49:21,293 [INFO] src.pipeline — Processing 1371132 ...
2026-03-28 03:49:21,394 [INFO] src.pipeline — Processing 1371554 ...
2026-03-28 03:49:21,483 [INFO] src.pipeline — Processing 1372180 ...
2026-03-28 03:49:21,575 [INFO] src.pipeline — Processing 1372181 ...
2026-03-28 03:49:21,676 [INFO] src.pipeline — Processing 1381534 ...
2026-03-28 03:49:21,775 [INFO] src.pipeline — Processing 1382112 ...
2026-03-28 03:49:21,867 [INFO] src.pipeline — Processing 1383335 ...
2026-03-28 03:49:21,961 [INFO] src.pipeline — Processing 1385747 ...
2026-03-28 03:49:22,048 [INFO] src.pipeline — Processing 1386698 ...
2026-03-28 03:49:22,132 [INFO] src.pipeline — Processing 1390489 ...
2026-03-28 03:49:22,228 [INFO] src.pipeline — Processing 1403173 ...
2026-03-28 03:49:22,303 [INFO] src.pipeline — Processing 1404688 ...
2026-03-28 03:49:22,391 [INFO] src.pipeline — Processing 1407660 ...
2026-03-28 03:49:22,471 [INFO] src.pipeline — Processing 1408290 ...
2026-03-28 03:49:22,561 [INFO] src.pipeline — Processing 1414022 ...
2026-03-28 03:49:22,651 [INFO] src.pipeline — Processing 1414967 ...
2026-03-28 03:49:22,744 [INFO] src.pipeline — Processing 1416483 ...
2026-03-28 03:49:22,816 [INFO] src.pipeline — Processing 1417008 ...
2026-03-28 03:49:22,898 [INFO] src.pipeline — Processing 1418000 ...
2026-03-28 03:49:23,034 [INFO] src.pipeline — Processing 1419825 ...
2026-03-28 03:49:23,165 [INFO] src.pipeline — Processing 1421261 ...
2026-03-28 03:49:23,273 [INFO] src.pipeline — Processing 1421316 ...
2026-03-28 03:49:23,372 [INFO] src.pipeline — Processing 1422523 ...
2026-03-28 03:49:23,452 [INFO] src.pipeline — Processing 1422770 ...
2026-03-28 03:49:23,542 [INFO] src.pipeline — Processing 1423789 ...
2026-03-28 03:49:23,629 [INFO] src.pipeline — Processing 1424148 ...
2026-03-28 03:49:23,731 [INFO] src.pipeline — Processing 1425960 ...
2026-03-28 03:49:23,816 [INFO] src.pipeline — Processing 1426919 ...
2026-03-28 03:49:23,916 [INFO] src.pipeline — Processing 2187085 ...
2026-03-28 03:49:24,011 [INFO] src.pipeline — Processing 2635972 ...
2026-03-28 03:49:24,110 [INFO] src.pipeline — Processing 3003692 ...
2026-03-28 03:49:24,192 [INFO] src.pipeline — Processing 3004284 ...
2026-03-28 03:49:24,283 [INFO] src.pipeline — Processing 3006598 ...
2026-03-28 03:49:24,368 [INFO] src.pipeline — Processing 3007664 ...
2026-03-28 03:49:24,471 [INFO] src.pipeline — Processing 3009538 ...
2026-03-28 03:49:24,560 [INFO] src.pipeline — Processing 3009950 ...
2026-03-28 03:49:24,679 [INFO] src.pipeline — Processing 3015438 ...
2026-03-28 03:49:24,768 [INFO] src.pipeline — Processing 3015440 ...
2026-03-28 03:49:24,867 [INFO] src.pipeline — Processing 3015449 ...
2026-03-28 03:49:25,046 [INFO] src.pipeline — Processing 3016396 ...
2026-03-28 03:49:25,181 [INFO] src.pipeline — Processing 3016401 ...
2026-03-28 03:49:25,269 [INFO] src.pipeline — Processing 3028930 ...
2026-03-28 03:49:25,362 [INFO] src.pipeline — Processing 3030937 ...
2026-03-28 03:49:25,445 [INFO] src.pipeline — Processing 3035210 ...
2026-03-28 03:49:25,669 [INFO] src.pipeline — Processing 3037390 ...
2026-03-28 03:49:25,733 [INFO] src.pipeline — Processing 3037617 ...
2026-03-28 03:49:26,024 [INFO] src.pipeline — Processing 3043155 ...
2026-03-28 03:49:26,195 [INFO] src.pipeline — Processing 3044775 ...
2026-03-28 03:49:26,266 [INFO] src.pipeline — Processing 3045053 ...
2026-03-28 03:49:26,336 [INFO] src.pipeline — Processing 3045059 ...
2026-03-28 03:49:26,416 [INFO] src.pipeline — Processing 3045751 ...
2026-03-28 03:49:26,494 [INFO] src.pipeline — Processing 3058024 ...
2026-03-28 03:49:26,566 [INFO] src.pipeline — Processing 3058134 ...
2026-03-28 03:49:26,633 [INFO] src.pipeline — Processing 3062045 ...
2026-03-28 03:49:26,701 [INFO] src.pipeline — Processing 3064724 ...
2026-03-28 03:49:26,765 [INFO] src.pipeline — Processing 3065295 ...
2026-03-28 03:49:26,834 [INFO] src.pipeline — Processing 3067191 ...
2026-03-28 03:49:26,899 [INFO] src.pipeline — Processing 3067196 ...
2026-03-28 03:49:26,966 [INFO] src.pipeline — Processing 3071151 ...
2026-03-28 03:49:27,033 [INFO] src.pipeline — Processing 3072833 ...
2026-03-28 03:49:27,111 [INFO] src.pipeline — Processing 3072836 ...
2026-03-28 03:49:27,182 [INFO] src.pipeline — Processing 3073346 ...
2026-03-28 03:49:27,248 [INFO] src.pipeline — Processing 3074751 ...
2026-03-28 03:49:27,317 [INFO] src.pipeline — Processing 3075260 ...
2026-03-28 03:49:27,433 [INFO] src.pipeline — Processing 3080118 ...
2026-03-28 03:49:27,536 [INFO] src.pipeline — Processing 3080186 ...
2026-03-28 03:49:27,608 [INFO] src.pipeline — Processing 3092472 ...
2026-03-28 03:49:27,686 [INFO] src.pipeline — Processing 3093924 ...
2026-03-28 03:49:27,766 [INFO] src.pipeline — Processing 3094047 ...
2026-03-28 03:49:27,833 [INFO] src.pipeline — Processing 3094049 ...
2026-03-28 03:49:27,899 [WARNING] src.pipeline — [3094049] PARTIAL: ['BEAT2_V1_J_POINT_LOW_CONFIDENCE', 'BEAT4_V1_J_POINT_LOW_CONFIDENCE', 'BEAT5_V1_J_POINT_LOW_CONFIDENCE', 'BEAT6_V1_J_POINT_LOW_CONFIDENCE', 'BEAT7_V1_J_POINT_LOW_CONFIDENCE']
2026-03-28 03:49:27,903 [INFO] src.pipeline — Processing 3095195 ...
2026-03-28 03:49:27,956 [INFO] src.pipeline — Processing 3095200 ...
2026-03-28 03:49:28,033 [INFO] src.pipeline — Processing 3096254 ...
2026-03-28 03:49:28,099 [INFO] src.pipeline — Processing 3099875 ...
2026-03-28 03:49:28,166 [INFO] src.pipeline — Processing 3101011 ...
2026-03-28 03:49:28,225 [INFO] src.pipeline — Processing 3110550 ...
2026-03-28 03:49:28,283 [INFO] src.pipeline — Processing 3113249 ...
2026-03-28 03:49:28,349 [INFO] src.pipeline — Processing 3114582 ...
2026-03-28 03:49:28,418 [INFO] src.pipeline — Processing 3118448 ...
2026-03-28 03:49:28,482 [INFO] src.pipeline — Processing 3128412 ...
2026-03-28 03:49:28,557 [INFO] src.pipeline — Processing 3128947 ...
2026-03-28 03:49:28,623 [INFO] src.pipeline — Processing 3128957 ...
2026-03-28 03:49:28,692 [INFO] src.pipeline — Processing 3133602 ...
2026-03-28 03:49:28,775 [INFO] src.pipeline — Processing 3136075 ...
2026-03-28 03:49:28,833 [INFO] src.pipeline — Processing 3138453 ...
2026-03-28 03:49:28,900 [INFO] src.pipeline — Processing 3139196 ...
2026-03-28 03:49:29,605 [INFO] src.pipeline — Pipeline complete. OK: 356 | PARTIAL: 5 | FAILED: 2
2026-03-28 04:01:30,822 [INFO] src.pipeline — Processing 188981 ...
2026-03-28 04:01:34,019 [INFO] src.pipeline — Processing 251972 ...
2026-03-28 04:01:34,169 [INFO] src.pipeline — Processing 265715 ...
2026-03-28 04:01:34,237 [INFO] src.pipeline — Processing 267628 ...
2026-03-28 04:01:34,314 [INFO] src.pipeline — Processing 267630 ...
2026-03-28 04:01:34,325 [ERROR] src.pipeline — [267630] FAILED: TOO_FEW_RPEAKS: 0
2026-03-28 04:01:34,325 [INFO] src.pipeline — Processing 286830 ...
2026-03-28 04:01:34,397 [INFO] src.pipeline — Processing 287355 ...
2026-03-28 04:01:34,465 [INFO] src.pipeline — Processing 292220 ...
2026-03-28 04:01:34,529 [INFO] src.pipeline — Processing 292666 ...
2026-03-28 04:01:34,595 [INFO] src.pipeline — Processing 304141 ...
2026-03-28 04:01:34,664 [INFO] src.pipeline — Processing 314397 ...
2026-03-28 04:01:34,729 [INFO] src.pipeline — Processing 316872 ...
2026-03-28 04:01:34,787 [INFO] src.pipeline — Processing 317547 ...
2026-03-28 04:01:34,845 [INFO] src.pipeline — Processing 319150 ...
2026-03-28 04:01:34,903 [INFO] src.pipeline — Processing 319221 ...
2026-03-28 04:01:34,980 [INFO] src.pipeline — Processing 325231 ...
2026-03-28 04:01:35,048 [INFO] src.pipeline — Processing 325966 ...
2026-03-28 04:01:35,105 [INFO] src.pipeline — Processing 329034 ...
2026-03-28 04:01:35,170 [INFO] src.pipeline — Processing 329533 ...
2026-03-28 04:01:35,239 [INFO] src.pipeline — Processing 395553 ...
2026-03-28 04:01:35,301 [INFO] src.pipeline — Processing 405298 ...
2026-03-28 04:01:35,370 [INFO] src.pipeline — Processing 406008 ...
2026-03-28 04:01:35,437 [INFO] src.pipeline — Processing 413267 ...
2026-03-28 04:01:35,505 [INFO] src.pipeline — Processing 419510 ...
2026-03-28 04:01:35,553 [INFO] src.pipeline — Processing 419960 ...
2026-03-28 04:01:35,620 [INFO] src.pipeline — Processing 428031 ...
2026-03-28 04:01:35,687 [INFO] src.pipeline — Processing 434996 ...
2026-03-28 04:01:35,755 [INFO] src.pipeline — Processing 438721 ...
2026-03-28 04:01:35,820 [INFO] src.pipeline — Processing 445953 ...
2026-03-28 04:01:35,881 [INFO] src.pipeline — Processing 450733 ...
2026-03-28 04:01:35,946 [INFO] src.pipeline — Processing 460919 ...
2026-03-28 04:01:36,015 [INFO] src.pipeline — Processing 461866 ...
2026-03-28 04:01:36,080 [INFO] src.pipeline — Processing 466796 ...
2026-03-28 04:01:36,136 [INFO] src.pipeline — Processing 471727 ...
2026-03-28 04:01:36,207 [INFO] src.pipeline — Processing 478457 ...
2026-03-28 04:01:36,287 [INFO] src.pipeline — Processing 482516 ...
2026-03-28 04:01:36,361 [INFO] src.pipeline — Processing 482868 ...
2026-03-28 04:01:36,437 [INFO] src.pipeline — Processing 487609 ...
2026-03-28 04:01:36,497 [INFO] src.pipeline — Processing 489539 ...
2026-03-28 04:01:36,565 [INFO] src.pipeline — Processing 505351 ...
2026-03-28 04:01:36,630 [INFO] src.pipeline — Processing 506408 ...
2026-03-28 04:01:36,688 [INFO] src.pipeline — Processing 509648 ...
2026-03-28 04:01:36,762 [INFO] src.pipeline — Processing 516092 ...
2026-03-28 04:01:36,831 [INFO] src.pipeline — Processing 519139 ...
2026-03-28 04:01:36,888 [INFO] src.pipeline — Processing 519687 ...
2026-03-28 04:01:36,954 [INFO] src.pipeline — Processing 532816 ...
2026-03-28 04:01:37,006 [INFO] src.pipeline — Processing 538053 ...
2026-03-28 04:01:37,078 [INFO] src.pipeline — Processing 540736 ...
2026-03-28 04:01:37,218 [INFO] src.pipeline — Processing 548140 ...
2026-03-28 04:01:37,373 [INFO] src.pipeline — Processing 548865 ...
2026-03-28 04:01:37,440 [INFO] src.pipeline — Processing 558967 ...
2026-03-28 04:01:37,522 [INFO] src.pipeline — Processing 571723 ...
2026-03-28 04:01:37,587 [INFO] src.pipeline — Processing 577838 ...
2026-03-28 04:01:37,655 [WARNING] src.pipeline — [577838] PARTIAL: ['BEAT0_V1_J_POINT_LOW_CONFIDENCE', 'BEAT1_V1_J_POINT_LOW_CONFIDENCE', 'BEAT4_V1_J_POINT_LOW_CONFIDENCE', 'BEAT12_V1_J_POINT_LOW_CONFIDENCE', 'BEAT16_V1_J_POINT_LOW_CONFIDENCE']
2026-03-28 04:01:37,657 [INFO] src.pipeline — Processing 580720 ...
2026-03-28 04:01:37,749 [INFO] src.pipeline — Processing 581912 ...
2026-03-28 04:01:37,839 [WARNING] src.pipeline — [581912] PARTIAL: ['BEAT1_V2_J_POINT_LOW_CONFIDENCE']
2026-03-28 04:01:37,840 [INFO] src.pipeline — Processing 592768 ...
2026-03-28 04:01:37,904 [INFO] src.pipeline — Processing 596382 ...
2026-03-28 04:01:37,971 [INFO] src.pipeline — Processing 597251 ...
2026-03-28 04:01:38,029 [INFO] src.pipeline — Processing 613119 ...
2026-03-28 04:01:38,095 [INFO] src.pipeline — Processing 614578 ...
2026-03-28 04:01:38,178 [INFO] src.pipeline — Processing 614707 ...
2026-03-28 04:01:38,279 [INFO] src.pipeline — Processing 622530 ...
2026-03-28 04:01:38,362 [INFO] src.pipeline — Processing 624511 ...
2026-03-28 04:01:38,437 [INFO] src.pipeline — Processing 625190 ...
2026-03-28 04:01:38,498 [INFO] src.pipeline — Processing 641455 ...
2026-03-28 04:01:38,563 [INFO] src.pipeline — Processing 643139 ...
2026-03-28 04:01:38,661 [INFO] src.pipeline — Processing 801261 ...
2026-03-28 04:01:38,748 [INFO] src.pipeline — Processing 806949 ...
2026-03-28 04:01:38,817 [INFO] src.pipeline — Processing 807363 ...
2026-03-28 04:01:38,887 [INFO] src.pipeline — Processing 812209 ...
2026-03-28 04:01:38,955 [INFO] src.pipeline — Processing 812404 ...
2026-03-28 04:01:39,030 [INFO] src.pipeline — Processing 814286 ...
2026-03-28 04:01:39,088 [INFO] src.pipeline — Processing 816929 ...
2026-03-28 04:01:39,163 [INFO] src.pipeline — Processing 819710 ...
2026-03-28 04:01:39,238 [INFO] src.pipeline — Processing 821478 ...
2026-03-28 04:01:39,295 [INFO] src.pipeline — Processing 822108 ...
2026-03-28 04:01:39,373 [INFO] src.pipeline — Processing 822756 ...
2026-03-28 04:01:39,438 [INFO] src.pipeline — Processing 829768 ...
2026-03-28 04:01:39,509 [INFO] src.pipeline — Processing 830179 ...
2026-03-28 04:01:39,588 [INFO] src.pipeline — Processing 841212 ...
2026-03-28 04:01:39,654 [INFO] src.pipeline — Processing 841869 ...
2026-03-28 04:01:39,721 [INFO] src.pipeline — Processing 844915 ...
2026-03-28 04:01:39,771 [INFO] src.pipeline — Processing 849168 ...
2026-03-28 04:01:39,848 [INFO] src.pipeline — Processing 852786 ...
2026-03-28 04:01:39,921 [INFO] src.pipeline — Processing 855592 ...
2026-03-28 04:01:39,980 [INFO] src.pipeline — Processing 865998 ...
2026-03-28 04:01:40,073 [INFO] src.pipeline — Processing 866721 ...
2026-03-28 04:01:40,163 [INFO] src.pipeline — Processing 873255 ...
2026-03-28 04:01:40,237 [INFO] src.pipeline — Processing 878765 ...
2026-03-28 04:01:40,296 [INFO] src.pipeline — Processing 887465 ...
2026-03-28 04:01:40,365 [INFO] src.pipeline — Processing 891754 ...
2026-03-28 04:01:40,456 [INFO] src.pipeline — Processing 894725 ...
2026-03-28 04:01:40,521 [INFO] src.pipeline — Processing 898726 ...
2026-03-28 04:01:40,597 [INFO] src.pipeline — Processing 903442 ...
2026-03-28 04:01:40,670 [INFO] src.pipeline — Processing 903802 ...
2026-03-28 04:01:40,730 [WARNING] src.pipeline — [903802] PARTIAL: ['BEAT9_V2_J_POINT_LOW_CONFIDENCE']
2026-03-28 04:01:40,730 [INFO] src.pipeline — Processing 907736 ...
2026-03-28 04:01:40,805 [INFO] src.pipeline — Processing 913169 ...
2026-03-28 04:01:40,872 [INFO] src.pipeline — Processing 918062 ...
2026-03-28 04:01:40,940 [INFO] src.pipeline — Processing 920037 ...
2026-03-28 04:01:41,008 [INFO] src.pipeline — Processing 921230 ...
2026-03-28 04:01:41,071 [INFO] src.pipeline — Processing 930107 ...
2026-03-28 04:01:41,144 [INFO] src.pipeline — Processing 935156 ...
2026-03-28 04:01:41,212 [INFO] src.pipeline — Processing 938838 ...
2026-03-28 04:01:41,277 [INFO] src.pipeline — Processing 939546 ...
2026-03-28 04:01:41,345 [INFO] src.pipeline — Processing 945345 ...
2026-03-28 04:01:41,411 [INFO] src.pipeline — Processing 952177 ...
2026-03-28 04:01:41,490 [INFO] src.pipeline — Processing 952641 ...
2026-03-28 04:01:41,563 [INFO] src.pipeline — Processing 953976 ...
2026-03-28 04:01:41,621 [INFO] src.pipeline — Processing 958460 ...
2026-03-28 04:01:41,689 [INFO] src.pipeline — Processing 958703 ...
2026-03-28 04:01:41,756 [INFO] src.pipeline — Processing 959843 ...
2026-03-28 04:01:41,830 [INFO] src.pipeline — Processing 960432 ...
2026-03-28 04:01:41,899 [INFO] src.pipeline — Processing 962566 ...
2026-03-28 04:01:41,971 [INFO] src.pipeline — Processing 964469 ...
2026-03-28 04:01:42,038 [INFO] src.pipeline — Processing 965217 ...
2026-03-28 04:01:42,106 [INFO] src.pipeline — Processing 967547 ...
2026-03-28 04:01:42,171 [INFO] src.pipeline — Processing 968556 ...
2026-03-28 04:01:42,240 [INFO] src.pipeline — Processing 969321 ...
2026-03-28 04:01:42,315 [INFO] src.pipeline — Processing 970649 ...
2026-03-28 04:01:42,390 [INFO] src.pipeline — Processing 972048 ...
2026-03-28 04:01:42,465 [INFO] src.pipeline — Processing 972330 ...
2026-03-28 04:01:42,538 [INFO] src.pipeline — Processing 972781 ...
2026-03-28 04:01:42,605 [INFO] src.pipeline — Processing 980284 ...
2026-03-28 04:01:42,672 [INFO] src.pipeline — Processing 982732 ...
2026-03-28 04:01:42,739 [INFO] src.pipeline — Processing 985814 ...
2026-03-28 04:01:42,806 [INFO] src.pipeline — Processing 991528 ...
2026-03-28 04:01:42,874 [INFO] src.pipeline — Processing 994065 ...
2026-03-28 04:01:42,939 [INFO] src.pipeline — Processing 994217 ...
2026-03-28 04:01:43,006 [INFO] src.pipeline — Processing 994515 ...
2026-03-28 04:01:43,072 [INFO] src.pipeline — Processing 998036 ...
2026-03-28 04:01:43,137 [INFO] src.pipeline — Processing 999474 ...
2026-03-28 04:01:43,196 [INFO] src.pipeline — Processing 1009874 ...
2026-03-28 04:01:43,255 [INFO] src.pipeline — Processing 1013884 ...
2026-03-28 04:01:43,323 [INFO] src.pipeline — Processing 1023925 ...
2026-03-28 04:01:43,398 [INFO] src.pipeline — Processing 1036640 ...
2026-03-28 04:01:43,455 [INFO] src.pipeline — Processing 1041375 ...
2026-03-28 04:01:43,522 [INFO] src.pipeline — Processing 1053511 ...
2026-03-28 04:01:43,645 [INFO] src.pipeline — Processing 1054733 ...
2026-03-28 04:01:43,781 [INFO] src.pipeline — Processing 1058085 ...
2026-03-28 04:01:43,863 [INFO] src.pipeline — Processing 1058605 ...
2026-03-28 04:01:43,932 [INFO] src.pipeline — Processing 1061898 ...
2026-03-28 04:01:43,989 [INFO] src.pipeline — Processing 1063368 ...
2026-03-28 04:01:44,064 [INFO] src.pipeline — Processing 1073253 ...
2026-03-28 04:01:44,132 [INFO] src.pipeline — Processing 1074787 ...
2026-03-28 04:01:44,210 [INFO] src.pipeline — Processing 1080968 ...
2026-03-28 04:01:44,298 [INFO] src.pipeline — Processing 1081032 ...
2026-03-28 04:01:44,378 [INFO] src.pipeline — Processing 1081338 ...
2026-03-28 04:01:44,461 [INFO] src.pipeline — Processing 1084994 ...
2026-03-28 04:01:44,540 [INFO] src.pipeline — Processing 1085203 ...
2026-03-28 04:01:44,615 [INFO] src.pipeline — Processing 1087704 ...
2026-03-28 04:01:44,705 [INFO] src.pipeline — Processing 1088175 ...
2026-03-28 04:01:44,865 [INFO] src.pipeline — Processing 1088261 ...
2026-03-28 04:01:44,971 [INFO] src.pipeline — Processing 1088796 ...
2026-03-28 04:01:45,048 [INFO] src.pipeline — Processing 1092237 ...
2026-03-28 04:01:45,124 [WARNING] src.pipeline — [1092237] PARTIAL: ['BEAT0_V1_J_POINT_LOW_CONFIDENCE', 'BEAT1_V1_J_POINT_LOW_CONFIDENCE', 'BEAT2_V1_J_POINT_LOW_CONFIDENCE', 'BEAT3_V1_J_POINT_LOW_CONFIDENCE', 'BEAT4_V1_J_POINT_LOW_CONFIDENCE', 'BEAT5_V1_J_POINT_LOW_CONFIDENCE', 'BEAT6_V1_J_POINT_LOW_CONFIDENCE', 'BEAT7_V1_J_POINT_LOW_CONFIDENCE', 'BEAT8_V1_J_POINT_LOW_CONFIDENCE']
2026-03-28 04:01:45,129 [INFO] src.pipeline — Processing 1093224 ...
2026-03-28 04:01:45,210 [INFO] src.pipeline — Processing 1096625 ...
2026-03-28 04:01:45,281 [INFO] src.pipeline — Processing 1097714 ...
2026-03-28 04:01:45,381 [INFO] src.pipeline — Processing 1098314 ...
2026-03-28 04:01:45,458 [INFO] src.pipeline — Processing 1099262 ...
2026-03-28 04:01:45,557 [INFO] src.pipeline — Processing 1102607 ...
2026-03-28 04:01:45,639 [INFO] src.pipeline — Processing 1103983 ...
2026-03-28 04:01:45,725 [INFO] src.pipeline — Processing 1106149 ...
2026-03-28 04:01:45,799 [INFO] src.pipeline — Processing 1112604 ...
2026-03-28 04:01:45,874 [INFO] src.pipeline — Processing 1117553 ...
2026-03-28 04:01:45,938 [INFO] src.pipeline — Processing 1118251 ...
2026-03-28 04:01:46,017 [INFO] src.pipeline — Processing 1121137 ...
2026-03-28 04:01:46,083 [INFO] src.pipeline — Processing 1122903 ...
2026-03-28 04:01:46,153 [INFO] src.pipeline — Processing 1124825 ...
2026-03-28 04:01:46,216 [INFO] src.pipeline — Processing 1124826 ...
2026-03-28 04:01:46,274 [INFO] src.pipeline — Processing 1128835 ...
2026-03-28 04:01:46,339 [INFO] src.pipeline — Processing 1134284 ...
2026-03-28 04:01:46,406 [INFO] src.pipeline — Processing 1135434 ...
2026-03-28 04:01:46,480 [INFO] src.pipeline — Processing 1138153 ...
2026-03-28 04:01:46,548 [INFO] src.pipeline — Processing 1141322 ...
2026-03-28 04:01:46,606 [INFO] src.pipeline — Processing 1142915 ...
2026-03-28 04:01:46,699 [INFO] src.pipeline — Processing 1145203 ...
2026-03-28 04:01:46,756 [INFO] src.pipeline — Processing 1146063 ...
2026-03-28 04:01:46,823 [INFO] src.pipeline — Processing 1147684 ...
2026-03-28 04:01:46,892 [INFO] src.pipeline — Processing 1148718 ...
2026-03-28 04:01:46,964 [INFO] src.pipeline — Processing 1152054 ...
2026-03-28 04:01:47,022 [INFO] src.pipeline — Processing 1157038 ...
2026-03-28 04:01:47,099 [INFO] src.pipeline — Processing 1160261 ...
2026-03-28 04:01:47,166 [INFO] src.pipeline — Processing 1165447 ...
2026-03-28 04:01:47,240 [INFO] src.pipeline — Processing 1165448 ...
2026-03-28 04:01:47,307 [INFO] src.pipeline — Processing 1169405 ...
2026-03-28 04:01:47,373 [INFO] src.pipeline — Processing 1172602 ...
2026-03-28 04:01:47,439 [INFO] src.pipeline — Processing 1176675 ...
2026-03-28 04:01:47,506 [INFO] src.pipeline — Processing 1177018 ...
2026-03-28 04:01:47,579 [INFO] src.pipeline — Processing 1180702 ...
2026-03-28 04:01:47,648 [INFO] src.pipeline — Processing 1183349 ...
2026-03-28 04:01:47,725 [INFO] src.pipeline — Processing 1184742 ...
2026-03-28 04:01:47,808 [INFO] src.pipeline — Processing 1187599 ...
2026-03-28 04:01:47,875 [INFO] src.pipeline — Processing 1188747 ...
2026-03-28 04:01:47,949 [INFO] src.pipeline — Processing 1190805 ...
2026-03-28 04:01:48,016 [INFO] src.pipeline — Processing 1191551 ...
2026-03-28 04:01:48,091 [INFO] src.pipeline — Processing 1191595 ...
2026-03-28 04:01:48,167 [INFO] src.pipeline — Processing 1192135 ...
2026-03-28 04:01:48,242 [INFO] src.pipeline — Processing 1192146 ...
2026-03-28 04:01:48,308 [INFO] src.pipeline — Processing 1192654 ...
2026-03-28 04:01:48,373 [INFO] src.pipeline — Processing 1197538 ...
2026-03-28 04:01:48,445 [INFO] src.pipeline — Processing 1199480 ...
2026-03-28 04:01:48,526 [INFO] src.pipeline — Processing 1199517 ...
2026-03-28 04:01:48,597 [INFO] src.pipeline — Processing 1199593 ...
2026-03-28 04:01:48,665 [INFO] src.pipeline — Processing 1202306 ...
2026-03-28 04:01:48,739 [INFO] src.pipeline — Processing 1207769 ...
2026-03-28 04:01:48,816 [INFO] src.pipeline — Processing 1207947 ...
2026-03-28 04:01:48,874 [INFO] src.pipeline — Processing 1214441 ...
2026-03-28 04:01:48,939 [INFO] src.pipeline — Processing 1220716 ...
2026-03-28 04:01:49,006 [INFO] src.pipeline — Processing 1221590 ...
2026-03-28 04:01:49,081 [INFO] src.pipeline — Processing 1223519 ...
2026-03-28 04:01:49,151 [INFO] src.pipeline — Processing 1224102 ...
2026-03-28 04:01:49,233 [INFO] src.pipeline — Processing 1228746 ...
2026-03-28 04:01:49,300 [INFO] src.pipeline — Processing 1230482 ...
2026-03-28 04:01:49,312 [ERROR] src.pipeline — [1230482] FAILED: TOO_FEW_VALID_BEATS:0
2026-03-28 04:01:49,312 [INFO] src.pipeline — Processing 1231339 ...
2026-03-28 04:01:49,384 [INFO] src.pipeline — Processing 1235674 ...
2026-03-28 04:01:49,458 [INFO] src.pipeline — Processing 1236012 ...
2026-03-28 04:01:49,524 [INFO] src.pipeline — Processing 1237748 ...
2026-03-28 04:01:49,591 [INFO] src.pipeline — Processing 1238446 ...
2026-03-28 04:01:49,667 [INFO] src.pipeline — Processing 1238671 ...
2026-03-28 04:01:49,733 [INFO] src.pipeline — Processing 1242678 ...
2026-03-28 04:01:49,798 [INFO] src.pipeline — Processing 1244867 ...
2026-03-28 04:01:49,930 [INFO] src.pipeline — Processing 1248576 ...
2026-03-28 04:01:50,075 [INFO] src.pipeline — Processing 1248611 ...
2026-03-28 04:01:50,138 [INFO] src.pipeline — Processing 1252288 ...
2026-03-28 04:01:50,205 [INFO] src.pipeline — Processing 1254062 ...
2026-03-28 04:01:50,265 [INFO] src.pipeline — Processing 1254171 ...
2026-03-28 04:01:50,340 [INFO] src.pipeline — Processing 1254267 ...
2026-03-28 04:01:50,405 [INFO] src.pipeline — Processing 1259391 ...
2026-03-28 04:01:50,475 [INFO] src.pipeline — Processing 1263008 ...
2026-03-28 04:01:50,555 [INFO] src.pipeline — Processing 1270798 ...
2026-03-28 04:01:50,616 [INFO] src.pipeline — Processing 1272319 ...
2026-03-28 04:01:50,685 [INFO] src.pipeline — Processing 1272821 ...
2026-03-28 04:01:50,756 [INFO] src.pipeline — Processing 1274776 ...
2026-03-28 04:01:50,824 [INFO] src.pipeline — Processing 1275329 ...
2026-03-28 04:01:50,890 [INFO] src.pipeline — Processing 1277374 ...
2026-03-28 04:01:50,958 [INFO] src.pipeline — Processing 1278746 ...
2026-03-28 04:01:51,023 [INFO] src.pipeline — Processing 1280588 ...
2026-03-28 04:01:51,090 [INFO] src.pipeline — Processing 1281380 ...
2026-03-28 04:01:51,157 [INFO] src.pipeline — Processing 1284182 ...
2026-03-28 04:01:51,223 [INFO] src.pipeline — Processing 1285404 ...
2026-03-28 04:01:51,306 [INFO] src.pipeline — Processing 1286512 ...
2026-03-28 04:01:51,382 [INFO] src.pipeline — Processing 1290629 ...
2026-03-28 04:01:51,465 [INFO] src.pipeline — Processing 1290807 ...
2026-03-28 04:01:51,547 [INFO] src.pipeline — Processing 1294540 ...
2026-03-28 04:01:51,652 [INFO] src.pipeline — Processing 1297151 ...
2026-03-28 04:01:51,753 [INFO] src.pipeline — Processing 1297765 ...
2026-03-28 04:01:51,866 [INFO] src.pipeline — Processing 1297767 ...
2026-03-28 04:01:51,960 [INFO] src.pipeline — Processing 1298469 ...
2026-03-28 04:01:52,047 [INFO] src.pipeline — Processing 1303729 ...
2026-03-28 04:01:52,132 [INFO] src.pipeline — Processing 1305051 ...
2026-03-28 04:01:52,202 [INFO] src.pipeline — Processing 1307673 ...
2026-03-28 04:01:52,276 [INFO] src.pipeline — Processing 1307716 ...
2026-03-28 04:01:52,346 [INFO] src.pipeline — Processing 1309300 ...
2026-03-28 04:01:52,423 [INFO] src.pipeline — Processing 1310052 ...
2026-03-28 04:01:52,507 [INFO] src.pipeline — Processing 1312303 ...
2026-03-28 04:01:52,581 [INFO] src.pipeline — Processing 1313974 ...
2026-03-28 04:01:52,640 [INFO] src.pipeline — Processing 1316784 ...
2026-03-28 04:01:52,706 [INFO] src.pipeline — Processing 1318568 ...
2026-03-28 04:01:52,784 [INFO] src.pipeline — Processing 1326991 ...
2026-03-28 04:01:52,857 [INFO] src.pipeline — Processing 1327775 ...
2026-03-28 04:01:52,924 [INFO] src.pipeline — Processing 1327784 ...
2026-03-28 04:01:52,994 [INFO] src.pipeline — Processing 1332388 ...
2026-03-28 04:01:53,060 [INFO] src.pipeline — Processing 1336243 ...
2026-03-28 04:01:53,143 [INFO] src.pipeline — Processing 1337461 ...
2026-03-28 04:01:53,217 [INFO] src.pipeline — Processing 1338772 ...
2026-03-28 04:01:53,282 [INFO] src.pipeline — Processing 1338780 ...
2026-03-28 04:01:53,391 [INFO] src.pipeline — Processing 1342979 ...
2026-03-28 04:01:53,486 [INFO] src.pipeline — Processing 1344639 ...
2026-03-28 04:01:53,713 [INFO] src.pipeline — Processing 1346727 ...
2026-03-28 04:01:53,796 [INFO] src.pipeline — Processing 1350930 ...
2026-03-28 04:01:53,891 [INFO] src.pipeline — Processing 1357325 ...
2026-03-28 04:01:53,996 [INFO] src.pipeline — Processing 1358245 ...
2026-03-28 04:01:54,093 [INFO] src.pipeline — Processing 1360656 ...
2026-03-28 04:01:54,174 [INFO] src.pipeline — Processing 1366050 ...
2026-03-28 04:01:54,263 [INFO] src.pipeline — Processing 1366637 ...
2026-03-28 04:01:54,357 [INFO] src.pipeline — Processing 1370418 ...
2026-03-28 04:01:54,437 [INFO] src.pipeline — Processing 1370819 ...
2026-03-28 04:01:54,540 [INFO] src.pipeline — Processing 1371132 ...
2026-03-28 04:01:54,630 [INFO] src.pipeline — Processing 1371554 ...
2026-03-28 04:01:54,717 [INFO] src.pipeline — Processing 1372180 ...
2026-03-28 04:01:54,807 [INFO] src.pipeline — Processing 1372181 ...
2026-03-28 04:01:54,901 [INFO] src.pipeline — Processing 1381534 ...
2026-03-28 04:01:54,993 [INFO] src.pipeline — Processing 1382112 ...
2026-03-28 04:01:55,079 [INFO] src.pipeline — Processing 1383335 ...
2026-03-28 04:01:55,201 [INFO] src.pipeline — Processing 1385747 ...
2026-03-28 04:01:55,323 [INFO] src.pipeline — Processing 1386698 ...
2026-03-28 04:01:55,412 [INFO] src.pipeline — Processing 1390489 ...
2026-03-28 04:01:55,528 [INFO] src.pipeline — Processing 1403173 ...
2026-03-28 04:01:55,624 [INFO] src.pipeline — Processing 1404688 ...
2026-03-28 04:01:55,719 [INFO] src.pipeline — Processing 1407660 ...
2026-03-28 04:01:55,810 [INFO] src.pipeline — Processing 1408290 ...
2026-03-28 04:01:55,894 [INFO] src.pipeline — Processing 1414022 ...
2026-03-28 04:01:55,989 [INFO] src.pipeline — Processing 1414967 ...
2026-03-28 04:01:56,084 [INFO] src.pipeline — Processing 1416483 ...
2026-03-28 04:01:56,158 [INFO] src.pipeline — Processing 1417008 ...
2026-03-28 04:01:56,236 [INFO] src.pipeline — Processing 1418000 ...
2026-03-28 04:01:56,325 [INFO] src.pipeline — Processing 1419825 ...
2026-03-28 04:01:56,407 [INFO] src.pipeline — Processing 1421261 ...
2026-03-28 04:01:56,494 [INFO] src.pipeline — Processing 1421316 ...
2026-03-28 04:01:56,581 [INFO] src.pipeline — Processing 1422523 ...
2026-03-28 04:01:56,669 [INFO] src.pipeline — Processing 1422770 ...
2026-03-28 04:01:56,758 [INFO] src.pipeline — Processing 1423789 ...
2026-03-28 04:01:56,832 [INFO] src.pipeline — Processing 1424148 ...
2026-03-28 04:01:56,927 [INFO] src.pipeline — Processing 1425960 ...
2026-03-28 04:01:57,017 [INFO] src.pipeline — Processing 1426919 ...
2026-03-28 04:01:57,113 [INFO] src.pipeline — Processing 2187085 ...
2026-03-28 04:01:57,202 [INFO] src.pipeline — Processing 2635972 ...
2026-03-28 04:01:57,281 [INFO] src.pipeline — Processing 3003692 ...
2026-03-28 04:01:57,378 [INFO] src.pipeline — Processing 3004284 ...
2026-03-28 04:01:57,458 [INFO] src.pipeline — Processing 3006598 ...
2026-03-28 04:01:57,541 [INFO] src.pipeline — Processing 3007664 ...
2026-03-28 04:01:57,624 [INFO] src.pipeline — Processing 3009538 ...
2026-03-28 04:01:57,707 [INFO] src.pipeline — Processing 3009950 ...
2026-03-28 04:01:57,802 [INFO] src.pipeline — Processing 3015438 ...
2026-03-28 04:01:57,875 [INFO] src.pipeline — Processing 3015440 ...
2026-03-28 04:01:57,957 [INFO] src.pipeline — Processing 3015449 ...
2026-03-28 04:01:58,041 [INFO] src.pipeline — Processing 3016396 ...
2026-03-28 04:01:58,134 [INFO] src.pipeline — Processing 3016401 ...
2026-03-28 04:01:58,216 [INFO] src.pipeline — Processing 3028930 ...
2026-03-28 04:01:58,300 [INFO] src.pipeline — Processing 3030937 ...
2026-03-28 04:01:58,398 [INFO] src.pipeline — Processing 3035210 ...
2026-03-28 04:01:58,507 [INFO] src.pipeline — Processing 3037390 ...
2026-03-28 04:01:58,592 [INFO] src.pipeline — Processing 3037617 ...
2026-03-28 04:01:58,683 [INFO] src.pipeline — Processing 3043155 ...
2026-03-28 04:01:58,779 [INFO] src.pipeline — Processing 3044775 ...
2026-03-28 04:01:58,890 [INFO] src.pipeline — Processing 3045053 ...
2026-03-28 04:01:58,985 [INFO] src.pipeline — Processing 3045059 ...
2026-03-28 04:01:59,074 [INFO] src.pipeline — Processing 3045751 ...
2026-03-28 04:01:59,158 [INFO] src.pipeline — Processing 3058024 ...
2026-03-28 04:01:59,268 [INFO] src.pipeline — Processing 3058134 ...
2026-03-28 04:01:59,362 [INFO] src.pipeline — Processing 3062045 ...
2026-03-28 04:01:59,453 [INFO] src.pipeline — Processing 3064724 ...
2026-03-28 04:01:59,544 [INFO] src.pipeline — Processing 3065295 ...
2026-03-28 04:01:59,634 [INFO] src.pipeline — Processing 3067191 ...
2026-03-28 04:01:59,727 [INFO] src.pipeline — Processing 3067196 ...
2026-03-28 04:01:59,818 [INFO] src.pipeline — Processing 3071151 ...
2026-03-28 04:01:59,900 [INFO] src.pipeline — Processing 3072833 ...
2026-03-28 04:01:59,991 [INFO] src.pipeline — Processing 3072836 ...
2026-03-28 04:02:00,093 [INFO] src.pipeline — Processing 3073346 ...
2026-03-28 04:02:00,176 [INFO] src.pipeline — Processing 3074751 ...
2026-03-28 04:02:00,267 [INFO] src.pipeline — Processing 3075260 ...
2026-03-28 04:02:00,359 [INFO] src.pipeline — Processing 3080118 ...
2026-03-28 04:02:00,447 [INFO] src.pipeline — Processing 3080186 ...
2026-03-28 04:02:00,527 [INFO] src.pipeline — Processing 3092472 ...
2026-03-28 04:02:00,616 [INFO] src.pipeline — Processing 3093924 ...
2026-03-28 04:02:00,696 [INFO] src.pipeline — Processing 3094047 ...
2026-03-28 04:02:00,778 [INFO] src.pipeline — Processing 3094049 ...
2026-03-28 04:02:00,867 [WARNING] src.pipeline — [3094049] PARTIAL: ['BEAT2_V1_J_POINT_LOW_CONFIDENCE', 'BEAT4_V1_J_POINT_LOW_CONFIDENCE', 'BEAT5_V1_J_POINT_LOW_CONFIDENCE', 'BEAT6_V1_J_POINT_LOW_CONFIDENCE', 'BEAT7_V1_J_POINT_LOW_CONFIDENCE']
2026-03-28 04:02:00,877 [INFO] src.pipeline — Processing 3095195 ...
2026-03-28 04:02:01,019 [INFO] src.pipeline — Processing 3095200 ...
2026-03-28 04:02:01,241 [INFO] src.pipeline — Processing 3096254 ...
2026-03-28 04:02:01,333 [INFO] src.pipeline — Processing 3099875 ...
2026-03-28 04:02:01,412 [INFO] src.pipeline — Processing 3101011 ...
2026-03-28 04:02:01,511 [INFO] src.pipeline — Processing 3110550 ...
2026-03-28 04:02:01,591 [INFO] src.pipeline — Processing 3113249 ...
2026-03-28 04:02:01,676 [INFO] src.pipeline — Processing 3114582 ...
2026-03-28 04:02:01,760 [INFO] src.pipeline — Processing 3118448 ...
2026-03-28 04:02:01,850 [INFO] src.pipeline — Processing 3128412 ...
2026-03-28 04:02:01,944 [INFO] src.pipeline — Processing 3128947 ...
2026-03-28 04:02:02,056 [INFO] src.pipeline — Processing 3128957 ...
2026-03-28 04:02:02,157 [INFO] src.pipeline — Processing 3133602 ...
2026-03-28 04:02:02,262 [INFO] src.pipeline — Processing 3136075 ...
2026-03-28 04:02:02,371 [INFO] src.pipeline — Processing 3138453 ...
2026-03-28 04:02:02,496 [INFO] src.pipeline — Processing 3139196 ...
2026-03-28 04:02:03,366 [INFO] src.pipeline — Pipeline complete. OK: 356 | PARTIAL: 5 | FAILED: 2
2026-03-28 04:02:03,574 [INFO] src.feature_store — Dropped 30 features with >50.0% missing
2026-03-28 04:02:03,672 [INFO] src.feature_store — Fold 0: train=(290, 652) | val=(73, 652)
2026-03-28 04:02:03,757 [INFO] src.feature_store — Fold 1: train=(290, 652) | val=(73, 652)
2026-03-28 04:02:03,839 [INFO] src.feature_store — Fold 2: train=(290, 652) | val=(73, 652)
2026-03-28 04:02:03,922 [INFO] src.feature_store — Fold 3: train=(291, 652) | val=(72, 652)
2026-03-28 04:02:04,065 [INFO] src.feature_store — Fold 4: train=(291, 652) | val=(72, 652)
2026-03-28 04:02:04,065 [INFO] src.feature_store — Scaled matrices exported to: outputs/features/scaled/
2026-03-28 04:04:45,690 [INFO] src.pipeline — Processing 188981 ...
2026-03-28 04:04:49,271 [INFO] src.pipeline — Processing 251972 ...
2026-03-28 04:04:49,385 [INFO] src.pipeline — Processing 265715 ...
2026-03-28 04:04:49,494 [INFO] src.pipeline — Processing 267628 ...
2026-03-28 04:04:49,619 [INFO] src.pipeline — Processing 267630 ...
2026-03-28 04:04:49,638 [ERROR] src.pipeline — [267630] FAILED: TOO_FEW_RPEAKS: 0
2026-03-28 04:04:49,640 [INFO] src.pipeline — Processing 286830 ...
2026-03-28 04:04:49,764 [INFO] src.pipeline — Processing 287355 ...
2026-03-28 04:04:49,876 [INFO] src.pipeline — Processing 292220 ...
2026-03-28 04:04:49,973 [INFO] src.pipeline — Processing 292666 ...
2026-03-28 04:04:50,059 [INFO] src.pipeline — Processing 304141 ...
2026-03-28 04:04:50,151 [INFO] src.pipeline — Processing 314397 ...
2026-03-28 04:04:50,244 [INFO] src.pipeline — Processing 316872 ...
2026-03-28 04:04:50,324 [INFO] src.pipeline — Processing 317547 ...
2026-03-28 04:04:50,407 [INFO] src.pipeline — Processing 319150 ...
2026-03-28 04:04:50,495 [INFO] src.pipeline — Processing 319221 ...
2026-03-28 04:04:50,596 [INFO] src.pipeline — Processing 325231 ...
2026-03-28 04:04:50,683 [INFO] src.pipeline — Processing 325966 ...
2026-03-28 04:04:50,766 [INFO] src.pipeline — Processing 329034 ...
2026-03-28 04:04:50,840 [INFO] src.pipeline — Processing 329533 ...
2026-03-28 04:04:50,960 [INFO] src.pipeline — Processing 395553 ...
2026-03-28 04:04:51,046 [INFO] src.pipeline — Processing 405298 ...
2026-03-28 04:04:51,166 [INFO] src.pipeline — Processing 406008 ...
2026-03-28 04:04:51,289 [INFO] src.pipeline — Processing 413267 ...
2026-03-28 04:04:51,416 [INFO] src.pipeline — Processing 419510 ...
2026-03-28 04:04:51,491 [INFO] src.pipeline — Processing 419960 ...
2026-03-28 04:04:51,584 [INFO] src.pipeline — Processing 428031 ...
2026-03-28 04:04:51,693 [INFO] src.pipeline — Processing 434996 ...
2026-03-28 04:04:51,785 [INFO] src.pipeline — Processing 438721 ...
2026-03-28 04:04:51,875 [INFO] src.pipeline — Processing 445953 ...
2026-03-28 04:04:51,958 [INFO] src.pipeline — Processing 450733 ...
2026-03-28 04:04:52,064 [INFO] src.pipeline — Processing 460919 ...
2026-03-28 04:04:52,161 [INFO] src.pipeline — Processing 461866 ...
2026-03-28 04:04:52,282 [INFO] src.pipeline — Processing 466796 ...
2026-03-28 04:04:52,432 [INFO] src.pipeline — Processing 471727 ...
2026-03-28 04:04:52,578 [INFO] src.pipeline — Processing 478457 ...
2026-03-28 04:04:52,723 [INFO] src.pipeline — Processing 482516 ...
2026-03-28 04:04:52,827 [INFO] src.pipeline — Processing 482868 ...
2026-03-28 04:04:52,926 [INFO] src.pipeline — Processing 487609 ...
2026-03-28 04:04:53,017 [INFO] src.pipeline — Processing 489539 ...
2026-03-28 04:04:53,107 [INFO] src.pipeline — Processing 505351 ...
2026-03-28 04:04:53,206 [INFO] src.pipeline — Processing 506408 ...
2026-03-28 04:04:53,294 [INFO] src.pipeline — Processing 509648 ...
2026-03-28 04:04:53,378 [INFO] src.pipeline — Processing 516092 ...
2026-03-28 04:04:53,468 [INFO] src.pipeline — Processing 519139 ...
2026-03-28 04:04:53,553 [INFO] src.pipeline — Processing 519687 ...
2026-03-28 04:04:53,645 [INFO] src.pipeline — Processing 532816 ...
2026-03-28 04:04:53,720 [INFO] src.pipeline — Processing 538053 ...
2026-03-28 04:04:53,795 [INFO] src.pipeline — Processing 540736 ...
2026-03-28 04:04:53,887 [INFO] src.pipeline — Processing 548140 ...
2026-03-28 04:04:53,963 [INFO] src.pipeline — Processing 548865 ...
2026-03-28 04:04:54,059 [INFO] src.pipeline — Processing 558967 ...
2026-03-28 04:04:54,143 [INFO] src.pipeline — Processing 571723 ...
2026-03-28 04:04:54,218 [INFO] src.pipeline — Processing 577838 ...
2026-03-28 04:04:54,302 [WARNING] src.pipeline — [577838] PARTIAL: ['BEAT0_V1_J_POINT_LOW_CONFIDENCE', 'BEAT1_V1_J_POINT_LOW_CONFIDENCE', 'BEAT4_V1_J_POINT_LOW_CONFIDENCE', 'BEAT12_V1_J_POINT_LOW_CONFIDENCE', 'BEAT16_V1_J_POINT_LOW_CONFIDENCE']
2026-03-28 04:04:54,302 [INFO] src.pipeline — Processing 580720 ...
2026-03-28 04:04:54,417 [INFO] src.pipeline — Processing 581912 ...
2026-03-28 04:04:54,502 [WARNING] src.pipeline — [581912] PARTIAL: ['BEAT1_V2_J_POINT_LOW_CONFIDENCE']
2026-03-28 04:04:54,502 [INFO] src.pipeline — Processing 592768 ...
2026-03-28 04:04:54,602 [INFO] src.pipeline — Processing 596382 ...
2026-03-28 04:04:54,685 [INFO] src.pipeline — Processing 597251 ...
2026-03-28 04:04:54,777 [INFO] src.pipeline — Processing 613119 ...
2026-03-28 04:04:54,869 [INFO] src.pipeline — Processing 614578 ...
2026-03-28 04:04:54,942 [INFO] src.pipeline — Processing 614707 ...
2026-03-28 04:04:55,033 [INFO] src.pipeline — Processing 622530 ...
2026-03-28 04:04:55,124 [INFO] src.pipeline — Processing 624511 ...
2026-03-28 04:04:55,210 [INFO] src.pipeline — Processing 625190 ...
2026-03-28 04:04:55,292 [INFO] src.pipeline — Processing 641455 ...
2026-03-28 04:04:55,378 [INFO] src.pipeline — Processing 643139 ...
2026-03-28 04:04:55,462 [INFO] src.pipeline — Processing 801261 ...
2026-03-28 04:04:55,577 [INFO] src.pipeline — Processing 806949 ...
2026-03-28 04:04:55,676 [INFO] src.pipeline — Processing 807363 ...
2026-03-28 04:04:55,758 [INFO] src.pipeline — Processing 812209 ...
2026-03-28 04:04:55,845 [INFO] src.pipeline — Processing 812404 ...
2026-03-28 04:04:55,928 [INFO] src.pipeline — Processing 814286 ...
2026-03-28 04:04:56,027 [INFO] src.pipeline — Processing 816929 ...
2026-03-28 04:04:56,138 [INFO] src.pipeline — Processing 819710 ...
2026-03-28 04:04:56,344 [INFO] src.pipeline — Processing 821478 ...
2026-03-28 04:04:56,520 [INFO] src.pipeline — Processing 822108 ...
2026-03-28 04:04:56,621 [INFO] src.pipeline — Processing 822756 ...
2026-03-28 04:04:56,748 [INFO] src.pipeline — Processing 829768 ...
2026-03-28 04:04:56,868 [INFO] src.pipeline — Processing 830179 ...
2026-03-28 04:04:56,987 [INFO] src.pipeline — Processing 841212 ...
2026-03-28 04:04:57,077 [INFO] src.pipeline — Processing 841869 ...
2026-03-28 04:04:57,160 [INFO] src.pipeline — Processing 844915 ...
2026-03-28 04:04:57,244 [INFO] src.pipeline — Processing 849168 ...
2026-03-28 04:04:57,328 [INFO] src.pipeline — Processing 852786 ...
2026-03-28 04:04:57,440 [INFO] src.pipeline — Processing 855592 ...
2026-03-28 04:04:57,529 [INFO] src.pipeline — Processing 865998 ...
2026-03-28 04:04:57,618 [INFO] src.pipeline — Processing 866721 ...
2026-03-28 04:04:57,711 [INFO] src.pipeline — Processing 873255 ...
2026-03-28 04:04:57,809 [INFO] src.pipeline — Processing 878765 ...
2026-03-28 04:04:57,925 [INFO] src.pipeline — Processing 887465 ...
2026-03-28 04:04:58,003 [INFO] src.pipeline — Processing 891754 ...
2026-03-28 04:04:58,078 [INFO] src.pipeline — Processing 894725 ...
2026-03-28 04:04:58,158 [INFO] src.pipeline — Processing 898726 ...
2026-03-28 04:04:58,253 [INFO] src.pipeline — Processing 903442 ...
2026-03-28 04:04:58,355 [INFO] src.pipeline — Processing 903802 ...
2026-03-28 04:04:58,428 [WARNING] src.pipeline — [903802] PARTIAL: ['BEAT9_V2_J_POINT_LOW_CONFIDENCE']
2026-03-28 04:04:58,430 [INFO] src.pipeline — Processing 907736 ...
2026-03-28 04:04:58,524 [INFO] src.pipeline — Processing 913169 ...
2026-03-28 04:04:58,602 [INFO] src.pipeline — Processing 918062 ...
2026-03-28 04:04:58,696 [INFO] src.pipeline — Processing 920037 ...
2026-03-28 04:04:58,778 [INFO] src.pipeline — Processing 921230 ...
2026-03-28 04:04:58,862 [INFO] src.pipeline — Processing 930107 ...
2026-03-28 04:04:58,952 [INFO] src.pipeline — Processing 935156 ...
2026-03-28 04:04:59,037 [INFO] src.pipeline — Processing 938838 ...
2026-03-28 04:04:59,174 [INFO] src.pipeline — Processing 939546 ...
2026-03-28 04:04:59,276 [INFO] src.pipeline — Processing 945345 ...
2026-03-28 04:04:59,377 [INFO] src.pipeline — Processing 952177 ...
2026-03-28 04:04:59,499 [INFO] src.pipeline — Processing 952641 ...
2026-03-28 04:04:59,612 [INFO] src.pipeline — Processing 953976 ...
2026-03-28 04:04:59,693 [INFO] src.pipeline — Processing 958460 ...
2026-03-28 04:04:59,794 [INFO] src.pipeline — Processing 958703 ...
2026-03-28 04:04:59,920 [INFO] src.pipeline — Processing 959843 ...
2026-03-28 04:05:00,016 [INFO] src.pipeline — Processing 960432 ...
2026-03-28 04:05:00,133 [INFO] src.pipeline — Processing 962566 ...
2026-03-28 04:05:00,254 [INFO] src.pipeline — Processing 964469 ...
2026-03-28 04:05:00,342 [INFO] src.pipeline — Processing 965217 ...
2026-03-28 04:05:00,426 [INFO] src.pipeline — Processing 967547 ...
2026-03-28 04:05:00,560 [INFO] src.pipeline — Processing 968556 ...
2026-03-28 04:05:00,684 [INFO] src.pipeline — Processing 969321 ...
2026-03-28 04:05:00,778 [INFO] src.pipeline — Processing 970649 ...
2026-03-28 04:05:00,879 [INFO] src.pipeline — Processing 972048 ...
2026-03-28 04:05:00,969 [INFO] src.pipeline — Processing 972330 ...
2026-03-28 04:05:01,110 [INFO] src.pipeline — Processing 972781 ...
2026-03-28 04:05:01,208 [INFO] src.pipeline — Processing 980284 ...
2026-03-28 04:05:01,292 [INFO] src.pipeline — Processing 982732 ...
2026-03-28 04:05:01,378 [INFO] src.pipeline — Processing 985814 ...
2026-03-28 04:05:01,461 [INFO] src.pipeline — Processing 991528 ...
2026-03-28 04:05:01,547 [INFO] src.pipeline — Processing 994065 ...
2026-03-28 04:05:01,648 [INFO] src.pipeline — Processing 994217 ...
2026-03-28 04:05:01,769 [INFO] src.pipeline — Processing 994515 ...
2026-03-28 04:05:01,843 [INFO] src.pipeline — Processing 998036 ...
2026-03-28 04:05:01,928 [INFO] src.pipeline — Processing 999474 ...
2026-03-28 04:05:02,011 [INFO] src.pipeline — Processing 1009874 ...
2026-03-28 04:05:02,092 [INFO] src.pipeline — Processing 1013884 ...
2026-03-28 04:05:02,185 [INFO] src.pipeline — Processing 1023925 ...
2026-03-28 04:05:02,260 [INFO] src.pipeline — Processing 1036640 ...
2026-03-28 04:05:02,338 [INFO] src.pipeline — Processing 1041375 ...
2026-03-28 04:05:02,419 [INFO] src.pipeline — Processing 1053511 ...
2026-03-28 04:05:02,503 [INFO] src.pipeline — Processing 1054733 ...
2026-03-28 04:05:02,578 [INFO] src.pipeline — Processing 1058085 ...
2026-03-28 04:05:02,665 [INFO] src.pipeline — Processing 1058605 ...
2026-03-28 04:05:02,769 [INFO] src.pipeline — Processing 1061898 ...
2026-03-28 04:05:02,845 [INFO] src.pipeline — Processing 1063368 ...
2026-03-28 04:05:02,932 [INFO] src.pipeline — Processing 1073253 ...
2026-03-28 04:05:03,027 [INFO] src.pipeline — Processing 1074787 ...
2026-03-28 04:05:03,111 [INFO] src.pipeline — Processing 1080968 ...
2026-03-28 04:05:03,223 [INFO] src.pipeline — Processing 1081032 ...
2026-03-28 04:05:03,311 [INFO] src.pipeline — Processing 1081338 ...
2026-03-28 04:05:03,394 [INFO] src.pipeline — Processing 1084994 ...
2026-03-28 04:05:03,476 [INFO] src.pipeline — Processing 1085203 ...
2026-03-28 04:05:03,571 [INFO] src.pipeline — Processing 1087704 ...
2026-03-28 04:05:03,652 [INFO] src.pipeline — Processing 1088175 ...
2026-03-28 04:05:03,735 [INFO] src.pipeline — Processing 1088261 ...
2026-03-28 04:05:03,827 [INFO] src.pipeline — Processing 1088796 ...
2026-03-28 04:05:03,914 [INFO] src.pipeline — Processing 1092237 ...
2026-03-28 04:05:03,998 [WARNING] src.pipeline — [1092237] PARTIAL: ['BEAT0_V1_J_POINT_LOW_CONFIDENCE', 'BEAT1_V1_J_POINT_LOW_CONFIDENCE', 'BEAT2_V1_J_POINT_LOW_CONFIDENCE', 'BEAT3_V1_J_POINT_LOW_CONFIDENCE', 'BEAT4_V1_J_POINT_LOW_CONFIDENCE', 'BEAT5_V1_J_POINT_LOW_CONFIDENCE', 'BEAT6_V1_J_POINT_LOW_CONFIDENCE', 'BEAT7_V1_J_POINT_LOW_CONFIDENCE', 'BEAT8_V1_J_POINT_LOW_CONFIDENCE']
2026-03-28 04:05:03,999 [INFO] src.pipeline — Processing 1093224 ...
2026-03-28 04:05:04,087 [INFO] src.pipeline — Processing 1096625 ...
2026-03-28 04:05:04,170 [INFO] src.pipeline — Processing 1097714 ...
2026-03-28 04:05:04,260 [INFO] src.pipeline — Processing 1098314 ...
2026-03-28 04:05:04,346 [INFO] src.pipeline — Processing 1099262 ...
2026-03-28 04:05:04,448 [INFO] src.pipeline — Processing 1102607 ...
2026-03-28 04:05:04,529 [INFO] src.pipeline — Processing 1103983 ...
2026-03-28 04:05:04,624 [INFO] src.pipeline — Processing 1106149 ...
2026-03-28 04:05:04,713 [INFO] src.pipeline — Processing 1112604 ...
2026-03-28 04:05:04,804 [INFO] src.pipeline — Processing 1117553 ...
2026-03-28 04:05:04,894 [INFO] src.pipeline — Processing 1118251 ...
2026-03-28 04:05:04,987 [INFO] src.pipeline — Processing 1121137 ...
2026-03-28 04:05:05,147 [INFO] src.pipeline — Processing 1122903 ...
2026-03-28 04:05:05,312 [INFO] src.pipeline — Processing 1124825 ...
2026-03-28 04:05:05,398 [INFO] src.pipeline — Processing 1124826 ...
2026-03-28 04:05:05,519 [INFO] src.pipeline — Processing 1128835 ...
2026-03-28 04:05:05,688 [INFO] src.pipeline — Processing 1134284 ...
2026-03-28 04:05:05,778 [INFO] src.pipeline — Processing 1135434 ...
2026-03-28 04:05:05,863 [INFO] src.pipeline — Processing 1138153 ...
2026-03-28 04:05:05,947 [INFO] src.pipeline — Processing 1141322 ...
2026-03-28 04:05:06,038 [INFO] src.pipeline — Processing 1142915 ...
2026-03-28 04:05:06,148 [INFO] src.pipeline — Processing 1145203 ...
2026-03-28 04:05:06,219 [INFO] src.pipeline — Processing 1146063 ...
2026-03-28 04:05:06,303 [INFO] src.pipeline — Processing 1147684 ...
2026-03-28 04:05:06,379 [INFO] src.pipeline — Processing 1148718 ...
2026-03-28 04:05:06,469 [INFO] src.pipeline — Processing 1152054 ...
2026-03-28 04:05:06,545 [INFO] src.pipeline — Processing 1157038 ...
2026-03-28 04:05:06,618 [INFO] src.pipeline — Processing 1160261 ...
2026-03-28 04:05:06,696 [INFO] src.pipeline — Processing 1165447 ...
2026-03-28 04:05:06,779 [INFO] src.pipeline — Processing 1165448 ...
2026-03-28 04:05:06,887 [INFO] src.pipeline — Processing 1169405 ...
2026-03-28 04:05:07,008 [INFO] src.pipeline — Processing 1172602 ...
2026-03-28 04:05:07,151 [INFO] src.pipeline — Processing 1176675 ...
2026-03-28 04:05:07,265 [INFO] src.pipeline — Processing 1177018 ...
2026-03-28 04:05:07,363 [INFO] src.pipeline — Processing 1180702 ...
2026-03-28 04:05:07,463 [INFO] src.pipeline — Processing 1183349 ...
2026-03-28 04:05:07,550 [INFO] src.pipeline — Processing 1184742 ...
2026-03-28 04:05:07,647 [INFO] src.pipeline — Processing 1187599 ...
2026-03-28 04:05:07,734 [INFO] src.pipeline — Processing 1188747 ...
2026-03-28 04:05:07,833 [INFO] src.pipeline — Processing 1190805 ...
2026-03-28 04:05:07,912 [INFO] src.pipeline — Processing 1191551 ...
2026-03-28 04:05:08,009 [INFO] src.pipeline — Processing 1191595 ...
2026-03-28 04:05:08,115 [INFO] src.pipeline — Processing 1192135 ...
2026-03-28 04:05:08,233 [INFO] src.pipeline — Processing 1192146 ...
2026-03-28 04:05:08,331 [INFO] src.pipeline — Processing 1192654 ...
2026-03-28 04:05:08,441 [INFO] src.pipeline — Processing 1197538 ...
2026-03-28 04:05:08,565 [INFO] src.pipeline — Processing 1199480 ...
2026-03-28 04:05:08,671 [INFO] src.pipeline — Processing 1199517 ...
2026-03-28 04:05:08,772 [INFO] src.pipeline — Processing 1199593 ...
2026-03-28 04:05:08,879 [INFO] src.pipeline — Processing 1202306 ...
2026-03-28 04:05:08,978 [INFO] src.pipeline — Processing 1207769 ...
2026-03-28 04:05:09,071 [INFO] src.pipeline — Processing 1207947 ...
2026-03-28 04:05:09,156 [INFO] src.pipeline — Processing 1214441 ...
2026-03-28 04:05:09,247 [INFO] src.pipeline — Processing 1220716 ...
2026-03-28 04:05:09,328 [INFO] src.pipeline — Processing 1221590 ...
2026-03-28 04:05:09,428 [INFO] src.pipeline — Processing 1223519 ...
2026-03-28 04:05:09,512 [INFO] src.pipeline — Processing 1224102 ...
2026-03-28 04:05:09,615 [INFO] src.pipeline — Processing 1228746 ...
2026-03-28 04:05:09,695 [INFO] src.pipeline — Processing 1230482 ...
2026-03-28 04:05:09,708 [ERROR] src.pipeline — [1230482] FAILED: TOO_FEW_VALID_BEATS:0
2026-03-28 04:05:09,708 [INFO] src.pipeline — Processing 1231339 ...
2026-03-28 04:05:09,807 [INFO] src.pipeline — Processing 1235674 ...
2026-03-28 04:05:09,897 [INFO] src.pipeline — Processing 1236012 ...
2026-03-28 04:05:09,978 [INFO] src.pipeline — Processing 1237748 ...
2026-03-28 04:05:10,065 [INFO] src.pipeline — Processing 1238446 ...
2026-03-28 04:05:10,158 [INFO] src.pipeline — Processing 1238671 ...
2026-03-28 04:05:10,250 [INFO] src.pipeline — Processing 1242678 ...
2026-03-28 04:05:10,347 [INFO] src.pipeline — Processing 1244867 ...
2026-03-28 04:05:10,424 [INFO] src.pipeline — Processing 1248576 ...
2026-03-28 04:05:10,494 [INFO] src.pipeline — Processing 1248611 ...
2026-03-28 04:05:10,569 [INFO] src.pipeline — Processing 1252288 ...
2026-03-28 04:05:10,654 [INFO] src.pipeline — Processing 1254062 ...
2026-03-28 04:05:10,732 [INFO] src.pipeline — Processing 1254171 ...
2026-03-28 04:05:10,828 [INFO] src.pipeline — Processing 1254267 ...
2026-03-28 04:05:10,910 [INFO] src.pipeline — Processing 1259391 ...
2026-03-28 04:05:10,997 [INFO] src.pipeline — Processing 1263008 ...
2026-03-28 04:05:11,088 [INFO] src.pipeline — Processing 1270798 ...
2026-03-28 04:05:11,172 [INFO] src.pipeline — Processing 1272319 ...
2026-03-28 04:05:11,265 [INFO] src.pipeline — Processing 1272821 ...
2026-03-28 04:05:11,370 [INFO] src.pipeline — Processing 1274776 ...
2026-03-28 04:05:11,457 [INFO] src.pipeline — Processing 1275329 ...
2026-03-28 04:05:11,555 [INFO] src.pipeline — Processing 1277374 ...
2026-03-28 04:05:11,662 [INFO] src.pipeline — Processing 1278746 ...
2026-03-28 04:05:11,739 [INFO] src.pipeline — Processing 1280588 ...
2026-03-28 04:05:11,828 [INFO] src.pipeline — Processing 1281380 ...
2026-03-28 04:05:11,912 [INFO] src.pipeline — Processing 1284182 ...
2026-03-28 04:05:11,994 [INFO] src.pipeline — Processing 1285404 ...
2026-03-28 04:05:12,096 [INFO] src.pipeline — Processing 1286512 ...
2026-03-28 04:05:12,188 [INFO] src.pipeline — Processing 1290629 ...
2026-03-28 04:05:12,270 [INFO] src.pipeline — Processing 1290807 ...
2026-03-28 04:05:12,355 [INFO] src.pipeline — Processing 1294540 ...
2026-03-28 04:05:12,431 [INFO] src.pipeline — Processing 1297151 ...
2026-03-28 04:05:12,529 [INFO] src.pipeline — Processing 1297765 ...
2026-03-28 04:05:12,611 [INFO] src.pipeline — Processing 1297767 ...
2026-03-28 04:05:12,713 [INFO] src.pipeline — Processing 1298469 ...
2026-03-28 04:05:12,807 [INFO] src.pipeline — Processing 1303729 ...
2026-03-28 04:05:12,887 [INFO] src.pipeline — Processing 1305051 ...
2026-03-28 04:05:12,953 [INFO] src.pipeline — Processing 1307673 ...
2026-03-28 04:05:13,028 [INFO] src.pipeline — Processing 1307716 ...
2026-03-28 04:05:13,103 [INFO] src.pipeline — Processing 1309300 ...
2026-03-28 04:05:13,177 [INFO] src.pipeline — Processing 1310052 ...
2026-03-28 04:05:13,254 [INFO] src.pipeline — Processing 1312303 ...
2026-03-28 04:05:13,330 [INFO] src.pipeline — Processing 1313974 ...
2026-03-28 04:05:13,416 [INFO] src.pipeline — Processing 1316784 ...
2026-03-28 04:05:13,496 [INFO] src.pipeline — Processing 1318568 ...
2026-03-28 04:05:13,597 [INFO] src.pipeline — Processing 1326991 ...
2026-03-28 04:05:13,684 [INFO] src.pipeline — Processing 1327775 ...
2026-03-28 04:05:13,780 [INFO] src.pipeline — Processing 1327784 ...
2026-03-28 04:05:13,873 [INFO] src.pipeline — Processing 1332388 ...
2026-03-28 04:05:14,026 [INFO] src.pipeline — Processing 1336243 ...
2026-03-28 04:05:14,185 [INFO] src.pipeline — Processing 1337461 ...
2026-03-28 04:05:14,295 [INFO] src.pipeline — Processing 1338772 ...
2026-03-28 04:05:14,369 [INFO] src.pipeline — Processing 1338780 ...
2026-03-28 04:05:14,445 [INFO] src.pipeline — Processing 1342979 ...
2026-03-28 04:05:14,529 [INFO] src.pipeline — Processing 1344639 ...
2026-03-28 04:05:14,622 [INFO] src.pipeline — Processing 1346727 ...
2026-03-28 04:05:14,711 [INFO] src.pipeline — Processing 1350930 ...
2026-03-28 04:05:14,796 [INFO] src.pipeline — Processing 1357325 ...
2026-03-28 04:05:14,896 [INFO] src.pipeline — Processing 1358245 ...
2026-03-28 04:05:15,051 [INFO] src.pipeline — Processing 1360656 ...
2026-03-28 04:05:15,212 [INFO] src.pipeline — Processing 1366050 ...
2026-03-28 04:05:15,279 [INFO] src.pipeline — Processing 1366637 ...
2026-03-28 04:05:15,368 [INFO] src.pipeline — Processing 1370418 ...
2026-03-28 04:05:15,454 [INFO] src.pipeline — Processing 1370819 ...
2026-03-28 04:05:15,537 [INFO] src.pipeline — Processing 1371132 ...
2026-03-28 04:05:15,630 [INFO] src.pipeline — Processing 1371554 ...
2026-03-28 04:05:15,721 [INFO] src.pipeline — Processing 1372180 ...
2026-03-28 04:05:15,805 [INFO] src.pipeline — Processing 1372181 ...
2026-03-28 04:05:15,880 [INFO] src.pipeline — Processing 1381534 ...
2026-03-28 04:05:15,965 [INFO] src.pipeline — Processing 1382112 ...
2026-03-28 04:05:16,053 [INFO] src.pipeline — Processing 1383335 ...
2026-03-28 04:05:16,130 [INFO] src.pipeline — Processing 1385747 ...
2026-03-28 04:05:16,216 [INFO] src.pipeline — Processing 1386698 ...
2026-03-28 04:05:16,295 [INFO] src.pipeline — Processing 1390489 ...
2026-03-28 04:05:16,398 [INFO] src.pipeline — Processing 1403173 ...
2026-03-28 04:05:16,479 [INFO] src.pipeline — Processing 1404688 ...
2026-03-28 04:05:16,572 [INFO] src.pipeline — Processing 1407660 ...
2026-03-28 04:05:16,657 [INFO] src.pipeline — Processing 1408290 ...
2026-03-28 04:05:16,732 [INFO] src.pipeline — Processing 1414022 ...
2026-03-28 04:05:16,832 [INFO] src.pipeline — Processing 1414967 ...
2026-03-28 04:05:16,932 [INFO] src.pipeline — Processing 1416483 ...
2026-03-28 04:05:17,004 [INFO] src.pipeline — Processing 1417008 ...
2026-03-28 04:05:17,062 [INFO] src.pipeline — Processing 1418000 ...
2026-03-28 04:05:17,137 [INFO] src.pipeline — Processing 1419825 ...
2026-03-28 04:05:17,213 [INFO] src.pipeline — Processing 1421261 ...
2026-03-28 04:05:17,296 [INFO] src.pipeline — Processing 1421316 ...
2026-03-28 04:05:17,372 [INFO] src.pipeline — Processing 1422523 ...
2026-03-28 04:05:17,466 [INFO] src.pipeline — Processing 1422770 ...
2026-03-28 04:05:17,530 [INFO] src.pipeline — Processing 1423789 ...
2026-03-28 04:05:17,604 [INFO] src.pipeline — Processing 1424148 ...
2026-03-28 04:05:17,697 [INFO] src.pipeline — Processing 1425960 ...
2026-03-28 04:05:17,779 [INFO] src.pipeline — Processing 1426919 ...
2026-03-28 04:05:17,913 [INFO] src.pipeline — Processing 2187085 ...
2026-03-28 04:05:18,015 [INFO] src.pipeline — Processing 2635972 ...
2026-03-28 04:05:18,106 [INFO] src.pipeline — Processing 3003692 ...
2026-03-28 04:05:18,207 [INFO] src.pipeline — Processing 3004284 ...
2026-03-28 04:05:18,315 [INFO] src.pipeline — Processing 3006598 ...
2026-03-28 04:05:18,406 [INFO] src.pipeline — Processing 3007664 ...
2026-03-28 04:05:18,517 [INFO] src.pipeline — Processing 3009538 ...
2026-03-28 04:05:18,618 [INFO] src.pipeline — Processing 3009950 ...
2026-03-28 04:05:18,723 [INFO] src.pipeline — Processing 3015438 ...
2026-03-28 04:05:18,856 [INFO] src.pipeline — Processing 3015440 ...
2026-03-28 04:05:19,165 [INFO] src.pipeline — Processing 3015449 ...
2026-03-28 04:05:19,567 [INFO] src.pipeline — Processing 3016396 ...
2026-03-28 04:05:19,751 [INFO] src.pipeline — Processing 3016401 ...
2026-03-28 04:05:19,864 [INFO] src.pipeline — Processing 3028930 ...
2026-03-28 04:05:19,950 [INFO] src.pipeline — Processing 3030937 ...
2026-03-28 04:05:20,049 [INFO] src.pipeline — Processing 3035210 ...
2026-03-28 04:05:20,129 [INFO] src.pipeline — Processing 3037390 ...
2026-03-28 04:05:20,230 [INFO] src.pipeline — Processing 3037617 ...
2026-03-28 04:05:20,328 [INFO] src.pipeline — Processing 3043155 ...
2026-03-28 04:05:20,410 [INFO] src.pipeline — Processing 3044775 ...
2026-03-28 04:05:20,578 [INFO] src.pipeline — Processing 3045053 ...
2026-03-28 04:05:20,717 [INFO] src.pipeline — Processing 3045059 ...
2026-03-28 04:05:20,813 [INFO] src.pipeline — Processing 3045751 ...
2026-03-28 04:05:20,896 [INFO] src.pipeline — Processing 3058024 ...
2026-03-28 04:05:21,002 [INFO] src.pipeline — Processing 3058134 ...
2026-03-28 04:05:21,109 [INFO] src.pipeline — Processing 3062045 ...
2026-03-28 04:05:21,197 [INFO] src.pipeline — Processing 3064724 ...
2026-03-28 04:05:21,297 [INFO] src.pipeline — Processing 3065295 ...
2026-03-28 04:05:21,430 [INFO] src.pipeline — Processing 3067191 ...
2026-03-28 04:05:21,594 [INFO] src.pipeline — Processing 3067196 ...
2026-03-28 04:05:21,736 [INFO] src.pipeline — Processing 3071151 ...
2026-03-28 04:05:21,826 [INFO] src.pipeline — Processing 3072833 ...
2026-03-28 04:05:21,924 [INFO] src.pipeline — Processing 3072836 ...
2026-03-28 04:05:22,079 [INFO] src.pipeline — Processing 3073346 ...
2026-03-28 04:05:22,232 [INFO] src.pipeline — Processing 3074751 ...
2026-03-28 04:05:22,400 [INFO] src.pipeline — Processing 3075260 ...
2026-03-28 04:05:22,560 [INFO] src.pipeline — Processing 3080118 ...
2026-03-28 04:05:22,722 [INFO] src.pipeline — Processing 3080186 ...
2026-03-28 04:05:22,799 [INFO] src.pipeline — Processing 3092472 ...
2026-03-28 04:05:22,880 [INFO] src.pipeline — Processing 3093924 ...
2026-03-28 04:05:22,963 [INFO] src.pipeline — Processing 3094047 ...
2026-03-28 04:05:23,046 [INFO] src.pipeline — Processing 3094049 ...
2026-03-28 04:05:23,141 [WARNING] src.pipeline — [3094049] PARTIAL: ['BEAT2_V1_J_POINT_LOW_CONFIDENCE', 'BEAT4_V1_J_POINT_LOW_CONFIDENCE', 'BEAT5_V1_J_POINT_LOW_CONFIDENCE', 'BEAT6_V1_J_POINT_LOW_CONFIDENCE', 'BEAT7_V1_J_POINT_LOW_CONFIDENCE']
2026-03-28 04:05:23,141 [INFO] src.pipeline — Processing 3095195 ...
2026-03-28 04:05:23,234 [INFO] src.pipeline — Processing 3095200 ...
2026-03-28 04:05:23,324 [INFO] src.pipeline — Processing 3096254 ...
2026-03-28 04:05:23,425 [INFO] src.pipeline — Processing 3099875 ...
2026-03-28 04:05:23,516 [INFO] src.pipeline — Processing 3101011 ...
2026-03-28 04:05:23,597 [INFO] src.pipeline — Processing 3110550 ...
2026-03-28 04:05:23,691 [INFO] src.pipeline — Processing 3113249 ...
2026-03-28 04:05:23,778 [INFO] src.pipeline — Processing 3114582 ...
2026-03-28 04:05:23,864 [INFO] src.pipeline — Processing 3118448 ...
2026-03-28 04:05:23,948 [INFO] src.pipeline — Processing 3128412 ...
2026-03-28 04:05:24,047 [INFO] src.pipeline — Processing 3128947 ...
2026-03-28 04:05:24,176 [INFO] src.pipeline — Processing 3128957 ...
2026-03-28 04:05:24,297 [INFO] src.pipeline — Processing 3133602 ...
2026-03-28 04:05:24,422 [INFO] src.pipeline — Processing 3136075 ...
2026-03-28 04:05:24,538 [INFO] src.pipeline — Processing 3138453 ...
2026-03-28 04:05:24,640 [INFO] src.pipeline — Processing 3139196 ...
2026-03-28 04:05:25,498 [INFO] src.pipeline — Pipeline complete. OK: 356 | PARTIAL: 5 | FAILED: 2
2026-03-28 04:05:25,831 [INFO] src.feature_store — Dropped 30 features with >50.0% missing
2026-03-28 04:05:25,939 [INFO] src.feature_store — Fold 0: train=(290, 652) | val=(73, 652)
2026-03-28 04:05:26,056 [INFO] src.feature_store — Fold 1: train=(290, 652) | val=(73, 652)
2026-03-28 04:05:26,149 [INFO] src.feature_store — Fold 2: train=(290, 652) | val=(73, 652)
2026-03-28 04:05:26,249 [INFO] src.feature_store — Fold 3: train=(291, 652) | val=(72, 652)
2026-03-28 04:05:26,342 [INFO] src.feature_store — Fold 4: train=(291, 652) | val=(72, 652)
2026-03-28 04:05:26,343 [INFO] src.feature_store — Scaled matrices exported to: outputs/features/scaled/
2026-03-28 12:12:30,605 [INFO] src.pipeline — Processing 188981 ...
2026-03-28 12:12:32,014 [INFO] src.pipeline — Processing 251972 ...
2026-03-28 12:12:32,053 [INFO] src.pipeline — Processing 265715 ...
2026-03-28 12:12:32,095 [INFO] src.pipeline — Processing 267628 ...
2026-03-28 12:12:32,135 [INFO] src.pipeline — Processing 267630 ...
2026-03-28 12:12:32,175 [ERROR] src.pipeline — [267630] FAILED: TOO_FEW_RPEAKS: 0
2026-03-28 12:12:32,175 [INFO] src.pipeline — Processing 286830 ...
2026-03-28 12:12:32,222 [INFO] src.pipeline — Processing 287355 ...
2026-03-28 12:12:32,255 [INFO] src.pipeline — Processing 292220 ...
2026-03-28 12:12:32,325 [INFO] src.pipeline — Processing 292666 ...
2026-03-28 12:12:32,372 [INFO] src.pipeline — Processing 304141 ...
2026-03-28 12:12:32,418 [INFO] src.pipeline — Processing 314397 ...
2026-03-28 12:12:32,470 [INFO] src.pipeline — Processing 316872 ...
2026-03-28 12:12:32,515 [INFO] src.pipeline — Processing 317547 ...
2026-03-28 12:12:32,559 [INFO] src.pipeline — Processing 319150 ...
2026-03-28 12:12:32,606 [INFO] src.pipeline — Processing 319221 ...
2026-03-28 12:12:32,646 [INFO] src.pipeline — Processing 325231 ...
2026-03-28 12:12:32,686 [INFO] src.pipeline — Processing 325966 ...
2026-03-28 12:12:32,746 [INFO] src.pipeline — Processing 329034 ...
2026-03-28 12:12:32,785 [INFO] src.pipeline — Processing 329533 ...
2026-03-28 12:12:32,848 [INFO] src.pipeline — Processing 395553 ...
2026-03-28 12:12:32,885 [INFO] src.pipeline — Processing 405298 ...
2026-03-28 12:12:32,945 [INFO] src.pipeline — Processing 406008 ...
2026-03-28 12:12:32,998 [INFO] src.pipeline — Processing 413267 ...
2026-03-28 12:12:33,046 [INFO] src.pipeline — Processing 419510 ...
2026-03-28 12:12:33,086 [INFO] src.pipeline — Processing 419960 ...
2026-03-28 12:12:33,135 [INFO] src.pipeline — Processing 428031 ...
2026-03-28 12:12:33,184 [INFO] src.pipeline — Processing 434996 ...
2026-03-28 12:12:33,226 [INFO] src.pipeline — Processing 438721 ...
2026-03-28 12:12:33,272 [INFO] src.pipeline — Processing 445953 ...
2026-03-28 12:12:33,316 [INFO] src.pipeline — Processing 450733 ...
2026-03-28 12:12:33,361 [INFO] src.pipeline — Processing 460919 ...
2026-03-28 12:12:33,405 [INFO] src.pipeline — Processing 461866 ...
2026-03-28 12:12:33,446 [INFO] src.pipeline — Processing 466796 ...
2026-03-28 12:12:33,485 [INFO] src.pipeline — Processing 471727 ...
2026-03-28 12:12:33,535 [INFO] src.pipeline — Processing 478457 ...
2026-03-28 12:12:33,590 [INFO] src.pipeline — Processing 482516 ...
2026-03-28 12:12:33,635 [INFO] src.pipeline — Processing 482868 ...
2026-03-28 12:12:33,683 [INFO] src.pipeline — Processing 487609 ...
2026-03-28 12:12:33,734 [INFO] src.pipeline — Processing 489539 ...
2026-03-28 12:12:33,777 [INFO] src.pipeline — Processing 505351 ...
2026-03-28 12:12:33,818 [INFO] src.pipeline — Processing 506408 ...
2026-03-28 12:12:33,865 [INFO] src.pipeline — Processing 509648 ...
2026-03-28 12:12:33,905 [INFO] src.pipeline — Processing 516092 ...
2026-03-28 12:12:33,970 [INFO] src.pipeline — Processing 519139 ...
2026-03-28 12:12:34,010 [INFO] src.pipeline — Processing 519687 ...
2026-03-28 12:12:34,045 [INFO] src.pipeline — Processing 532816 ...
2026-03-28 12:12:34,093 [INFO] src.pipeline — Processing 538053 ...
2026-03-28 12:12:34,147 [INFO] src.pipeline — Processing 540736 ...
2026-03-28 12:12:34,193 [INFO] src.pipeline — Processing 548140 ...
2026-03-28 12:12:34,239 [INFO] src.pipeline — Processing 548865 ...
2026-03-28 12:12:34,293 [INFO] src.pipeline — Processing 558967 ...
2026-03-28 12:12:34,339 [INFO] src.pipeline — Processing 571723 ...
2026-03-28 12:12:34,375 [INFO] src.pipeline — Processing 577838 ...
2026-03-28 12:12:34,437 [WARNING] src.pipeline — [577838] PARTIAL: ['BEAT0_V1_J_POINT_LOW_CONFIDENCE', 'BEAT1_V1_J_POINT_LOW_CONFIDENCE', 'BEAT4_V1_J_POINT_LOW_CONFIDENCE', 'BEAT12_V1_J_POINT_LOW_CONFIDENCE', 'BEAT16_V1_J_POINT_LOW_CONFIDENCE']
2026-03-28 12:12:34,437 [INFO] src.pipeline — Processing 580720 ...
2026-03-28 12:12:34,475 [INFO] src.pipeline — Processing 581912 ...
2026-03-28 12:12:34,525 [WARNING] src.pipeline — [581912] PARTIAL: ['BEAT1_V2_J_POINT_LOW_CONFIDENCE']
2026-03-28 12:12:34,525 [INFO] src.pipeline — Processing 592768 ...
2026-03-28 12:12:34,555 [INFO] src.pipeline — Processing 596382 ...
2026-03-28 12:12:34,615 [INFO] src.pipeline — Processing 597251 ...
2026-03-28 12:12:34,655 [INFO] src.pipeline — Processing 613119 ...
2026-03-28 12:12:34,712 [INFO] src.pipeline — Processing 614578 ...
2026-03-28 12:12:34,755 [INFO] src.pipeline — Processing 614707 ...
2026-03-28 12:12:34,802 [INFO] src.pipeline — Processing 622530 ...
2026-03-28 12:12:34,861 [INFO] src.pipeline — Processing 624511 ...
2026-03-28 12:12:34,905 [INFO] src.pipeline — Processing 625190 ...
2026-03-28 12:12:34,943 [INFO] src.pipeline — Processing 641455 ...
2026-03-28 12:12:35,015 [INFO] src.pipeline — Processing 643139 ...
2026-03-28 12:12:35,062 [INFO] src.pipeline — Processing 801261 ...
2026-03-28 12:12:35,106 [INFO] src.pipeline — Processing 806949 ...
2026-03-28 12:12:35,155 [INFO] src.pipeline — Processing 807363 ...
2026-03-28 12:12:35,185 [INFO] src.pipeline — Processing 812209 ...
2026-03-28 12:12:35,241 [INFO] src.pipeline — Processing 812404 ...
2026-03-28 12:12:35,295 [INFO] src.pipeline — Processing 814286 ...
2026-03-28 12:12:35,335 [INFO] src.pipeline — Processing 816929 ...
2026-03-28 12:12:35,405 [INFO] src.pipeline — Processing 819710 ...
2026-03-28 12:12:35,470 [INFO] src.pipeline — Processing 821478 ...
2026-03-28 12:12:35,520 [INFO] src.pipeline — Processing 822108 ...
2026-03-28 12:12:35,570 [INFO] src.pipeline — Processing 822756 ...
2026-03-28 12:12:35,630 [INFO] src.pipeline — Processing 829768 ...
2026-03-28 12:12:35,683 [INFO] src.pipeline — Processing 830179 ...
2026-03-28 12:12:35,718 [INFO] src.pipeline — Processing 841212 ...
2026-03-28 12:12:35,766 [INFO] src.pipeline — Processing 841869 ...
2026-03-28 12:12:35,815 [INFO] src.pipeline — Processing 844915 ...
2026-03-28 12:12:35,855 [INFO] src.pipeline — Processing 849168 ...
2026-03-28 12:12:35,905 [INFO] src.pipeline — Processing 852786 ...
2026-03-28 12:12:35,955 [INFO] src.pipeline — Processing 855592 ...
2026-03-28 12:12:36,000 [INFO] src.pipeline — Processing 865998 ...
2026-03-28 12:12:36,047 [INFO] src.pipeline — Processing 866721 ...
2026-03-28 12:12:36,105 [INFO] src.pipeline — Processing 873255 ...
2026-03-28 12:12:36,213 [INFO] src.pipeline — Processing 878765 ...
2026-03-28 12:12:36,368 [INFO] src.pipeline — Processing 887465 ...
2026-03-28 12:12:36,725 [INFO] src.pipeline — Processing 891754 ...
2026-03-28 12:12:36,913 [INFO] src.pipeline — Processing 894725 ...
2026-03-28 12:12:37,033 [INFO] src.pipeline — Processing 898726 ...
2026-03-28 12:12:37,145 [INFO] src.pipeline — Processing 903442 ...
2026-03-28 12:12:37,381 [INFO] src.pipeline — Processing 903802 ...
2026-03-28 12:12:37,545 [WARNING] src.pipeline — [903802] PARTIAL: ['BEAT9_V2_J_POINT_LOW_CONFIDENCE']
2026-03-28 12:12:37,551 [INFO] src.pipeline — Processing 907736 ...
2026-03-28 12:12:37,664 [INFO] src.pipeline — Processing 913169 ...
2026-03-28 12:12:37,781 [INFO] src.pipeline — Processing 918062 ...
2026-03-28 12:12:37,908 [INFO] src.pipeline — Processing 920037 ...
2026-03-28 12:12:38,028 [INFO] src.pipeline — Processing 921230 ...
2026-03-28 12:12:38,144 [INFO] src.pipeline — Processing 930107 ...
2026-03-28 12:12:38,245 [INFO] src.pipeline — Processing 935156 ...
2026-03-28 12:12:38,354 [INFO] src.pipeline — Processing 938838 ...
2026-03-28 12:12:38,484 [INFO] src.pipeline — Processing 939546 ...
2026-03-28 12:12:38,589 [INFO] src.pipeline — Processing 945345 ...
2026-03-28 12:12:38,699 [INFO] src.pipeline — Processing 952177 ...
2026-03-28 12:12:38,819 [INFO] src.pipeline — Processing 952641 ...
2026-03-28 12:12:38,936 [INFO] src.pipeline — Processing 953976 ...
2026-03-28 12:12:39,018 [INFO] src.pipeline — Processing 958460 ...
2026-03-28 12:12:39,135 [INFO] src.pipeline — Processing 958703 ...
2026-03-28 12:12:39,276 [INFO] src.pipeline — Processing 959843 ...
2026-03-28 12:12:39,389 [INFO] src.pipeline — Processing 960432 ...
2026-03-28 12:12:39,495 [INFO] src.pipeline — Processing 962566 ...
2026-03-28 12:12:39,638 [INFO] src.pipeline — Processing 964469 ...
2026-03-28 12:12:39,717 [INFO] src.pipeline — Processing 965217 ...
2026-03-28 12:12:39,750 [INFO] src.pipeline — Processing 967547 ...
2026-03-28 12:12:39,798 [INFO] src.pipeline — Processing 968556 ...
2026-03-28 12:12:39,845 [INFO] src.pipeline — Processing 969321 ...
2026-03-28 12:12:39,905 [INFO] src.pipeline — Processing 970649 ...
2026-03-28 12:12:39,955 [INFO] src.pipeline — Processing 972048 ...
2026-03-28 12:12:40,000 [INFO] src.pipeline — Processing 972330 ...
2026-03-28 12:12:40,052 [INFO] src.pipeline — Processing 972781 ...
2026-03-28 12:12:40,100 [INFO] src.pipeline — Processing 980284 ...
2026-03-28 12:12:40,159 [INFO] src.pipeline — Processing 982732 ...
2026-03-28 12:12:40,205 [INFO] src.pipeline — Processing 985814 ...
2026-03-28 12:12:40,250 [INFO] src.pipeline — Processing 991528 ...
2026-03-28 12:12:40,288 [INFO] src.pipeline — Processing 994065 ...
2026-03-28 12:12:40,327 [INFO] src.pipeline — Processing 994217 ...
2026-03-28 12:12:40,375 [INFO] src.pipeline — Processing 994515 ...
2026-03-28 12:12:40,428 [INFO] src.pipeline — Processing 998036 ...
2026-03-28 12:12:40,480 [INFO] src.pipeline — Processing 999474 ...
2026-03-28 12:12:40,557 [INFO] src.pipeline — Processing 1009874 ...
2026-03-28 12:12:40,635 [INFO] src.pipeline — Processing 1013884 ...
2026-03-28 12:12:40,703 [INFO] src.pipeline — Processing 1023925 ...
2026-03-28 12:12:40,774 [INFO] src.pipeline — Processing 1036640 ...
2026-03-28 12:12:40,815 [INFO] src.pipeline — Processing 1041375 ...
2026-03-28 12:12:40,865 [INFO] src.pipeline — Processing 1053511 ...
2026-03-28 12:12:40,905 [INFO] src.pipeline — Processing 1054733 ...
2026-03-28 12:12:40,938 [INFO] src.pipeline — Processing 1058085 ...
2026-03-28 12:12:40,975 [INFO] src.pipeline — Processing 1058605 ...
2026-03-28 12:12:41,025 [INFO] src.pipeline — Processing 1061898 ...
2026-03-28 12:12:41,055 [INFO] src.pipeline — Processing 1063368 ...
2026-03-28 12:12:41,105 [INFO] src.pipeline — Processing 1073253 ...
2026-03-28 12:12:41,167 [INFO] src.pipeline — Processing 1074787 ...
2026-03-28 12:12:41,215 [INFO] src.pipeline — Processing 1080968 ...
2026-03-28 12:12:41,265 [INFO] src.pipeline — Processing 1081032 ...
2026-03-28 12:12:41,316 [INFO] src.pipeline — Processing 1081338 ...
2026-03-28 12:12:41,368 [INFO] src.pipeline — Processing 1084994 ...
2026-03-28 12:12:41,428 [INFO] src.pipeline — Processing 1085203 ...
2026-03-28 12:12:41,483 [INFO] src.pipeline — Processing 1087704 ...
2026-03-28 12:12:41,538 [INFO] src.pipeline — Processing 1088175 ...
2026-03-28 12:12:41,575 [INFO] src.pipeline — Processing 1088261 ...
2026-03-28 12:12:41,625 [INFO] src.pipeline — Processing 1088796 ...
2026-03-28 12:12:41,675 [INFO] src.pipeline — Processing 1092237 ...
2026-03-28 12:12:41,741 [WARNING] src.pipeline — [1092237] PARTIAL: ['BEAT0_V1_J_POINT_LOW_CONFIDENCE', 'BEAT1_V1_J_POINT_LOW_CONFIDENCE', 'BEAT2_V1_J_POINT_LOW_CONFIDENCE', 'BEAT3_V1_J_POINT_LOW_CONFIDENCE', 'BEAT4_V1_J_POINT_LOW_CONFIDENCE', 'BEAT5_V1_J_POINT_LOW_CONFIDENCE', 'BEAT6_V1_J_POINT_LOW_CONFIDENCE', 'BEAT7_V1_J_POINT_LOW_CONFIDENCE', 'BEAT8_V1_J_POINT_LOW_CONFIDENCE']
2026-03-28 12:12:41,741 [INFO] src.pipeline — Processing 1093224 ...
2026-03-28 12:12:41,787 [INFO] src.pipeline — Processing 1096625 ...
2026-03-28 12:12:41,838 [INFO] src.pipeline — Processing 1097714 ...
2026-03-28 12:12:41,878 [INFO] src.pipeline — Processing 1098314 ...
2026-03-28 12:12:41,927 [INFO] src.pipeline — Processing 1099262 ...
2026-03-28 12:12:41,968 [INFO] src.pipeline — Processing 1102607 ...
2026-03-28 12:12:42,018 [INFO] src.pipeline — Processing 1103983 ...
2026-03-28 12:12:42,058 [INFO] src.pipeline — Processing 1106149 ...
2026-03-28 12:12:42,099 [INFO] src.pipeline — Processing 1112604 ...
2026-03-28 12:12:42,158 [INFO] src.pipeline — Processing 1117553 ...
2026-03-28 12:12:42,218 [INFO] src.pipeline — Processing 1118251 ...
2026-03-28 12:12:42,269 [INFO] src.pipeline — Processing 1121137 ...
2026-03-28 12:12:42,307 [INFO] src.pipeline — Processing 1122903 ...
2026-03-28 12:12:42,357 [INFO] src.pipeline — Processing 1124825 ...
2026-03-28 12:12:42,388 [INFO] src.pipeline — Processing 1124826 ...
2026-03-28 12:12:42,446 [INFO] src.pipeline — Processing 1128835 ...
2026-03-28 12:12:42,486 [INFO] src.pipeline — Processing 1134284 ...
2026-03-28 12:12:42,529 [INFO] src.pipeline — Processing 1135434 ...
2026-03-28 12:12:42,577 [INFO] src.pipeline — Processing 1138153 ...
2026-03-28 12:12:42,628 [INFO] src.pipeline — Processing 1141322 ...
2026-03-28 12:12:42,677 [INFO] src.pipeline — Processing 1142915 ...
2026-03-28 12:12:42,728 [INFO] src.pipeline — Processing 1145203 ...
2026-03-28 12:12:42,768 [INFO] src.pipeline — Processing 1146063 ...
2026-03-28 12:12:42,816 [INFO] src.pipeline — Processing 1147684 ...
2026-03-28 12:12:42,868 [INFO] src.pipeline — Processing 1148718 ...
2026-03-28 12:12:42,915 [INFO] src.pipeline — Processing 1152054 ...
2026-03-28 12:12:42,967 [INFO] src.pipeline — Processing 1157038 ...
2026-03-28 12:12:43,028 [INFO] src.pipeline — Processing 1160261 ...
2026-03-28 12:12:43,086 [INFO] src.pipeline — Processing 1165447 ...
2026-03-28 12:12:43,128 [INFO] src.pipeline — Processing 1165448 ...
2026-03-28 12:12:43,185 [INFO] src.pipeline — Processing 1169405 ...
2026-03-28 12:12:43,227 [INFO] src.pipeline — Processing 1172602 ...
2026-03-28 12:12:43,276 [INFO] src.pipeline — Processing 1176675 ...
2026-03-28 12:12:43,307 [INFO] src.pipeline — Processing 1177018 ...
2026-03-28 12:12:43,373 [INFO] src.pipeline — Processing 1180702 ...
2026-03-28 12:12:43,445 [INFO] src.pipeline — Processing 1183349 ...
2026-03-28 12:12:43,487 [INFO] src.pipeline — Processing 1184742 ...
2026-03-28 12:12:43,539 [INFO] src.pipeline — Processing 1187599 ...
2026-03-28 12:12:43,578 [INFO] src.pipeline — Processing 1188747 ...
2026-03-28 12:12:43,648 [INFO] src.pipeline — Processing 1190805 ...
2026-03-28 12:12:43,699 [INFO] src.pipeline — Processing 1191551 ...
2026-03-28 12:12:43,747 [INFO] src.pipeline — Processing 1191595 ...
2026-03-28 12:12:43,808 [INFO] src.pipeline — Processing 1192135 ...
2026-03-28 12:12:43,859 [INFO] src.pipeline — Processing 1192146 ...
2026-03-28 12:12:43,926 [INFO] src.pipeline — Processing 1192654 ...
2026-03-28 12:12:43,967 [INFO] src.pipeline — Processing 1197538 ...
2026-03-28 12:12:44,009 [INFO] src.pipeline — Processing 1199480 ...
2026-03-28 12:12:44,058 [INFO] src.pipeline — Processing 1199517 ...
2026-03-28 12:12:44,101 [INFO] src.pipeline — Processing 1199593 ...
2026-03-28 12:12:44,138 [INFO] src.pipeline — Processing 1202306 ...
2026-03-28 12:12:44,187 [INFO] src.pipeline — Processing 1207769 ...
2026-03-28 12:12:44,237 [INFO] src.pipeline — Processing 1207947 ...
2026-03-28 12:12:44,296 [INFO] src.pipeline — Processing 1214441 ...
2026-03-28 12:12:44,370 [INFO] src.pipeline — Processing 1220716 ...
2026-03-28 12:12:44,418 [INFO] src.pipeline — Processing 1221590 ...
2026-03-28 12:12:44,463 [INFO] src.pipeline — Processing 1223519 ...
2026-03-28 12:12:44,515 [INFO] src.pipeline — Processing 1224102 ...
2026-03-28 12:12:44,547 [INFO] src.pipeline — Processing 1228746 ...
2026-03-28 12:12:44,598 [INFO] src.pipeline — Processing 1230482 ...
2026-03-28 12:12:44,628 [ERROR] src.pipeline — [1230482] FAILED: TOO_FEW_VALID_BEATS:0
2026-03-28 12:12:44,636 [INFO] src.pipeline — Processing 1231339 ...
2026-03-28 12:12:44,697 [INFO] src.pipeline — Processing 1235674 ...
2026-03-28 12:12:44,751 [INFO] src.pipeline — Processing 1236012 ...
2026-03-28 12:12:44,807 [INFO] src.pipeline — Processing 1237748 ...
2026-03-28 12:12:44,848 [INFO] src.pipeline — Processing 1238446 ...
2026-03-28 12:12:44,917 [INFO] src.pipeline — Processing 1238671 ...
2026-03-28 12:12:44,967 [INFO] src.pipeline — Processing 1242678 ...
2026-03-28 12:12:45,007 [INFO] src.pipeline — Processing 1244867 ...
2026-03-28 12:12:45,060 [INFO] src.pipeline — Processing 1248576 ...
2026-03-28 12:12:45,095 [INFO] src.pipeline — Processing 1248611 ...
2026-03-28 12:12:45,145 [INFO] src.pipeline — Processing 1252288 ...
2026-03-28 12:12:45,188 [INFO] src.pipeline — Processing 1254062 ...
2026-03-28 12:12:45,233 [INFO] src.pipeline — Processing 1254171 ...
2026-03-28 12:12:45,280 [INFO] src.pipeline — Processing 1254267 ...
2026-03-28 12:12:45,318 [INFO] src.pipeline — Processing 1259391 ...
2026-03-28 12:12:45,365 [INFO] src.pipeline — Processing 1263008 ...
2026-03-28 12:12:45,407 [INFO] src.pipeline — Processing 1270798 ...
2026-03-28 12:12:45,467 [INFO] src.pipeline — Processing 1272319 ...
2026-03-28 12:12:45,538 [INFO] src.pipeline — Processing 1272821 ...
2026-03-28 12:12:45,583 [INFO] src.pipeline — Processing 1274776 ...
2026-03-28 12:12:45,639 [INFO] src.pipeline — Processing 1275329 ...
2026-03-28 12:12:45,682 [INFO] src.pipeline — Processing 1277374 ...
2026-03-28 12:12:45,725 [INFO] src.pipeline — Processing 1278746 ...
2026-03-28 12:12:45,769 [INFO] src.pipeline — Processing 1280588 ...
2026-03-28 12:12:45,813 [INFO] src.pipeline — Processing 1281380 ...
2026-03-28 12:12:45,854 [INFO] src.pipeline — Processing 1284182 ...
2026-03-28 12:12:45,908 [INFO] src.pipeline — Processing 1285404 ...
2026-03-28 12:12:45,961 [INFO] src.pipeline — Processing 1286512 ...
2026-03-28 12:12:46,085 [INFO] src.pipeline — Processing 1290629 ...
2026-03-28 12:12:46,228 [INFO] src.pipeline — Processing 1290807 ...
2026-03-28 12:12:46,384 [INFO] src.pipeline — Processing 1294540 ...
2026-03-28 12:12:46,580 [INFO] src.pipeline — Processing 1297151 ...
2026-03-28 12:12:46,698 [INFO] src.pipeline — Processing 1297765 ...
2026-03-28 12:12:46,807 [INFO] src.pipeline — Processing 1297767 ...
2026-03-28 12:12:46,968 [INFO] src.pipeline — Processing 1298469 ...
2026-03-28 12:12:47,101 [INFO] src.pipeline — Processing 1303729 ...
2026-03-28 12:12:47,208 [INFO] src.pipeline — Processing 1305051 ...
2026-03-28 12:12:47,307 [INFO] src.pipeline — Processing 1307673 ...
2026-03-28 12:12:47,419 [INFO] src.pipeline — Processing 1307716 ...
2026-03-28 12:12:47,529 [INFO] src.pipeline — Processing 1309300 ...
2026-03-28 12:12:47,647 [INFO] src.pipeline — Processing 1310052 ...
2026-03-28 12:12:47,749 [INFO] src.pipeline — Processing 1312303 ...
2026-03-28 12:12:47,875 [INFO] src.pipeline — Processing 1313974 ...
2026-03-28 12:12:47,978 [INFO] src.pipeline — Processing 1316784 ...
2026-03-28 12:12:48,099 [INFO] src.pipeline — Processing 1318568 ...
2026-03-28 12:12:48,205 [INFO] src.pipeline — Processing 1326991 ...
2026-03-28 12:12:48,325 [INFO] src.pipeline — Processing 1327775 ...
2026-03-28 12:12:48,432 [INFO] src.pipeline — Processing 1327784 ...
2026-03-28 12:12:48,559 [INFO] src.pipeline — Processing 1332388 ...
2026-03-28 12:12:48,680 [INFO] src.pipeline — Processing 1336243 ...
2026-03-28 12:12:48,795 [INFO] src.pipeline — Processing 1337461 ...
2026-03-28 12:12:48,913 [INFO] src.pipeline — Processing 1338772 ...
2026-03-28 12:12:49,023 [INFO] src.pipeline — Processing 1338780 ...
2026-03-28 12:12:49,132 [INFO] src.pipeline — Processing 1342979 ...
2026-03-28 12:12:49,241 [INFO] src.pipeline — Processing 1344639 ...
2026-03-28 12:12:49,342 [INFO] src.pipeline — Processing 1346727 ...
2026-03-28 12:12:49,448 [INFO] src.pipeline — Processing 1350930 ...
2026-03-28 12:12:49,563 [INFO] src.pipeline — Processing 1357325 ...
2026-03-28 12:12:49,659 [INFO] src.pipeline — Processing 1358245 ...
2026-03-28 12:12:49,766 [INFO] src.pipeline — Processing 1360656 ...
2026-03-28 12:12:49,871 [INFO] src.pipeline — Processing 1366050 ...
2026-03-28 12:12:49,980 [INFO] src.pipeline — Processing 1366637 ...
2026-03-28 12:12:50,091 [INFO] src.pipeline — Processing 1370418 ...
2026-03-28 12:12:50,208 [INFO] src.pipeline — Processing 1370819 ...
2026-03-28 12:12:50,326 [INFO] src.pipeline — Processing 1371132 ...
2026-03-28 12:12:50,459 [INFO] src.pipeline — Processing 1371554 ...
2026-03-28 12:12:50,575 [INFO] src.pipeline — Processing 1372180 ...
2026-03-28 12:12:50,705 [INFO] src.pipeline — Processing 1372181 ...
2026-03-28 12:12:50,845 [INFO] src.pipeline — Processing 1381534 ...
2026-03-28 12:12:50,973 [INFO] src.pipeline — Processing 1382112 ...
2026-03-28 12:12:51,070 [INFO] src.pipeline — Processing 1383335 ...
2026-03-28 12:12:51,188 [INFO] src.pipeline — Processing 1385747 ...
2026-03-28 12:12:51,319 [INFO] src.pipeline — Processing 1386698 ...
2026-03-28 12:12:51,445 [INFO] src.pipeline — Processing 1390489 ...
2026-03-28 12:12:51,558 [INFO] src.pipeline — Processing 1403173 ...
2026-03-28 12:12:51,659 [INFO] src.pipeline — Processing 1404688 ...
2026-03-28 12:12:51,775 [INFO] src.pipeline — Processing 1407660 ...
2026-03-28 12:12:51,888 [INFO] src.pipeline — Processing 1408290 ...
2026-03-28 12:12:52,009 [INFO] src.pipeline — Processing 1414022 ...
2026-03-28 12:12:52,155 [INFO] src.pipeline — Processing 1414967 ...
2026-03-28 12:12:52,263 [INFO] src.pipeline — Processing 1416483 ...
2026-03-28 12:12:52,367 [INFO] src.pipeline — Processing 1417008 ...
2026-03-28 12:12:52,463 [INFO] src.pipeline — Processing 1418000 ...
2026-03-28 12:12:52,573 [INFO] src.pipeline — Processing 1419825 ...
2026-03-28 12:12:52,682 [INFO] src.pipeline — Processing 1421261 ...
2026-03-28 12:12:52,791 [INFO] src.pipeline — Processing 1421316 ...
2026-03-28 12:12:52,895 [INFO] src.pipeline — Processing 1422523 ...
2026-03-28 12:12:53,009 [INFO] src.pipeline — Processing 1422770 ...
2026-03-28 12:12:53,118 [INFO] src.pipeline — Processing 1423789 ...
2026-03-28 12:12:53,245 [INFO] src.pipeline — Processing 1424148 ...
2026-03-28 12:12:53,368 [INFO] src.pipeline — Processing 1425960 ...
2026-03-28 12:12:53,467 [INFO] src.pipeline — Processing 1426919 ...
2026-03-28 12:12:53,585 [INFO] src.pipeline — Processing 2187085 ...
2026-03-28 12:12:53,703 [INFO] src.pipeline — Processing 2635972 ...
2026-03-28 12:12:53,816 [INFO] src.pipeline — Processing 3003692 ...
2026-03-28 12:12:53,928 [INFO] src.pipeline — Processing 3004284 ...
2026-03-28 12:12:54,045 [INFO] src.pipeline — Processing 3006598 ...
2026-03-28 12:12:54,155 [INFO] src.pipeline — Processing 3007664 ...
2026-03-28 12:12:54,267 [INFO] src.pipeline — Processing 3009538 ...
2026-03-28 12:12:54,363 [INFO] src.pipeline — Processing 3009950 ...
2026-03-28 12:12:54,462 [INFO] src.pipeline — Processing 3015438 ...
2026-03-28 12:12:54,555 [INFO] src.pipeline — Processing 3015440 ...
2026-03-28 12:12:54,665 [INFO] src.pipeline — Processing 3015449 ...
2026-03-28 12:12:54,786 [INFO] src.pipeline — Processing 3016396 ...
2026-03-28 12:12:54,900 [INFO] src.pipeline — Processing 3016401 ...
2026-03-28 12:12:55,036 [INFO] src.pipeline — Processing 3028930 ...
2026-03-28 12:12:55,153 [INFO] src.pipeline — Processing 3030937 ...
2026-03-28 12:12:55,264 [INFO] src.pipeline — Processing 3035210 ...
2026-03-28 12:12:55,353 [INFO] src.pipeline — Processing 3037390 ...
2026-03-28 12:12:55,474 [INFO] src.pipeline — Processing 3037617 ...
2026-03-28 12:12:55,590 [INFO] src.pipeline — Processing 3043155 ...
2026-03-28 12:12:55,687 [INFO] src.pipeline — Processing 3044775 ...
2026-03-28 12:12:55,787 [INFO] src.pipeline — Processing 3045053 ...
2026-03-28 12:12:55,878 [INFO] src.pipeline — Processing 3045059 ...
2026-03-28 12:12:55,977 [INFO] src.pipeline — Processing 3045751 ...
2026-03-28 12:12:56,071 [INFO] src.pipeline — Processing 3058024 ...
2026-03-28 12:12:56,190 [INFO] src.pipeline — Processing 3058134 ...
2026-03-28 12:12:56,305 [INFO] src.pipeline — Processing 3062045 ...
2026-03-28 12:12:56,416 [INFO] src.pipeline — Processing 3064724 ...
2026-03-28 12:12:56,525 [INFO] src.pipeline — Processing 3065295 ...
2026-03-28 12:12:56,622 [INFO] src.pipeline — Processing 3067191 ...
2026-03-28 12:12:56,744 [INFO] src.pipeline — Processing 3067196 ...
2026-03-28 12:12:56,840 [INFO] src.pipeline — Processing 3071151 ...
2026-03-28 12:12:56,930 [INFO] src.pipeline — Processing 3072833 ...
2026-03-28 12:12:57,038 [INFO] src.pipeline — Processing 3072836 ...
2026-03-28 12:12:57,140 [INFO] src.pipeline — Processing 3073346 ...
2026-03-28 12:12:57,240 [INFO] src.pipeline — Processing 3074751 ...
2026-03-28 12:12:57,380 [INFO] src.pipeline — Processing 3075260 ...
2026-03-28 12:12:57,485 [INFO] src.pipeline — Processing 3080118 ...
2026-03-28 12:12:57,595 [INFO] src.pipeline — Processing 3080186 ...
2026-03-28 12:12:57,685 [INFO] src.pipeline — Processing 3092472 ...
2026-03-28 12:12:57,802 [INFO] src.pipeline — Processing 3093924 ...
2026-03-28 12:12:57,914 [INFO] src.pipeline — Processing 3094047 ...
2026-03-28 12:12:58,033 [INFO] src.pipeline — Processing 3094049 ...
2026-03-28 12:12:58,122 [WARNING] src.pipeline — [3094049] PARTIAL: ['BEAT2_V1_J_POINT_LOW_CONFIDENCE', 'BEAT4_V1_J_POINT_LOW_CONFIDENCE', 'BEAT5_V1_J_POINT_LOW_CONFIDENCE', 'BEAT6_V1_J_POINT_LOW_CONFIDENCE', 'BEAT7_V1_J_POINT_LOW_CONFIDENCE']
2026-03-28 12:12:58,122 [INFO] src.pipeline — Processing 3095195 ...
2026-03-28 12:12:58,218 [INFO] src.pipeline — Processing 3095200 ...
2026-03-28 12:12:58,326 [INFO] src.pipeline — Processing 3096254 ...
2026-03-28 12:12:58,465 [INFO] src.pipeline — Processing 3099875 ...
2026-03-28 12:12:58,576 [INFO] src.pipeline — Processing 3101011 ...
2026-03-28 12:12:58,685 [INFO] src.pipeline — Processing 3110550 ...
2026-03-28 12:12:58,818 [INFO] src.pipeline — Processing 3113249 ...
2026-03-28 12:12:58,948 [INFO] src.pipeline — Processing 3114582 ...
2026-03-28 12:12:59,057 [INFO] src.pipeline — Processing 3118448 ...
2026-03-28 12:12:59,156 [INFO] src.pipeline — Processing 3128412 ...
2026-03-28 12:12:59,268 [INFO] src.pipeline — Processing 3128947 ...
2026-03-28 12:12:59,380 [INFO] src.pipeline — Processing 3128957 ...
2026-03-28 12:12:59,508 [INFO] src.pipeline — Processing 3133602 ...
2026-03-28 12:12:59,629 [INFO] src.pipeline — Processing 3136075 ...
2026-03-28 12:12:59,747 [INFO] src.pipeline — Processing 3138453 ...
2026-03-28 12:12:59,858 [INFO] src.pipeline — Processing 3139196 ...
2026-03-28 12:13:00,658 [INFO] src.pipeline — Pipeline complete. OK: 356 | PARTIAL: 5 | FAILED: 2
2026-03-28 12:13:00,820 [INFO] src.feature_store — Dropped 30 features with >50.0% missing
2026-03-28 12:13:00,932 [INFO] src.feature_store — Fold 0: train=(290, 652) | val=(73, 652)
2026-03-28 12:13:01,026 [INFO] src.feature_store — Fold 1: train=(290, 652) | val=(73, 652)
2026-03-28 12:13:01,123 [INFO] src.feature_store — Fold 2: train=(290, 652) | val=(73, 652)
2026-03-28 12:13:01,219 [INFO] src.feature_store — Fold 3: train=(291, 652) | val=(72, 652)
2026-03-28 12:13:01,325 [INFO] src.feature_store — Fold 4: train=(291, 652) | val=(72, 652)
2026-03-28 12:13:01,325 [INFO] src.feature_store — Scaled matrices exported to: outputs/features/scaled/
2026-03-28 12:18:29,115 [INFO] src.pipeline — Processing 188981 ...
2026-03-28 12:18:29,873 [INFO] src.pipeline — Processing 251972 ...
2026-03-28 12:18:29,890 [INFO] src.pipeline — Processing 265715 ...
2026-03-28 12:18:29,908 [INFO] src.pipeline — Processing 267628 ...
2026-03-28 12:18:29,929 [INFO] src.pipeline — Processing 267630 ...
2026-03-28 12:18:29,933 [ERROR] src.pipeline — [267630] FAILED: TOO_FEW_RPEAKS: 0
2026-03-28 12:18:29,933 [INFO] src.pipeline — Processing 286830 ...
2026-03-28 12:18:29,949 [INFO] src.pipeline — Processing 287355 ...
2026-03-28 12:18:29,970 [INFO] src.pipeline — Processing 292220 ...
2026-03-28 12:18:29,987 [INFO] src.pipeline — Processing 292666 ...
2026-03-28 12:18:30,007 [INFO] src.pipeline — Processing 304141 ...
2026-03-28 12:18:30,025 [INFO] src.pipeline — Processing 314397 ...
2026-03-28 12:18:30,041 [INFO] src.pipeline — Processing 316872 ...
2026-03-28 12:18:30,057 [INFO] src.pipeline — Processing 317547 ...
2026-03-28 12:18:30,070 [INFO] src.pipeline — Processing 319150 ...
2026-03-28 12:18:30,089 [INFO] src.pipeline — Processing 319221 ...
2026-03-28 12:18:30,122 [INFO] src.pipeline — Processing 325231 ...
2026-03-28 12:18:30,139 [INFO] src.pipeline — Processing 325966 ...
2026-03-28 12:18:30,155 [INFO] src.pipeline — Processing 329034 ...
2026-03-28 12:18:30,173 [INFO] src.pipeline — Processing 329533 ...
2026-03-28 12:18:30,189 [INFO] src.pipeline — Processing 395553 ...
2026-03-28 12:18:30,205 [INFO] src.pipeline — Processing 405298 ...
2026-03-28 12:18:30,225 [INFO] src.pipeline — Processing 406008 ...
2026-03-28 12:18:30,238 [INFO] src.pipeline — Processing 413267 ...
2026-03-28 12:18:30,260 [INFO] src.pipeline — Processing 419510 ...
2026-03-28 12:18:30,273 [INFO] src.pipeline — Processing 419960 ...
2026-03-28 12:18:30,289 [INFO] src.pipeline — Processing 428031 ...
2026-03-28 12:18:30,310 [INFO] src.pipeline — Processing 434996 ...
2026-03-28 12:18:30,325 [INFO] src.pipeline — Processing 438721 ...
2026-03-28 12:18:30,338 [INFO] src.pipeline — Processing 445953 ...
2026-03-28 12:18:30,358 [INFO] src.pipeline — Processing 450733 ...
2026-03-28 12:18:30,378 [INFO] src.pipeline — Processing 460919 ...
2026-03-28 12:18:30,405 [INFO] src.pipeline — Processing 461866 ...
2026-03-28 12:18:30,422 [INFO] src.pipeline — Processing 466796 ...
2026-03-28 12:18:30,437 [INFO] src.pipeline — Processing 471727 ...
2026-03-28 12:18:30,459 [INFO] src.pipeline — Processing 478457 ...
2026-03-28 12:18:30,480 [INFO] src.pipeline — Processing 482516 ...
2026-03-28 12:18:30,495 [INFO] src.pipeline — Processing 482868 ...
2026-03-28 12:18:30,515 [INFO] src.pipeline — Processing 487609 ...
2026-03-28 12:18:30,530 [INFO] src.pipeline — Processing 489539 ...
2026-03-28 12:18:30,545 [INFO] src.pipeline — Processing 505351 ...
2026-03-28 12:18:30,565 [INFO] src.pipeline — Processing 506408 ...
2026-03-28 12:18:30,579 [INFO] src.pipeline — Processing 509648 ...
2026-03-28 12:18:30,600 [INFO] src.pipeline — Processing 516092 ...
2026-03-28 12:18:30,617 [INFO] src.pipeline — Processing 519139 ...
2026-03-28 12:18:30,625 [INFO] src.pipeline — Processing 519687 ...
2026-03-28 12:18:30,651 [INFO] src.pipeline — Processing 532816 ...
2026-03-28 12:18:30,666 [INFO] src.pipeline — Processing 538053 ...
2026-03-28 12:18:30,683 [INFO] src.pipeline — Processing 540736 ...
2026-03-28 12:18:30,706 [INFO] src.pipeline — Processing 548140 ...
2026-03-28 12:18:30,725 [INFO] src.pipeline — Processing 548865 ...
2026-03-28 12:18:30,745 [INFO] src.pipeline — Processing 558967 ...
2026-03-28 12:18:30,758 [INFO] src.pipeline — Processing 571723 ...
2026-03-28 12:18:30,778 [INFO] src.pipeline — Processing 577838 ...
2026-03-28 12:18:30,795 [WARNING] src.pipeline — [577838] PARTIAL: ['BEAT0_V1_J_POINT_LOW_CONFIDENCE', 'BEAT1_V1_J_POINT_LOW_CONFIDENCE', 'BEAT4_V1_J_POINT_LOW_CONFIDENCE', 'BEAT12_V1_J_POINT_LOW_CONFIDENCE', 'BEAT16_V1_J_POINT_LOW_CONFIDENCE']
2026-03-28 12:18:30,803 [INFO] src.pipeline — Processing 580720 ...
2026-03-28 12:18:30,815 [INFO] src.pipeline — Processing 581912 ...
2026-03-28 12:18:30,838 [WARNING] src.pipeline — [581912] PARTIAL: ['BEAT1_V2_J_POINT_LOW_CONFIDENCE']
2026-03-28 12:18:30,838 [INFO] src.pipeline — Processing 592768 ...
2026-03-28 12:18:30,855 [INFO] src.pipeline — Processing 596382 ...
2026-03-28 12:18:30,873 [INFO] src.pipeline — Processing 597251 ...
2026-03-28 12:18:30,888 [INFO] src.pipeline — Processing 613119 ...
2026-03-28 12:18:30,908 [INFO] src.pipeline — Processing 614578 ...
2026-03-28 12:18:30,920 [INFO] src.pipeline — Processing 614707 ...
2026-03-28 12:18:30,935 [INFO] src.pipeline — Processing 622530 ...
2026-03-28 12:18:30,957 [INFO] src.pipeline — Processing 624511 ...
2026-03-28 12:18:30,977 [INFO] src.pipeline — Processing 625190 ...
2026-03-28 12:18:30,998 [INFO] src.pipeline — Processing 641455 ...
2026-03-28 12:18:31,013 [INFO] src.pipeline — Processing 643139 ...
2026-03-28 12:18:31,028 [INFO] src.pipeline — Processing 801261 ...
2026-03-28 12:18:31,055 [INFO] src.pipeline — Processing 806949 ...
2026-03-28 12:18:31,067 [INFO] src.pipeline — Processing 807363 ...
2026-03-28 12:18:31,085 [INFO] src.pipeline — Processing 812209 ...
2026-03-28 12:18:31,105 [INFO] src.pipeline — Processing 812404 ...
2026-03-28 12:18:31,125 [INFO] src.pipeline — Processing 814286 ...
2026-03-28 12:18:31,145 [INFO] src.pipeline — Processing 816929 ...
2026-03-28 12:18:31,161 [INFO] src.pipeline — Processing 819710 ...
2026-03-28 12:18:31,179 [INFO] src.pipeline — Processing 821478 ...
2026-03-28 12:18:31,189 [INFO] src.pipeline — Processing 822108 ...
2026-03-28 12:18:31,210 [INFO] src.pipeline — Processing 822756 ...
2026-03-28 12:18:31,228 [INFO] src.pipeline — Processing 829768 ...
2026-03-28 12:18:31,245 [INFO] src.pipeline — Processing 830179 ...
2026-03-28 12:18:31,260 [INFO] src.pipeline — Processing 841212 ...
2026-03-28 12:18:31,276 [INFO] src.pipeline — Processing 841869 ...
2026-03-28 12:18:31,298 [INFO] src.pipeline — Processing 844915 ...
2026-03-28 12:18:31,315 [INFO] src.pipeline — Processing 849168 ...
2026-03-28 12:18:31,335 [INFO] src.pipeline — Processing 852786 ...
2026-03-28 12:18:31,355 [INFO] src.pipeline — Processing 855592 ...
2026-03-28 12:18:31,375 [INFO] src.pipeline — Processing 865998 ...
2026-03-28 12:18:31,393 [INFO] src.pipeline — Processing 866721 ...
2026-03-28 12:18:31,405 [INFO] src.pipeline — Processing 873255 ...
2026-03-28 12:18:31,428 [INFO] src.pipeline — Processing 878765 ...
2026-03-28 12:18:31,445 [INFO] src.pipeline — Processing 887465 ...
2026-03-28 12:18:31,460 [INFO] src.pipeline — Processing 891754 ...
2026-03-28 12:18:31,483 [INFO] src.pipeline — Processing 894725 ...
2026-03-28 12:18:31,498 [INFO] src.pipeline — Processing 898726 ...
2026-03-28 12:18:31,518 [INFO] src.pipeline — Processing 903442 ...
2026-03-28 12:18:31,540 [INFO] src.pipeline — Processing 903802 ...
2026-03-28 12:18:31,558 [WARNING] src.pipeline — [903802] PARTIAL: ['BEAT9_V2_J_POINT_LOW_CONFIDENCE']
2026-03-28 12:18:31,558 [INFO] src.pipeline — Processing 907736 ...
2026-03-28 12:18:31,574 [INFO] src.pipeline — Processing 913169 ...
2026-03-28 12:18:31,587 [INFO] src.pipeline — Processing 918062 ...
2026-03-28 12:18:31,610 [INFO] src.pipeline — Processing 920037 ...
2026-03-28 12:18:31,615 [INFO] src.pipeline — Processing 921230 ...
2026-03-28 12:18:31,640 [INFO] src.pipeline — Processing 930107 ...
2026-03-28 12:18:31,655 [INFO] src.pipeline — Processing 935156 ...
2026-03-28 12:18:31,675 [INFO] src.pipeline — Processing 938838 ...
2026-03-28 12:18:31,695 [INFO] src.pipeline — Processing 939546 ...
2026-03-28 12:18:31,715 [INFO] src.pipeline — Processing 945345 ...
2026-03-28 12:18:31,729 [INFO] src.pipeline — Processing 952177 ...
2026-03-28 12:18:31,748 [INFO] src.pipeline — Processing 952641 ...
2026-03-28 12:18:31,765 [INFO] src.pipeline — Processing 953976 ...
2026-03-28 12:18:31,783 [INFO] src.pipeline — Processing 958460 ...
2026-03-28 12:18:31,797 [INFO] src.pipeline — Processing 958703 ...
2026-03-28 12:18:31,817 [INFO] src.pipeline — Processing 959843 ...
2026-03-28 12:18:31,835 [INFO] src.pipeline — Processing 960432 ...
2026-03-28 12:18:31,854 [INFO] src.pipeline — Processing 962566 ...
2026-03-28 12:18:31,871 [INFO] src.pipeline — Processing 964469 ...
2026-03-28 12:18:31,889 [INFO] src.pipeline — Processing 965217 ...
2026-03-28 12:18:31,905 [INFO] src.pipeline — Processing 967547 ...
2026-03-28 12:18:31,921 [INFO] src.pipeline — Processing 968556 ...
2026-03-28 12:18:31,947 [INFO] src.pipeline — Processing 969321 ...
2026-03-28 12:18:31,985 [INFO] src.pipeline — Processing 970649 ...
2026-03-28 12:18:32,012 [INFO] src.pipeline — Processing 972048 ...
2026-03-28 12:18:32,025 [INFO] src.pipeline — Processing 972330 ...
2026-03-28 12:18:32,049 [INFO] src.pipeline — Processing 972781 ...
2026-03-28 12:18:32,065 [INFO] src.pipeline — Processing 980284 ...
2026-03-28 12:18:32,084 [INFO] src.pipeline — Processing 982732 ...
2026-03-28 12:18:32,100 [INFO] src.pipeline — Processing 985814 ...
2026-03-28 12:18:32,115 [INFO] src.pipeline — Processing 991528 ...
2026-03-28 12:18:32,130 [INFO] src.pipeline — Processing 994065 ...
2026-03-28 12:18:32,145 [INFO] src.pipeline — Processing 994217 ...
2026-03-28 12:18:32,155 [INFO] src.pipeline — Processing 994515 ...
2026-03-28 12:18:32,178 [INFO] src.pipeline — Processing 998036 ...
2026-03-28 12:18:32,197 [INFO] src.pipeline — Processing 999474 ...
2026-03-28 12:18:32,220 [INFO] src.pipeline — Processing 1009874 ...
2026-03-28 12:18:32,235 [INFO] src.pipeline — Processing 1013884 ...
2026-03-28 12:18:32,252 [INFO] src.pipeline — Processing 1023925 ...
2026-03-28 12:18:32,268 [INFO] src.pipeline — Processing 1036640 ...
2026-03-28 12:18:32,285 [INFO] src.pipeline — Processing 1041375 ...
2026-03-28 12:18:32,298 [INFO] src.pipeline — Processing 1053511 ...
2026-03-28 12:18:32,320 [INFO] src.pipeline — Processing 1054733 ...
2026-03-28 12:18:32,327 [INFO] src.pipeline — Processing 1058085 ...
2026-03-28 12:18:32,345 [INFO] src.pipeline — Processing 1058605 ...
2026-03-28 12:18:32,359 [INFO] src.pipeline — Processing 1061898 ...
2026-03-28 12:18:32,375 [INFO] src.pipeline — Processing 1063368 ...
2026-03-28 12:18:32,395 [INFO] src.pipeline — Processing 1073253 ...
2026-03-28 12:18:32,417 [INFO] src.pipeline — Processing 1074787 ...
2026-03-28 12:18:32,435 [INFO] src.pipeline — Processing 1080968 ...
2026-03-28 12:18:32,455 [INFO] src.pipeline — Processing 1081032 ...
2026-03-28 12:18:32,487 [INFO] src.pipeline — Processing 1081338 ...
2026-03-28 12:18:32,528 [INFO] src.pipeline — Processing 1084994 ...
2026-03-28 12:18:32,555 [INFO] src.pipeline — Processing 1085203 ...
2026-03-28 12:18:32,575 [INFO] src.pipeline — Processing 1087704 ...
2026-03-28 12:18:32,619 [INFO] src.pipeline — Processing 1088175 ...
2026-03-28 12:18:32,640 [INFO] src.pipeline — Processing 1088261 ...
2026-03-28 12:18:32,657 [INFO] src.pipeline — Processing 1088796 ...
2026-03-28 12:18:32,679 [INFO] src.pipeline — Processing 1092237 ...
2026-03-28 12:18:32,700 [WARNING] src.pipeline — [1092237] PARTIAL: ['BEAT0_V1_J_POINT_LOW_CONFIDENCE', 'BEAT1_V1_J_POINT_LOW_CONFIDENCE', 'BEAT2_V1_J_POINT_LOW_CONFIDENCE', 'BEAT3_V1_J_POINT_LOW_CONFIDENCE', 'BEAT4_V1_J_POINT_LOW_CONFIDENCE', 'BEAT5_V1_J_POINT_LOW_CONFIDENCE', 'BEAT6_V1_J_POINT_LOW_CONFIDENCE', 'BEAT7_V1_J_POINT_LOW_CONFIDENCE', 'BEAT8_V1_J_POINT_LOW_CONFIDENCE']
2026-03-28 12:18:32,700 [INFO] src.pipeline — Processing 1093224 ...
2026-03-28 12:18:32,738 [INFO] src.pipeline — Processing 1096625 ...
2026-03-28 12:18:32,755 [INFO] src.pipeline — Processing 1097714 ...
2026-03-28 12:18:32,772 [INFO] src.pipeline — Processing 1098314 ...
2026-03-28 12:18:32,788 [INFO] src.pipeline — Processing 1099262 ...
2026-03-28 12:18:32,812 [INFO] src.pipeline — Processing 1102607 ...
2026-03-28 12:18:32,828 [INFO] src.pipeline — Processing 1103983 ...
2026-03-28 12:18:32,845 [INFO] src.pipeline — Processing 1106149 ...
2026-03-28 12:18:32,864 [INFO] src.pipeline — Processing 1112604 ...
2026-03-28 12:18:32,884 [INFO] src.pipeline — Processing 1117553 ...
2026-03-28 12:18:32,900 [INFO] src.pipeline — Processing 1118251 ...
2026-03-28 12:18:32,921 [INFO] src.pipeline — Processing 1121137 ...
2026-03-28 12:18:32,937 [INFO] src.pipeline — Processing 1122903 ...
2026-03-28 12:18:32,952 [INFO] src.pipeline — Processing 1124825 ...
2026-03-28 12:18:32,965 [INFO] src.pipeline — Processing 1124826 ...
2026-03-28 12:18:32,986 [INFO] src.pipeline — Processing 1128835 ...
2026-03-28 12:18:33,007 [INFO] src.pipeline — Processing 1134284 ...
2026-03-28 12:18:33,025 [INFO] src.pipeline — Processing 1135434 ...
2026-03-28 12:18:33,045 [INFO] src.pipeline — Processing 1138153 ...
2026-03-28 12:18:33,065 [INFO] src.pipeline — Processing 1141322 ...
2026-03-28 12:18:33,098 [INFO] src.pipeline — Processing 1142915 ...
2026-03-28 12:18:33,125 [INFO] src.pipeline — Processing 1145203 ...
2026-03-28 12:18:33,140 [INFO] src.pipeline — Processing 1146063 ...
2026-03-28 12:18:33,161 [INFO] src.pipeline — Processing 1147684 ...
2026-03-28 12:18:33,185 [INFO] src.pipeline — Processing 1148718 ...
2026-03-28 12:18:33,214 [INFO] src.pipeline — Processing 1152054 ...
2026-03-28 12:18:33,232 [INFO] src.pipeline — Processing 1157038 ...
2026-03-28 12:18:33,245 [INFO] src.pipeline — Processing 1160261 ...
2026-03-28 12:18:33,271 [INFO] src.pipeline — Processing 1165447 ...
2026-03-28 12:18:33,287 [INFO] src.pipeline — Processing 1165448 ...
2026-03-28 12:18:33,305 [INFO] src.pipeline — Processing 1169405 ...
2026-03-28 12:18:33,332 [INFO] src.pipeline — Processing 1172602 ...
2026-03-28 12:18:33,350 [INFO] src.pipeline — Processing 1176675 ...
2026-03-28 12:18:33,368 [INFO] src.pipeline — Processing 1177018 ...
2026-03-28 12:18:33,385 [INFO] src.pipeline — Processing 1180702 ...
2026-03-28 12:18:33,408 [INFO] src.pipeline — Processing 1183349 ...
2026-03-28 12:18:33,455 [INFO] src.pipeline — Processing 1184742 ...
2026-03-28 12:18:33,468 [INFO] src.pipeline — Processing 1187599 ...
2026-03-28 12:18:33,488 [INFO] src.pipeline — Processing 1188747 ...
2026-03-28 12:18:33,500 [INFO] src.pipeline — Processing 1190805 ...
2026-03-28 12:18:33,518 [INFO] src.pipeline — Processing 1191551 ...
2026-03-28 12:18:33,529 [INFO] src.pipeline — Processing 1191595 ...
2026-03-28 12:18:33,546 [INFO] src.pipeline — Processing 1192135 ...
2026-03-28 12:18:33,565 [INFO] src.pipeline — Processing 1192146 ...
2026-03-28 12:18:33,575 [INFO] src.pipeline — Processing 1192654 ...
2026-03-28 12:18:33,595 [INFO] src.pipeline — Processing 1197538 ...
2026-03-28 12:18:33,609 [INFO] src.pipeline — Processing 1199480 ...
2026-03-28 12:18:33,627 [INFO] src.pipeline — Processing 1199517 ...
2026-03-28 12:18:33,645 [INFO] src.pipeline — Processing 1199593 ...
2026-03-28 12:18:33,659 [INFO] src.pipeline — Processing 1202306 ...
2026-03-28 12:18:33,680 [INFO] src.pipeline — Processing 1207769 ...
2026-03-28 12:18:33,699 [INFO] src.pipeline — Processing 1207947 ...
2026-03-28 12:18:33,715 [INFO] src.pipeline — Processing 1214441 ...
2026-03-28 12:18:33,727 [INFO] src.pipeline — Processing 1220716 ...
2026-03-28 12:18:33,750 [INFO] src.pipeline — Processing 1221590 ...
2026-03-28 12:18:33,768 [INFO] src.pipeline — Processing 1223519 ...
2026-03-28 12:18:33,786 [INFO] src.pipeline — Processing 1224102 ...
2026-03-28 12:18:33,810 [INFO] src.pipeline — Processing 1228746 ...
2026-03-28 12:18:33,825 [INFO] src.pipeline — Processing 1230482 ...
2026-03-28 12:18:33,831 [ERROR] src.pipeline — [1230482] FAILED: TOO_FEW_VALID_BEATS:0
2026-03-28 12:18:33,831 [INFO] src.pipeline — Processing 1231339 ...
2026-03-28 12:18:33,845 [INFO] src.pipeline — Processing 1235674 ...
2026-03-28 12:18:33,865 [INFO] src.pipeline — Processing 1236012 ...
2026-03-28 12:18:33,877 [INFO] src.pipeline — Processing 1237748 ...
2026-03-28 12:18:33,897 [INFO] src.pipeline — Processing 1238446 ...
2026-03-28 12:18:33,915 [INFO] src.pipeline — Processing 1238671 ...
2026-03-28 12:18:33,935 [INFO] src.pipeline — Processing 1242678 ...
2026-03-28 12:18:33,946 [INFO] src.pipeline — Processing 1244867 ...
2026-03-28 12:18:33,967 [INFO] src.pipeline — Processing 1248576 ...
2026-03-28 12:18:33,985 [INFO] src.pipeline — Processing 1248611 ...
2026-03-28 12:18:34,000 [INFO] src.pipeline — Processing 1252288 ...
2026-03-28 12:18:34,019 [INFO] src.pipeline — Processing 1254062 ...
2026-03-28 12:18:34,035 [INFO] src.pipeline — Processing 1254171 ...
2026-03-28 12:18:34,050 [INFO] src.pipeline — Processing 1254267 ...
2026-03-28 12:18:34,068 [INFO] src.pipeline — Processing 1259391 ...
2026-03-28 12:18:34,088 [INFO] src.pipeline — Processing 1263008 ...
2026-03-28 12:18:34,102 [INFO] src.pipeline — Processing 1270798 ...
2026-03-28 12:18:34,115 [INFO] src.pipeline — Processing 1272319 ...
2026-03-28 12:18:34,125 [INFO] src.pipeline — Processing 1272821 ...
2026-03-28 12:18:34,150 [INFO] src.pipeline — Processing 1274776 ...
2026-03-28 12:18:34,165 [INFO] src.pipeline — Processing 1275329 ...
2026-03-28 12:18:34,181 [INFO] src.pipeline — Processing 1277374 ...
2026-03-28 12:18:34,199 [INFO] src.pipeline — Processing 1278746 ...
2026-03-28 12:18:34,218 [INFO] src.pipeline — Processing 1280588 ...
2026-03-28 12:18:34,236 [INFO] src.pipeline — Processing 1281380 ...
2026-03-28 12:18:34,249 [INFO] src.pipeline — Processing 1284182 ...
2026-03-28 12:18:34,265 [INFO] src.pipeline — Processing 1285404 ...
2026-03-28 12:18:34,288 [INFO] src.pipeline — Processing 1286512 ...
2026-03-28 12:18:34,305 [INFO] src.pipeline — Processing 1290629 ...
2026-03-28 12:18:34,327 [INFO] src.pipeline — Processing 1290807 ...
2026-03-28 12:18:34,338 [INFO] src.pipeline — Processing 1294540 ...
2026-03-28 12:18:34,358 [INFO] src.pipeline — Processing 1297151 ...
2026-03-28 12:18:34,378 [INFO] src.pipeline — Processing 1297765 ...
2026-03-28 12:18:34,393 [INFO] src.pipeline — Processing 1297767 ...
2026-03-28 12:18:34,405 [INFO] src.pipeline — Processing 1298469 ...
2026-03-28 12:18:34,429 [INFO] src.pipeline — Processing 1303729 ...
2026-03-28 12:18:34,445 [INFO] src.pipeline — Processing 1305051 ...
2026-03-28 12:18:34,460 [INFO] src.pipeline — Processing 1307673 ...
2026-03-28 12:18:34,475 [INFO] src.pipeline — Processing 1307716 ...
2026-03-28 12:18:34,487 [INFO] src.pipeline — Processing 1309300 ...
2026-03-28 12:18:34,508 [INFO] src.pipeline — Processing 1310052 ...
2026-03-28 12:18:34,527 [INFO] src.pipeline — Processing 1312303 ...
2026-03-28 12:18:34,545 [INFO] src.pipeline — Processing 1313974 ...
2026-03-28 12:18:34,562 [INFO] src.pipeline — Processing 1316784 ...
2026-03-28 12:18:34,578 [INFO] src.pipeline — Processing 1318568 ...
2026-03-28 12:18:34,598 [INFO] src.pipeline — Processing 1326991 ...
2026-03-28 12:18:34,615 [INFO] src.pipeline — Processing 1327775 ...
2026-03-28 12:18:34,631 [INFO] src.pipeline — Processing 1327784 ...
2026-03-28 12:18:34,650 [INFO] src.pipeline — Processing 1332388 ...
2026-03-28 12:18:34,660 [INFO] src.pipeline — Processing 1336243 ...
2026-03-28 12:18:34,680 [INFO] src.pipeline — Processing 1337461 ...
2026-03-28 12:18:34,699 [INFO] src.pipeline — Processing 1338772 ...
2026-03-28 12:18:34,715 [INFO] src.pipeline — Processing 1338780 ...
2026-03-28 12:18:34,741 [INFO] src.pipeline — Processing 1342979 ...
2026-03-28 12:18:34,760 [INFO] src.pipeline — Processing 1344639 ...
2026-03-28 12:18:34,775 [INFO] src.pipeline — Processing 1346727 ...
2026-03-28 12:18:34,789 [INFO] src.pipeline — Processing 1350930 ...
2026-03-28 12:18:34,810 [INFO] src.pipeline — Processing 1357325 ...
2026-03-28 12:18:34,825 [INFO] src.pipeline — Processing 1358245 ...
2026-03-28 12:18:34,847 [INFO] src.pipeline — Processing 1360656 ...
2026-03-28 12:18:34,857 [INFO] src.pipeline — Processing 1366050 ...
2026-03-28 12:18:34,875 [INFO] src.pipeline — Processing 1366637 ...
2026-03-28 12:18:34,895 [INFO] src.pipeline — Processing 1370418 ...
2026-03-28 12:18:34,905 [INFO] src.pipeline — Processing 1370819 ...
2026-03-28 12:18:34,928 [INFO] src.pipeline — Processing 1371132 ...
2026-03-28 12:18:34,949 [INFO] src.pipeline — Processing 1371554 ...
2026-03-28 12:18:34,968 [INFO] src.pipeline — Processing 1372180 ...
2026-03-28 12:18:34,985 [INFO] src.pipeline — Processing 1372181 ...
2026-03-28 12:18:35,003 [INFO] src.pipeline — Processing 1381534 ...
2026-03-28 12:18:35,020 [INFO] src.pipeline — Processing 1382112 ...
2026-03-28 12:18:35,035 [INFO] src.pipeline — Processing 1383335 ...
2026-03-28 12:18:35,045 [INFO] src.pipeline — Processing 1385747 ...
2026-03-28 12:18:35,071 [INFO] src.pipeline — Processing 1386698 ...
2026-03-28 12:18:35,089 [INFO] src.pipeline — Processing 1390489 ...
2026-03-28 12:18:35,105 [INFO] src.pipeline — Processing 1403173 ...
2026-03-28 12:18:35,115 [INFO] src.pipeline — Processing 1404688 ...
2026-03-28 12:18:35,135 [INFO] src.pipeline — Processing 1407660 ...
2026-03-28 12:18:35,155 [INFO] src.pipeline — Processing 1408290 ...
2026-03-28 12:18:35,168 [INFO] src.pipeline — Processing 1414022 ...
2026-03-28 12:18:35,190 [INFO] src.pipeline — Processing 1414967 ...
2026-03-28 12:18:35,207 [INFO] src.pipeline — Processing 1416483 ...
2026-03-28 12:18:35,219 [INFO] src.pipeline — Processing 1417008 ...
2026-03-28 12:18:35,236 [INFO] src.pipeline — Processing 1418000 ...
2026-03-28 12:18:35,255 [INFO] src.pipeline — Processing 1419825 ...
2026-03-28 12:18:35,272 [INFO] src.pipeline — Processing 1421261 ...
2026-03-28 12:18:35,290 [INFO] src.pipeline — Processing 1421316 ...
2026-03-28 12:18:35,308 [INFO] src.pipeline — Processing 1422523 ...
2026-03-28 12:18:35,326 [INFO] src.pipeline — Processing 1422770 ...
2026-03-28 12:18:35,344 [INFO] src.pipeline — Processing 1423789 ...
2026-03-28 12:18:35,357 [INFO] src.pipeline — Processing 1424148 ...
2026-03-28 12:18:35,377 [INFO] src.pipeline — Processing 1425960 ...
2026-03-28 12:18:35,395 [INFO] src.pipeline — Processing 1426919 ...
2026-03-28 12:18:35,414 [INFO] src.pipeline — Processing 2187085 ...
2026-03-28 12:18:35,435 [INFO] src.pipeline — Processing 2635972 ...
2026-03-28 12:18:35,453 [INFO] src.pipeline — Processing 3003692 ...
2026-03-28 12:18:35,470 [INFO] src.pipeline — Processing 3004284 ...
2026-03-28 12:18:35,488 [INFO] src.pipeline — Processing 3006598 ...
2026-03-28 12:18:35,505 [INFO] src.pipeline — Processing 3007664 ...
2026-03-28 12:18:35,520 [INFO] src.pipeline — Processing 3009538 ...
2026-03-28 12:18:35,540 [INFO] src.pipeline — Processing 3009950 ...
2026-03-28 12:18:35,558 [INFO] src.pipeline — Processing 3015438 ...
2026-03-28 12:18:35,575 [INFO] src.pipeline — Processing 3015440 ...
2026-03-28 12:18:35,591 [INFO] src.pipeline — Processing 3015449 ...
2026-03-28 12:18:35,609 [INFO] src.pipeline — Processing 3016396 ...
2026-03-28 12:18:35,628 [INFO] src.pipeline — Processing 3016401 ...
2026-03-28 12:18:35,643 [INFO] src.pipeline — Processing 3028930 ...
2026-03-28 12:18:35,659 [INFO] src.pipeline — Processing 3030937 ...
2026-03-28 12:18:35,669 [INFO] src.pipeline — Processing 3035210 ...
2026-03-28 12:18:35,685 [INFO] src.pipeline — Processing 3037390 ...
2026-03-28 12:18:35,708 [INFO] src.pipeline — Processing 3037617 ...
2026-03-28 12:18:35,725 [INFO] src.pipeline — Processing 3043155 ...
2026-03-28 12:18:35,745 [INFO] src.pipeline — Processing 3044775 ...
2026-03-28 12:18:35,766 [INFO] src.pipeline — Processing 3045053 ...
2026-03-28 12:18:35,782 [INFO] src.pipeline — Processing 3045059 ...
2026-03-28 12:18:35,797 [INFO] src.pipeline — Processing 3045751 ...
2026-03-28 12:18:35,815 [INFO] src.pipeline — Processing 3058024 ...
2026-03-28 12:18:35,828 [INFO] src.pipeline — Processing 3058134 ...
2026-03-28 12:18:35,845 [INFO] src.pipeline — Processing 3062045 ...
2026-03-28 12:18:35,865 [INFO] src.pipeline — Processing 3064724 ...
2026-03-28 12:18:35,878 [INFO] src.pipeline — Processing 3065295 ...
2026-03-28 12:18:35,898 [INFO] src.pipeline — Processing 3067191 ...
2026-03-28 12:18:35,916 [INFO] src.pipeline — Processing 3067196 ...
2026-03-28 12:18:35,935 [INFO] src.pipeline — Processing 3071151 ...
2026-03-28 12:18:35,949 [INFO] src.pipeline — Processing 3072833 ...
2026-03-28 12:18:35,965 [INFO] src.pipeline — Processing 3072836 ...
2026-03-28 12:18:35,985 [INFO] src.pipeline — Processing 3073346 ...
2026-03-28 12:18:35,998 [INFO] src.pipeline — Processing 3074751 ...
2026-03-28 12:18:36,019 [INFO] src.pipeline — Processing 3075260 ...
2026-03-28 12:18:36,037 [INFO] src.pipeline — Processing 3080118 ...
2026-03-28 12:18:36,055 [INFO] src.pipeline — Processing 3080186 ...
2026-03-28 12:18:36,070 [INFO] src.pipeline — Processing 3092472 ...
2026-03-28 12:18:36,085 [INFO] src.pipeline — Processing 3093924 ...
2026-03-28 12:18:36,102 [INFO] src.pipeline — Processing 3094047 ...
2026-03-28 12:18:36,120 [INFO] src.pipeline — Processing 3094049 ...
2026-03-28 12:18:36,135 [WARNING] src.pipeline — [3094049] PARTIAL: ['BEAT2_V1_J_POINT_LOW_CONFIDENCE', 'BEAT4_V1_J_POINT_LOW_CONFIDENCE', 'BEAT5_V1_J_POINT_LOW_CONFIDENCE', 'BEAT6_V1_J_POINT_LOW_CONFIDENCE', 'BEAT7_V1_J_POINT_LOW_CONFIDENCE']
2026-03-28 12:18:36,137 [INFO] src.pipeline — Processing 3095195 ...
2026-03-28 12:18:36,149 [INFO] src.pipeline — Processing 3095200 ...
2026-03-28 12:18:36,165 [INFO] src.pipeline — Processing 3096254 ...
2026-03-28 12:18:36,185 [INFO] src.pipeline — Processing 3099875 ...
2026-03-28 12:18:36,198 [INFO] src.pipeline — Processing 3101011 ...
2026-03-28 12:18:36,216 [INFO] src.pipeline — Processing 3110550 ...
2026-03-28 12:18:36,225 [INFO] src.pipeline — Processing 3113249 ...
2026-03-28 12:18:36,247 [INFO] src.pipeline — Processing 3114582 ...
2026-03-28 12:18:36,267 [INFO] src.pipeline — Processing 3118448 ...
2026-03-28 12:18:36,285 [INFO] src.pipeline — Processing 3128412 ...
2026-03-28 12:18:36,300 [INFO] src.pipeline — Processing 3128947 ...
2026-03-28 12:18:36,318 [INFO] src.pipeline — Processing 3128957 ...
2026-03-28 12:18:36,335 [INFO] src.pipeline — Processing 3133602 ...
2026-03-28 12:18:36,352 [INFO] src.pipeline — Processing 3136075 ...
2026-03-28 12:18:36,366 [INFO] src.pipeline — Processing 3138453 ...
2026-03-28 12:18:36,385 [INFO] src.pipeline — Processing 3139196 ...
2026-03-28 12:18:36,595 [INFO] src.pipeline — Pipeline complete. OK: 356 | PARTIAL: 5 | FAILED: 2
2026-03-28 12:18:36,647 [INFO] src.feature_store — Dropped 30 features with >50.0% missing
2026-03-28 12:18:36,675 [INFO] src.feature_store — Fold 0: train=(290, 652) | val=(73, 652)
2026-03-28 12:18:36,699 [INFO] src.feature_store — Fold 1: train=(290, 652) | val=(73, 652)
2026-03-28 12:18:36,735 [INFO] src.feature_store — Fold 2: train=(290, 652) | val=(73, 652)
2026-03-28 12:18:36,765 [INFO] src.feature_store — Fold 3: train=(291, 652) | val=(72, 652)
2026-03-28 12:18:36,799 [INFO] src.feature_store — Fold 4: train=(291, 652) | val=(72, 652)
2026-03-28 12:18:36,799 [INFO] src.feature_store — Scaled matrices exported to: outputs/features/scaled/
2026-03-28 12:28:44,865 [INFO] src.pipeline — Processing 188981 ...
2026-03-28 12:28:45,855 [INFO] src.pipeline — Processing 251972 ...
2026-03-28 12:28:45,867 [INFO] src.pipeline — Processing 265715 ...
2026-03-28 12:28:45,887 [INFO] src.pipeline — Processing 267628 ...
2026-03-28 12:28:45,910 [INFO] src.pipeline — Processing 267630 ...
2026-03-28 12:28:45,915 [ERROR] src.pipeline — [267630] FAILED: TOO_FEW_RPEAKS: 0
2026-03-28 12:28:45,917 [INFO] src.pipeline — Processing 286830 ...
2026-03-28 12:28:45,938 [INFO] src.pipeline — Processing 287355 ...
2026-03-28 12:28:45,955 [INFO] src.pipeline — Processing 292220 ...
2026-03-28 12:28:45,973 [INFO] src.pipeline — Processing 292666 ...
2026-03-28 12:28:45,991 [INFO] src.pipeline — Processing 304141 ...
2026-03-28 12:28:46,007 [INFO] src.pipeline — Processing 314397 ...
2026-03-28 12:28:46,025 [INFO] src.pipeline — Processing 316872 ...
2026-03-28 12:28:46,042 [INFO] src.pipeline — Processing 317547 ...
2026-03-28 12:28:46,059 [INFO] src.pipeline — Processing 319150 ...
2026-03-28 12:28:46,075 [INFO] src.pipeline — Processing 319221 ...
2026-03-28 12:28:46,093 [INFO] src.pipeline — Processing 325231 ...
2026-03-28 12:28:46,110 [INFO] src.pipeline — Processing 325966 ...
2026-03-28 12:28:46,131 [INFO] src.pipeline — Processing 329034 ...
2026-03-28 12:28:46,145 [INFO] src.pipeline — Processing 329533 ...
2026-03-28 12:28:46,165 [INFO] src.pipeline — Processing 395553 ...
2026-03-28 12:28:46,175 [INFO] src.pipeline — Processing 405298 ...
2026-03-28 12:28:46,199 [INFO] src.pipeline — Processing 406008 ...
2026-03-28 12:28:46,219 [INFO] src.pipeline — Processing 413267 ...
2026-03-28 12:28:46,240 [INFO] src.pipeline — Processing 419510 ...
2026-03-28 12:28:46,252 [INFO] src.pipeline — Processing 419960 ...
2026-03-28 12:28:46,270 [INFO] src.pipeline — Processing 428031 ...
2026-03-28 12:28:46,286 [INFO] src.pipeline — Processing 434996 ...
2026-03-28 12:28:46,305 [INFO] src.pipeline — Processing 438721 ...
2026-03-28 12:28:46,317 [INFO] src.pipeline — Processing 445953 ...
2026-03-28 12:28:46,337 [INFO] src.pipeline — Processing 450733 ...
2026-03-28 12:28:46,359 [INFO] src.pipeline — Processing 460919 ...
2026-03-28 12:28:46,375 [INFO] src.pipeline — Processing 461866 ...
2026-03-28 12:28:46,386 [INFO] src.pipeline — Processing 466796 ...
2026-03-28 12:28:46,405 [INFO] src.pipeline — Processing 471727 ...
2026-03-28 12:28:46,425 [INFO] src.pipeline — Processing 478457 ...
2026-03-28 12:28:46,449 [INFO] src.pipeline — Processing 482516 ...
2026-03-28 12:28:46,465 [INFO] src.pipeline — Processing 482868 ...
2026-03-28 12:28:46,484 [INFO] src.pipeline — Processing 487609 ...
2026-03-28 12:28:46,505 [INFO] src.pipeline — Processing 489539 ...
2026-03-28 12:28:46,519 [INFO] src.pipeline — Processing 505351 ...
2026-03-28 12:28:46,535 [INFO] src.pipeline — Processing 506408 ...
2026-03-28 12:28:46,558 [INFO] src.pipeline — Processing 509648 ...
2026-03-28 12:28:46,582 [INFO] src.pipeline — Processing 516092 ...
2026-03-28 12:28:46,596 [INFO] src.pipeline — Processing 519139 ...
2026-03-28 12:28:46,619 [INFO] src.pipeline — Processing 519687 ...
2026-03-28 12:28:46,635 [INFO] src.pipeline — Processing 532816 ...
2026-03-28 12:28:46,657 [INFO] src.pipeline — Processing 538053 ...
2026-03-28 12:28:46,672 [INFO] src.pipeline — Processing 540736 ...
2026-03-28 12:28:46,690 [INFO] src.pipeline — Processing 548140 ...
2026-03-28 12:28:46,710 [INFO] src.pipeline — Processing 548865 ...
2026-03-28 12:28:46,725 [INFO] src.pipeline — Processing 558967 ...
2026-03-28 12:28:46,748 [INFO] src.pipeline — Processing 571723 ...
2026-03-28 12:28:46,765 [INFO] src.pipeline — Processing 577838 ...
2026-03-28 12:28:46,786 [WARNING] src.pipeline — [577838] PARTIAL: ['BEAT0_V1_J_POINT_LOW_CONFIDENCE', 'BEAT1_V1_J_POINT_LOW_CONFIDENCE', 'BEAT4_V1_J_POINT_LOW_CONFIDENCE', 'BEAT12_V1_J_POINT_LOW_CONFIDENCE', 'BEAT16_V1_J_POINT_LOW_CONFIDENCE']
2026-03-28 12:28:46,786 [INFO] src.pipeline — Processing 580720 ...
2026-03-28 12:28:46,805 [INFO] src.pipeline — Processing 581912 ...
2026-03-28 12:28:46,828 [WARNING] src.pipeline — [581912] PARTIAL: ['BEAT1_V2_J_POINT_LOW_CONFIDENCE']
2026-03-28 12:28:46,828 [INFO] src.pipeline — Processing 592768 ...
2026-03-28 12:28:46,849 [INFO] src.pipeline — Processing 596382 ...
2026-03-28 12:28:46,865 [INFO] src.pipeline — Processing 597251 ...
2026-03-28 12:28:46,887 [INFO] src.pipeline — Processing 613119 ...
2026-03-28 12:28:46,905 [INFO] src.pipeline — Processing 614578 ...
2026-03-28 12:28:46,925 [INFO] src.pipeline — Processing 614707 ...
2026-03-28 12:28:46,943 [INFO] src.pipeline — Processing 622530 ...
2026-03-28 12:28:46,965 [INFO] src.pipeline — Processing 624511 ...
2026-03-28 12:28:46,988 [INFO] src.pipeline — Processing 625190 ...
2026-03-28 12:28:47,005 [INFO] src.pipeline — Processing 641455 ...
2026-03-28 12:28:47,027 [INFO] src.pipeline — Processing 643139 ...
2026-03-28 12:28:47,045 [INFO] src.pipeline — Processing 801261 ...
2026-03-28 12:28:47,077 [INFO] src.pipeline — Processing 806949 ...
2026-03-28 12:28:47,099 [INFO] src.pipeline — Processing 807363 ...
2026-03-28 12:28:47,115 [INFO] src.pipeline — Processing 812209 ...
2026-03-28 12:28:47,135 [INFO] src.pipeline — Processing 812404 ...
2026-03-28 12:28:47,153 [INFO] src.pipeline — Processing 814286 ...
2026-03-28 12:28:47,165 [INFO] src.pipeline — Processing 816929 ...
2026-03-28 12:28:47,186 [INFO] src.pipeline — Processing 819710 ...
2026-03-28 12:28:47,208 [INFO] src.pipeline — Processing 821478 ...
2026-03-28 12:28:47,225 [INFO] src.pipeline — Processing 822108 ...
2026-03-28 12:28:47,245 [INFO] src.pipeline — Processing 822756 ...
2026-03-28 12:28:47,265 [INFO] src.pipeline — Processing 829768 ...
2026-03-28 12:28:47,275 [INFO] src.pipeline — Processing 830179 ...
2026-03-28 12:28:47,305 [INFO] src.pipeline — Processing 841212 ...
2026-03-28 12:28:47,327 [INFO] src.pipeline — Processing 841869 ...
2026-03-28 12:28:47,337 [INFO] src.pipeline — Processing 844915 ...
2026-03-28 12:28:47,363 [INFO] src.pipeline — Processing 849168 ...
2026-03-28 12:28:47,379 [INFO] src.pipeline — Processing 852786 ...
2026-03-28 12:28:47,396 [INFO] src.pipeline — Processing 855592 ...
2026-03-28 12:28:47,415 [INFO] src.pipeline — Processing 865998 ...
2026-03-28 12:28:47,437 [INFO] src.pipeline — Processing 866721 ...
2026-03-28 12:28:47,455 [INFO] src.pipeline — Processing 873255 ...
2026-03-28 12:28:47,475 [INFO] src.pipeline — Processing 878765 ...
2026-03-28 12:28:47,485 [INFO] src.pipeline — Processing 887465 ...
2026-03-28 12:28:47,505 [INFO] src.pipeline — Processing 891754 ...
2026-03-28 12:28:47,525 [INFO] src.pipeline — Processing 894725 ...
2026-03-28 12:28:47,545 [INFO] src.pipeline — Processing 898726 ...
2026-03-28 12:28:47,565 [INFO] src.pipeline — Processing 903442 ...
2026-03-28 12:28:47,585 [INFO] src.pipeline — Processing 903802 ...
2026-03-28 12:28:47,601 [WARNING] src.pipeline — [903802] PARTIAL: ['BEAT9_V2_J_POINT_LOW_CONFIDENCE']
2026-03-28 12:28:47,601 [INFO] src.pipeline — Processing 907736 ...
2026-03-28 12:28:47,619 [INFO] src.pipeline — Processing 913169 ...
2026-03-28 12:28:47,635 [INFO] src.pipeline — Processing 918062 ...
2026-03-28 12:28:47,655 [INFO] src.pipeline — Processing 920037 ...
2026-03-28 12:28:47,665 [INFO] src.pipeline — Processing 921230 ...
2026-03-28 12:28:47,685 [INFO] src.pipeline — Processing 930107 ...
2026-03-28 12:28:47,705 [INFO] src.pipeline — Processing 935156 ...
2026-03-28 12:28:47,721 [INFO] src.pipeline — Processing 938838 ...
2026-03-28 12:28:47,741 [INFO] src.pipeline — Processing 939546 ...
2026-03-28 12:28:47,757 [INFO] src.pipeline — Processing 945345 ...
2026-03-28 12:28:47,778 [INFO] src.pipeline — Processing 952177 ...
2026-03-28 12:28:47,797 [INFO] src.pipeline — Processing 952641 ...
2026-03-28 12:28:47,815 [INFO] src.pipeline — Processing 953976 ...
2026-03-28 12:28:47,829 [INFO] src.pipeline — Processing 958460 ...
2026-03-28 12:28:47,847 [INFO] src.pipeline — Processing 958703 ...
2026-03-28 12:28:47,868 [INFO] src.pipeline — Processing 959843 ...
2026-03-28 12:28:47,885 [INFO] src.pipeline — Processing 960432 ...
2026-03-28 12:28:47,903 [INFO] src.pipeline — Processing 962566 ...
2026-03-28 12:28:47,919 [INFO] src.pipeline — Processing 964469 ...
2026-03-28 12:28:47,935 [INFO] src.pipeline — Processing 965217 ...
2026-03-28 12:28:47,951 [INFO] src.pipeline — Processing 967547 ...
2026-03-28 12:28:47,970 [INFO] src.pipeline — Processing 968556 ...
2026-03-28 12:28:47,988 [INFO] src.pipeline — Processing 969321 ...
2026-03-28 12:28:48,007 [INFO] src.pipeline — Processing 970649 ...
2026-03-28 12:28:48,027 [INFO] src.pipeline — Processing 972048 ...
2026-03-28 12:28:48,047 [INFO] src.pipeline — Processing 972330 ...
2026-03-28 12:28:48,065 [INFO] src.pipeline — Processing 972781 ...
2026-03-28 12:28:48,080 [INFO] src.pipeline — Processing 980284 ...
2026-03-28 12:28:48,097 [INFO] src.pipeline — Processing 982732 ...
2026-03-28 12:28:48,118 [INFO] src.pipeline — Processing 985814 ...
2026-03-28 12:28:48,135 [INFO] src.pipeline — Processing 991528 ...
2026-03-28 12:28:48,155 [INFO] src.pipeline — Processing 994065 ...
2026-03-28 12:28:48,165 [INFO] src.pipeline — Processing 994217 ...
2026-03-28 12:28:48,192 [INFO] src.pipeline — Processing 994515 ...
2026-03-28 12:28:48,209 [INFO] src.pipeline — Processing 998036 ...
2026-03-28 12:28:48,224 [INFO] src.pipeline — Processing 999474 ...
2026-03-28 12:28:48,239 [INFO] src.pipeline — Processing 1009874 ...
2026-03-28 12:28:48,249 [INFO] src.pipeline — Processing 1013884 ...
2026-03-28 12:28:48,272 [INFO] src.pipeline — Processing 1023925 ...
2026-03-28 12:28:48,288 [INFO] src.pipeline — Processing 1036640 ...
2026-03-28 12:28:48,302 [INFO] src.pipeline — Processing 1041375 ...
2026-03-28 12:28:48,321 [INFO] src.pipeline — Processing 1053511 ...
2026-03-28 12:28:48,338 [INFO] src.pipeline — Processing 1054733 ...
2026-03-28 12:28:48,352 [INFO] src.pipeline — Processing 1058085 ...
2026-03-28 12:28:48,367 [INFO] src.pipeline — Processing 1058605 ...
2026-03-28 12:28:48,387 [INFO] src.pipeline — Processing 1061898 ...
2026-03-28 12:28:48,405 [INFO] src.pipeline — Processing 1063368 ...
2026-03-28 12:28:48,427 [INFO] src.pipeline — Processing 1073253 ...
2026-03-28 12:28:48,445 [INFO] src.pipeline — Processing 1074787 ...
2026-03-28 12:28:48,464 [INFO] src.pipeline — Processing 1080968 ...
2026-03-28 12:28:48,479 [INFO] src.pipeline — Processing 1081032 ...
2026-03-28 12:28:48,498 [INFO] src.pipeline — Processing 1081338 ...
2026-03-28 12:28:48,519 [INFO] src.pipeline — Processing 1084994 ...
2026-03-28 12:28:48,535 [INFO] src.pipeline — Processing 1085203 ...
2026-03-28 12:28:48,551 [INFO] src.pipeline — Processing 1087704 ...
2026-03-28 12:28:48,565 [INFO] src.pipeline — Processing 1088175 ...
2026-03-28 12:28:48,585 [INFO] src.pipeline — Processing 1088261 ...
2026-03-28 12:28:48,608 [INFO] src.pipeline — Processing 1088796 ...
2026-03-28 12:28:48,627 [INFO] src.pipeline — Processing 1092237 ...
2026-03-28 12:28:48,642 [WARNING] src.pipeline — [1092237] PARTIAL: ['BEAT0_V1_J_POINT_LOW_CONFIDENCE', 'BEAT1_V1_J_POINT_LOW_CONFIDENCE', 'BEAT2_V1_J_POINT_LOW_CONFIDENCE', 'BEAT3_V1_J_POINT_LOW_CONFIDENCE', 'BEAT4_V1_J_POINT_LOW_CONFIDENCE', 'BEAT5_V1_J_POINT_LOW_CONFIDENCE', 'BEAT6_V1_J_POINT_LOW_CONFIDENCE', 'BEAT7_V1_J_POINT_LOW_CONFIDENCE', 'BEAT8_V1_J_POINT_LOW_CONFIDENCE']
2026-03-28 12:28:48,642 [INFO] src.pipeline — Processing 1093224 ...
2026-03-28 12:28:48,657 [INFO] src.pipeline — Processing 1096625 ...
2026-03-28 12:28:48,677 [INFO] src.pipeline — Processing 1097714 ...
2026-03-28 12:28:48,691 [INFO] src.pipeline — Processing 1098314 ...
2026-03-28 12:28:48,710 [INFO] src.pipeline — Processing 1099262 ...
2026-03-28 12:28:48,728 [INFO] src.pipeline — Processing 1102607 ...
2026-03-28 12:28:48,752 [INFO] src.pipeline — Processing 1103983 ...
2026-03-28 12:28:48,766 [INFO] src.pipeline — Processing 1106149 ...
2026-03-28 12:28:48,783 [INFO] src.pipeline — Processing 1112604 ...
2026-03-28 12:28:48,803 [INFO] src.pipeline — Processing 1117553 ...
2026-03-28 12:28:48,815 [INFO] src.pipeline — Processing 1118251 ...
2026-03-28 12:28:48,841 [INFO] src.pipeline — Processing 1121137 ...
2026-03-28 12:28:48,859 [INFO] src.pipeline — Processing 1122903 ...
2026-03-28 12:28:48,875 [INFO] src.pipeline — Processing 1124825 ...
2026-03-28 12:28:48,893 [INFO] src.pipeline — Processing 1124826 ...
2026-03-28 12:28:48,909 [INFO] src.pipeline — Processing 1128835 ...
2026-03-28 12:28:48,925 [INFO] src.pipeline — Processing 1134284 ...
2026-03-28 12:28:48,945 [INFO] src.pipeline — Processing 1135434 ...
2026-03-28 12:28:48,967 [INFO] src.pipeline — Processing 1138153 ...
2026-03-28 12:28:48,985 [INFO] src.pipeline — Processing 1141322 ...
2026-03-28 12:28:48,995 [INFO] src.pipeline — Processing 1142915 ...
2026-03-28 12:28:49,020 [INFO] src.pipeline — Processing 1145203 ...
2026-03-28 12:28:49,036 [INFO] src.pipeline — Processing 1146063 ...
2026-03-28 12:28:49,055 [INFO] src.pipeline — Processing 1147684 ...
2026-03-28 12:28:49,075 [INFO] src.pipeline — Processing 1148718 ...
2026-03-28 12:28:49,093 [INFO] src.pipeline — Processing 1152054 ...
2026-03-28 12:28:49,105 [INFO] src.pipeline — Processing 1157038 ...
2026-03-28 12:28:49,128 [INFO] src.pipeline — Processing 1160261 ...
2026-03-28 12:28:49,145 [INFO] src.pipeline — Processing 1165447 ...
2026-03-28 12:28:49,155 [INFO] src.pipeline — Processing 1165448 ...
2026-03-28 12:28:49,181 [INFO] src.pipeline — Processing 1169405 ...
2026-03-28 12:28:49,195 [INFO] src.pipeline — Processing 1172602 ...
2026-03-28 12:28:49,216 [INFO] src.pipeline — Processing 1176675 ...
2026-03-28 12:28:49,232 [INFO] src.pipeline — Processing 1177018 ...
2026-03-28 12:28:49,245 [INFO] src.pipeline — Processing 1180702 ...
2026-03-28 12:28:49,265 [INFO] src.pipeline — Processing 1183349 ...
2026-03-28 12:28:49,285 [INFO] src.pipeline — Processing 1184742 ...
2026-03-28 12:28:49,309 [INFO] src.pipeline — Processing 1187599 ...
2026-03-28 12:28:49,327 [INFO] src.pipeline — Processing 1188747 ...
2026-03-28 12:28:49,345 [INFO] src.pipeline — Processing 1190805 ...
2026-03-28 12:28:49,355 [INFO] src.pipeline — Processing 1191551 ...
2026-03-28 12:28:49,375 [INFO] src.pipeline — Processing 1191595 ...
2026-03-28 12:28:49,395 [INFO] src.pipeline — Processing 1192135 ...
2026-03-28 12:28:49,415 [INFO] src.pipeline — Processing 1192146 ...
2026-03-28 12:28:49,434 [INFO] src.pipeline — Processing 1192654 ...
2026-03-28 12:28:49,447 [INFO] src.pipeline — Processing 1197538 ...
2026-03-28 12:28:49,465 [INFO] src.pipeline — Processing 1199480 ...
2026-03-28 12:28:49,487 [INFO] src.pipeline — Processing 1199517 ...
2026-03-28 12:28:49,496 [INFO] src.pipeline — Processing 1199593 ...
2026-03-28 12:28:49,515 [INFO] src.pipeline — Processing 1202306 ...
2026-03-28 12:28:49,536 [INFO] src.pipeline — Processing 1207769 ...
2026-03-28 12:28:49,555 [INFO] src.pipeline — Processing 1207947 ...
2026-03-28 12:28:49,565 [INFO] src.pipeline — Processing 1214441 ...
2026-03-28 12:28:49,585 [INFO] src.pipeline — Processing 1220716 ...
2026-03-28 12:28:49,605 [INFO] src.pipeline — Processing 1221590 ...
2026-03-28 12:28:49,619 [INFO] src.pipeline — Processing 1223519 ...
2026-03-28 12:28:49,640 [INFO] src.pipeline — Processing 1224102 ...
2026-03-28 12:28:49,655 [INFO] src.pipeline — Processing 1228746 ...
2026-03-28 12:28:49,671 [INFO] src.pipeline — Processing 1230482 ...
2026-03-28 12:28:49,675 [ERROR] src.pipeline — [1230482] FAILED: TOO_FEW_VALID_BEATS:0
2026-03-28 12:28:49,675 [INFO] src.pipeline — Processing 1231339 ...
2026-03-28 12:28:49,695 [INFO] src.pipeline — Processing 1235674 ...
2026-03-28 12:28:49,705 [INFO] src.pipeline — Processing 1236012 ...
2026-03-28 12:28:49,725 [INFO] src.pipeline — Processing 1237748 ...
2026-03-28 12:28:49,747 [INFO] src.pipeline — Processing 1238446 ...
2026-03-28 12:28:49,767 [INFO] src.pipeline — Processing 1238671 ...
2026-03-28 12:28:49,789 [INFO] src.pipeline — Processing 1242678 ...
2026-03-28 12:28:49,805 [INFO] src.pipeline — Processing 1244867 ...
2026-03-28 12:28:49,815 [INFO] src.pipeline — Processing 1248576 ...
2026-03-28 12:28:49,836 [INFO] src.pipeline — Processing 1248611 ...
2026-03-28 12:28:49,845 [INFO] src.pipeline — Processing 1252288 ...
2026-03-28 12:28:49,871 [INFO] src.pipeline — Processing 1254062 ...
2026-03-28 12:28:49,885 [INFO] src.pipeline — Processing 1254171 ...
2026-03-28 12:28:49,905 [INFO] src.pipeline — Processing 1254267 ...
2026-03-28 12:28:49,921 [INFO] src.pipeline — Processing 1259391 ...
2026-03-28 12:28:49,937 [INFO] src.pipeline — Processing 1263008 ...
2026-03-28 12:28:49,955 [INFO] src.pipeline — Processing 1270798 ...
2026-03-28 12:28:49,972 [INFO] src.pipeline — Processing 1272319 ...
2026-03-28 12:28:49,989 [INFO] src.pipeline — Processing 1272821 ...
2026-03-28 12:28:50,005 [INFO] src.pipeline — Processing 1274776 ...
2026-03-28 12:28:50,017 [INFO] src.pipeline — Processing 1275329 ...
2026-03-28 12:28:50,040 [INFO] src.pipeline — Processing 1277374 ...
2026-03-28 12:28:50,059 [INFO] src.pipeline — Processing 1278746 ...
2026-03-28 12:28:50,078 [INFO] src.pipeline — Processing 1280588 ...
2026-03-28 12:28:50,095 [INFO] src.pipeline — Processing 1281380 ...
2026-03-28 12:28:50,109 [INFO] src.pipeline — Processing 1284182 ...
2026-03-28 12:28:50,127 [INFO] src.pipeline — Processing 1285404 ...
2026-03-28 12:28:50,145 [INFO] src.pipeline — Processing 1286512 ...
2026-03-28 12:28:50,168 [INFO] src.pipeline — Processing 1290629 ...
2026-03-28 12:28:50,187 [INFO] src.pipeline — Processing 1290807 ...
2026-03-28 12:28:50,205 [INFO] src.pipeline — Processing 1294540 ...
2026-03-28 12:28:50,222 [INFO] src.pipeline — Processing 1297151 ...
2026-03-28 12:28:50,240 [INFO] src.pipeline — Processing 1297765 ...
2026-03-28 12:28:50,255 [INFO] src.pipeline — Processing 1297767 ...
2026-03-28 12:28:50,275 [INFO] src.pipeline — Processing 1298469 ...
2026-03-28 12:28:50,295 [INFO] src.pipeline — Processing 1303729 ...
2026-03-28 12:28:50,311 [INFO] src.pipeline — Processing 1305051 ...
2026-03-28 12:28:50,327 [INFO] src.pipeline — Processing 1307673 ...
2026-03-28 12:28:50,336 [INFO] src.pipeline — Processing 1307716 ...
2026-03-28 12:28:50,362 [INFO] src.pipeline — Processing 1309300 ...
2026-03-28 12:28:50,376 [INFO] src.pipeline — Processing 1310052 ...
2026-03-28 12:28:50,395 [INFO] src.pipeline — Processing 1312303 ...
2026-03-28 12:28:50,415 [INFO] src.pipeline — Processing 1313974 ...
2026-03-28 12:28:50,435 [INFO] src.pipeline — Processing 1316784 ...
2026-03-28 12:28:50,445 [INFO] src.pipeline — Processing 1318568 ...
2026-03-28 12:28:50,467 [INFO] src.pipeline — Processing 1326991 ...
2026-03-28 12:28:50,491 [INFO] src.pipeline — Processing 1327775 ...
2026-03-28 12:28:50,507 [INFO] src.pipeline — Processing 1327784 ...
2026-03-28 12:28:50,525 [INFO] src.pipeline — Processing 1332388 ...
2026-03-28 12:28:50,539 [INFO] src.pipeline — Processing 1336243 ...
2026-03-28 12:28:50,558 [INFO] src.pipeline — Processing 1337461 ...
2026-03-28 12:28:50,575 [INFO] src.pipeline — Processing 1338772 ...
2026-03-28 12:28:50,595 [INFO] src.pipeline — Processing 1338780 ...
2026-03-28 12:28:50,605 [INFO] src.pipeline — Processing 1342979 ...
2026-03-28 12:28:50,635 [INFO] src.pipeline — Processing 1344639 ...
2026-03-28 12:28:50,650 [INFO] src.pipeline — Processing 1346727 ...
2026-03-28 12:28:50,671 [INFO] src.pipeline — Processing 1350930 ...
2026-03-28 12:28:50,687 [INFO] src.pipeline — Processing 1357325 ...
2026-03-28 12:28:50,705 [INFO] src.pipeline — Processing 1358245 ...
2026-03-28 12:28:50,725 [INFO] src.pipeline — Processing 1360656 ...
2026-03-28 12:28:50,745 [INFO] src.pipeline — Processing 1366050 ...
2026-03-28 12:28:50,755 [INFO] src.pipeline — Processing 1366637 ...
2026-03-28 12:28:50,784 [INFO] src.pipeline — Processing 1370418 ...
2026-03-28 12:28:50,798 [INFO] src.pipeline — Processing 1370819 ...
2026-03-28 12:28:50,815 [INFO] src.pipeline — Processing 1371132 ...
2026-03-28 12:28:50,835 [INFO] src.pipeline — Processing 1371554 ...
2026-03-28 12:28:50,855 [INFO] src.pipeline — Processing 1372180 ...
2026-03-28 12:28:50,898 [INFO] src.pipeline — Processing 1372181 ...
2026-03-28 12:28:50,915 [INFO] src.pipeline — Processing 1381534 ...
2026-03-28 12:28:50,936 [INFO] src.pipeline — Processing 1382112 ...
2026-03-28 12:28:50,958 [INFO] src.pipeline — Processing 1383335 ...
2026-03-28 12:28:50,975 [INFO] src.pipeline — Processing 1385747 ...
2026-03-28 12:28:50,990 [INFO] src.pipeline — Processing 1386698 ...
2026-03-28 12:28:51,005 [INFO] src.pipeline — Processing 1390489 ...
2026-03-28 12:28:51,025 [INFO] src.pipeline — Processing 1403173 ...
2026-03-28 12:28:51,045 [INFO] src.pipeline — Processing 1404688 ...
2026-03-28 12:28:51,055 [INFO] src.pipeline — Processing 1407660 ...
2026-03-28 12:28:51,087 [INFO] src.pipeline — Processing 1408290 ...
2026-03-28 12:28:51,105 [INFO] src.pipeline — Processing 1414022 ...
2026-03-28 12:28:51,125 [INFO] src.pipeline — Processing 1414967 ...
2026-03-28 12:28:51,153 [INFO] src.pipeline — Processing 1416483 ...
2026-03-28 12:28:51,171 [INFO] src.pipeline — Processing 1417008 ...
2026-03-28 12:28:51,188 [INFO] src.pipeline — Processing 1418000 ...
2026-03-28 12:28:51,199 [INFO] src.pipeline — Processing 1419825 ...
2026-03-28 12:28:51,220 [INFO] src.pipeline — Processing 1421261 ...
2026-03-28 12:28:51,238 [INFO] src.pipeline — Processing 1421316 ...
2026-03-28 12:28:51,253 [INFO] src.pipeline — Processing 1422523 ...
2026-03-28 12:28:51,271 [INFO] src.pipeline — Processing 1422770 ...
2026-03-28 12:28:51,286 [INFO] src.pipeline — Processing 1423789 ...
2026-03-28 12:28:51,305 [INFO] src.pipeline — Processing 1424148 ...
2026-03-28 12:28:51,325 [INFO] src.pipeline — Processing 1425960 ...
2026-03-28 12:28:51,335 [INFO] src.pipeline — Processing 1426919 ...
2026-03-28 12:28:51,364 [INFO] src.pipeline — Processing 2187085 ...
2026-03-28 12:28:51,384 [INFO] src.pipeline — Processing 2635972 ...
2026-03-28 12:28:51,411 [INFO] src.pipeline — Processing 3003692 ...
2026-03-28 12:28:51,429 [INFO] src.pipeline — Processing 3004284 ...
2026-03-28 12:28:51,448 [INFO] src.pipeline — Processing 3006598 ...
2026-03-28 12:28:51,465 [INFO] src.pipeline — Processing 3007664 ...
2026-03-28 12:28:51,485 [INFO] src.pipeline — Processing 3009538 ...
2026-03-28 12:28:51,500 [INFO] src.pipeline — Processing 3009950 ...
2026-03-28 12:28:51,518 [INFO] src.pipeline — Processing 3015438 ...
2026-03-28 12:28:51,538 [INFO] src.pipeline — Processing 3015440 ...
2026-03-28 12:28:51,559 [INFO] src.pipeline — Processing 3015449 ...
2026-03-28 12:28:51,578 [INFO] src.pipeline — Processing 3016396 ...
2026-03-28 12:28:51,597 [INFO] src.pipeline — Processing 3016401 ...
2026-03-28 12:28:51,615 [INFO] src.pipeline — Processing 3028930 ...
2026-03-28 12:28:51,625 [INFO] src.pipeline — Processing 3030937 ...
2026-03-28 12:28:51,645 [INFO] src.pipeline — Processing 3035210 ...
2026-03-28 12:28:51,665 [INFO] src.pipeline — Processing 3037390 ...
2026-03-28 12:28:51,685 [INFO] src.pipeline — Processing 3037617 ...
2026-03-28 12:28:51,705 [INFO] src.pipeline — Processing 3043155 ...
2026-03-28 12:28:51,725 [INFO] src.pipeline — Processing 3044775 ...
2026-03-28 12:28:51,735 [INFO] src.pipeline — Processing 3045053 ...
2026-03-28 12:28:51,765 [INFO] src.pipeline — Processing 3045059 ...
2026-03-28 12:28:51,779 [INFO] src.pipeline — Processing 3045751 ...
2026-03-28 12:28:51,808 [INFO] src.pipeline — Processing 3058024 ...
2026-03-28 12:28:51,825 [INFO] src.pipeline — Processing 3058134 ...
2026-03-28 12:28:51,851 [INFO] src.pipeline — Processing 3062045 ...
2026-03-28 12:28:51,867 [INFO] src.pipeline — Processing 3064724 ...
2026-03-28 12:28:51,889 [INFO] src.pipeline — Processing 3065295 ...
2026-03-28 12:28:51,906 [INFO] src.pipeline — Processing 3067191 ...
2026-03-28 12:28:51,917 [INFO] src.pipeline — Processing 3067196 ...
2026-03-28 12:28:51,940 [INFO] src.pipeline — Processing 3071151 ...
2026-03-28 12:28:51,955 [INFO] src.pipeline — Processing 3072833 ...
2026-03-28 12:28:51,975 [INFO] src.pipeline — Processing 3072836 ...
2026-03-28 12:28:51,990 [INFO] src.pipeline — Processing 3073346 ...
2026-03-28 12:28:52,009 [INFO] src.pipeline — Processing 3074751 ...
2026-03-28 12:28:52,027 [INFO] src.pipeline — Processing 3075260 ...
2026-03-28 12:28:52,043 [INFO] src.pipeline — Processing 3080118 ...
2026-03-28 12:28:52,060 [INFO] src.pipeline — Processing 3080186 ...
2026-03-28 12:28:52,075 [INFO] src.pipeline — Processing 3092472 ...
2026-03-28 12:28:52,095 [INFO] src.pipeline — Processing 3093924 ...
2026-03-28 12:28:52,115 [INFO] src.pipeline — Processing 3094047 ...
2026-03-28 12:28:52,135 [INFO] src.pipeline — Processing 3094049 ...
2026-03-28 12:28:52,149 [WARNING] src.pipeline — [3094049] PARTIAL: ['BEAT2_V1_J_POINT_LOW_CONFIDENCE', 'BEAT4_V1_J_POINT_LOW_CONFIDENCE', 'BEAT5_V1_J_POINT_LOW_CONFIDENCE', 'BEAT6_V1_J_POINT_LOW_CONFIDENCE', 'BEAT7_V1_J_POINT_LOW_CONFIDENCE']
2026-03-28 12:28:52,149 [INFO] src.pipeline — Processing 3095195 ...
2026-03-28 12:28:52,165 [INFO] src.pipeline — Processing 3095200 ...
2026-03-28 12:28:52,175 [INFO] src.pipeline — Processing 3096254 ...
2026-03-28 12:28:52,203 [INFO] src.pipeline — Processing 3099875 ...
2026-03-28 12:28:52,219 [INFO] src.pipeline — Processing 3101011 ...
2026-03-28 12:28:52,238 [INFO] src.pipeline — Processing 3110550 ...
2026-03-28 12:28:52,251 [INFO] src.pipeline — Processing 3113249 ...
2026-03-28 12:28:52,267 [INFO] src.pipeline — Processing 3114582 ...
2026-03-28 12:28:52,290 [INFO] src.pipeline — Processing 3118448 ...
2026-03-28 12:28:52,305 [INFO] src.pipeline — Processing 3128412 ...
2026-03-28 12:28:52,325 [INFO] src.pipeline — Processing 3128947 ...
2026-03-28 12:28:52,335 [INFO] src.pipeline — Processing 3128957 ...
2026-03-28 12:28:52,363 [INFO] src.pipeline — Processing 3133602 ...
2026-03-28 12:28:52,380 [INFO] src.pipeline — Processing 3136075 ...
2026-03-28 12:28:52,397 [INFO] src.pipeline — Processing 3138453 ...
2026-03-28 12:28:52,415 [INFO] src.pipeline — Processing 3139196 ...
2026-03-28 12:28:52,645 [INFO] src.pipeline — Pipeline complete. OK: 356 | PARTIAL: 5 | FAILED: 2
2026-03-28 12:28:52,685 [INFO] src.feature_store — Dropped 30 features with >50.0% missing
2026-03-28 12:28:52,725 [INFO] src.feature_store — Fold 0: train=(290, 652) | val=(73, 652)
2026-03-28 12:28:52,762 [INFO] src.feature_store — Fold 1: train=(290, 652) | val=(73, 652)
2026-03-28 12:28:52,785 [INFO] src.feature_store — Fold 2: train=(290, 652) | val=(73, 652)
2026-03-28 12:28:52,827 [INFO] src.feature_store — Fold 3: train=(291, 652) | val=(72, 652)
2026-03-28 12:28:52,859 [INFO] src.feature_store — Fold 4: train=(291, 652) | val=(72, 652)
2026-03-28 12:28:52,859 [INFO] src.feature_store — Scaled matrices exported to: outputs/features/scaled/
2026-03-28 12:29:42,627 [INFO] src.pipeline — Processing 188981 ...
2026-03-28 12:29:43,388 [INFO] src.pipeline — Processing 251972 ...
2026-03-28 12:29:43,405 [INFO] src.pipeline — Processing 265715 ...
2026-03-28 12:29:43,423 [INFO] src.pipeline — Processing 267628 ...
2026-03-28 12:29:43,439 [INFO] src.pipeline — Processing 267630 ...
2026-03-28 12:29:43,447 [ERROR] src.pipeline — [267630] FAILED: TOO_FEW_RPEAKS: 0
2026-03-28 12:29:43,447 [INFO] src.pipeline — Processing 286830 ...
2026-03-28 12:29:43,470 [INFO] src.pipeline — Processing 287355 ...
2026-03-28 12:29:43,488 [INFO] src.pipeline — Processing 292220 ...
2026-03-28 12:29:43,518 [INFO] src.pipeline — Processing 292666 ...
2026-03-28 12:29:43,537 [INFO] src.pipeline — Processing 304141 ...
2026-03-28 12:29:43,555 [INFO] src.pipeline — Processing 314397 ...
2026-03-28 12:29:43,577 [INFO] src.pipeline — Processing 316872 ...
2026-03-28 12:29:43,585 [INFO] src.pipeline — Processing 317547 ...
2026-03-28 12:29:43,615 [INFO] src.pipeline — Processing 319150 ...
2026-03-28 12:29:43,629 [INFO] src.pipeline — Processing 319221 ...
2026-03-28 12:29:43,645 [INFO] src.pipeline — Processing 325231 ...
2026-03-28 12:29:43,668 [INFO] src.pipeline — Processing 325966 ...
2026-03-28 12:29:43,677 [INFO] src.pipeline — Processing 329034 ...
2026-03-28 12:29:43,697 [INFO] src.pipeline — Processing 329533 ...
2026-03-28 12:29:43,719 [INFO] src.pipeline — Processing 395553 ...
2026-03-28 12:29:43,727 [INFO] src.pipeline — Processing 405298 ...
2026-03-28 12:29:43,750 [INFO] src.pipeline — Processing 406008 ...
2026-03-28 12:29:43,768 [INFO] src.pipeline — Processing 413267 ...
2026-03-28 12:29:43,789 [INFO] src.pipeline — Processing 419510 ...
2026-03-28 12:29:43,798 [INFO] src.pipeline — Processing 419960 ...
2026-03-28 12:29:43,821 [INFO] src.pipeline — Processing 428031 ...
2026-03-28 12:29:43,837 [INFO] src.pipeline — Processing 434996 ...
2026-03-28 12:29:43,861 [INFO] src.pipeline — Processing 438721 ...
2026-03-28 12:29:43,877 [INFO] src.pipeline — Processing 445953 ...
2026-03-28 12:29:43,885 [INFO] src.pipeline — Processing 450733 ...
2026-03-28 12:29:43,908 [INFO] src.pipeline — Processing 460919 ...
2026-03-28 12:29:43,927 [INFO] src.pipeline — Processing 461866 ...
2026-03-28 12:29:43,945 [INFO] src.pipeline — Processing 466796 ...
2026-03-28 12:29:43,957 [INFO] src.pipeline — Processing 471727 ...
2026-03-28 12:29:43,978 [INFO] src.pipeline — Processing 478457 ...
2026-03-28 12:29:43,998 [INFO] src.pipeline — Processing 482516 ...
2026-03-28 12:29:44,007 [INFO] src.pipeline — Processing 482868 ...
2026-03-28 12:29:44,037 [INFO] src.pipeline — Processing 487609 ...
2026-03-28 12:29:44,055 [INFO] src.pipeline — Processing 489539 ...
2026-03-28 12:29:44,065 [INFO] src.pipeline — Processing 505351 ...
2026-03-28 12:29:44,099 [INFO] src.pipeline — Processing 506408 ...
2026-03-28 12:29:44,115 [INFO] src.pipeline — Processing 509648 ...
2026-03-28 12:29:44,135 [INFO] src.pipeline — Processing 516092 ...
2026-03-28 12:29:44,145 [INFO] src.pipeline — Processing 519139 ...
2026-03-28 12:29:44,167 [INFO] src.pipeline — Processing 519687 ...
2026-03-28 12:29:44,187 [INFO] src.pipeline — Processing 532816 ...
2026-03-28 12:29:44,207 [INFO] src.pipeline — Processing 538053 ...
2026-03-28 12:29:44,221 [INFO] src.pipeline — Processing 540736 ...
2026-03-28 12:29:44,235 [INFO] src.pipeline — Processing 548140 ...
2026-03-28 12:29:44,264 [INFO] src.pipeline — Processing 548865 ...
2026-03-28 12:29:44,277 [INFO] src.pipeline — Processing 558967 ...
2026-03-28 12:29:44,298 [INFO] src.pipeline — Processing 571723 ...
2026-03-28 12:29:44,318 [INFO] src.pipeline — Processing 577838 ...
2026-03-28 12:29:44,335 [WARNING] src.pipeline — [577838] PARTIAL: ['BEAT0_V1_J_POINT_LOW_CONFIDENCE', 'BEAT1_V1_J_POINT_LOW_CONFIDENCE', 'BEAT4_V1_J_POINT_LOW_CONFIDENCE', 'BEAT12_V1_J_POINT_LOW_CONFIDENCE', 'BEAT16_V1_J_POINT_LOW_CONFIDENCE']
2026-03-28 12:29:44,335 [INFO] src.pipeline — Processing 580720 ...
2026-03-28 12:29:44,355 [INFO] src.pipeline — Processing 581912 ...
2026-03-28 12:29:44,375 [WARNING] src.pipeline — [581912] PARTIAL: ['BEAT1_V2_J_POINT_LOW_CONFIDENCE']
2026-03-28 12:29:44,375 [INFO] src.pipeline — Processing 592768 ...
2026-03-28 12:29:44,389 [INFO] src.pipeline — Processing 596382 ...
2026-03-28 12:29:44,407 [INFO] src.pipeline — Processing 597251 ...
2026-03-28 12:29:44,427 [INFO] src.pipeline — Processing 613119 ...
2026-03-28 12:29:44,453 [INFO] src.pipeline — Processing 614578 ...
2026-03-28 12:29:44,469 [INFO] src.pipeline — Processing 614707 ...
2026-03-28 12:29:44,485 [INFO] src.pipeline — Processing 622530 ...
2026-03-28 12:29:44,507 [INFO] src.pipeline — Processing 624511 ...
2026-03-28 12:29:44,525 [INFO] src.pipeline — Processing 625190 ...
2026-03-28 12:29:44,537 [INFO] src.pipeline — Processing 641455 ...
2026-03-28 12:29:44,555 [INFO] src.pipeline — Processing 643139 ...
2026-03-28 12:29:44,575 [INFO] src.pipeline — Processing 801261 ...
2026-03-28 12:29:44,605 [INFO] src.pipeline — Processing 806949 ...
2026-03-28 12:29:44,629 [INFO] src.pipeline — Processing 807363 ...
2026-03-28 12:29:44,647 [INFO] src.pipeline — Processing 812209 ...
2026-03-28 12:29:44,665 [INFO] src.pipeline — Processing 812404 ...
2026-03-28 12:29:44,685 [INFO] src.pipeline — Processing 814286 ...
2026-03-28 12:29:44,698 [INFO] src.pipeline — Processing 816929 ...
2026-03-28 12:29:44,722 [INFO] src.pipeline — Processing 819710 ...
2026-03-28 12:29:44,739 [INFO] src.pipeline — Processing 821478 ...
2026-03-28 12:29:44,747 [INFO] src.pipeline — Processing 822108 ...
2026-03-28 12:29:44,785 [INFO] src.pipeline — Processing 822756 ...
2026-03-28 12:29:44,798 [INFO] src.pipeline — Processing 829768 ...
2026-03-28 12:29:44,815 [INFO] src.pipeline — Processing 830179 ...
2026-03-28 12:29:44,839 [INFO] src.pipeline — Processing 841212 ...
2026-03-28 12:29:44,857 [INFO] src.pipeline — Processing 841869 ...
2026-03-28 12:29:44,876 [INFO] src.pipeline — Processing 844915 ...
2026-03-28 12:29:44,888 [INFO] src.pipeline — Processing 849168 ...
2026-03-28 12:29:44,918 [INFO] src.pipeline — Processing 852786 ...
2026-03-28 12:29:44,937 [INFO] src.pipeline — Processing 855592 ...
2026-03-28 12:29:44,949 [INFO] src.pipeline — Processing 865998 ...
2026-03-28 12:29:44,970 [INFO] src.pipeline — Processing 866721 ...
2026-03-28 12:29:44,988 [INFO] src.pipeline — Processing 873255 ...
2026-03-28 12:29:45,007 [INFO] src.pipeline — Processing 878765 ...
2026-03-28 12:29:45,025 [INFO] src.pipeline — Processing 887465 ...
2026-03-28 12:29:45,037 [INFO] src.pipeline — Processing 891754 ...
2026-03-28 12:29:45,057 [INFO] src.pipeline — Processing 894725 ...
2026-03-28 12:29:45,075 [INFO] src.pipeline — Processing 898726 ...
2026-03-28 12:29:45,095 [INFO] src.pipeline — Processing 903442 ...
2026-03-28 12:29:45,115 [INFO] src.pipeline — Processing 903802 ...
2026-03-28 12:29:45,130 [WARNING] src.pipeline — [903802] PARTIAL: ['BEAT9_V2_J_POINT_LOW_CONFIDENCE']
2026-03-28 12:29:45,130 [INFO] src.pipeline — Processing 907736 ...
2026-03-28 12:29:45,148 [INFO] src.pipeline — Processing 913169 ...
2026-03-28 12:29:45,162 [INFO] src.pipeline — Processing 918062 ...
2026-03-28 12:29:45,178 [INFO] src.pipeline — Processing 920037 ...
2026-03-28 12:29:45,199 [INFO] src.pipeline — Processing 921230 ...
2026-03-28 12:29:45,218 [INFO] src.pipeline — Processing 930107 ...
2026-03-28 12:29:45,237 [INFO] src.pipeline — Processing 935156 ...
2026-03-28 12:29:45,255 [INFO] src.pipeline — Processing 938838 ...
2026-03-28 12:29:45,268 [INFO] src.pipeline — Processing 939546 ...
2026-03-28 12:29:45,295 [INFO] src.pipeline — Processing 945345 ...
2026-03-28 12:29:45,317 [INFO] src.pipeline — Processing 952177 ...
2026-03-28 12:29:45,335 [INFO] src.pipeline — Processing 952641 ...
2026-03-28 12:29:45,347 [INFO] src.pipeline — Processing 953976 ...
2026-03-28 12:29:45,368 [INFO] src.pipeline — Processing 958460 ...
2026-03-28 12:29:45,388 [INFO] src.pipeline — Processing 958703 ...
2026-03-28 12:29:45,408 [INFO] src.pipeline — Processing 959843 ...
2026-03-28 12:29:45,428 [INFO] src.pipeline — Processing 960432 ...
2026-03-28 12:29:45,449 [INFO] src.pipeline — Processing 962566 ...
2026-03-28 12:29:45,465 [INFO] src.pipeline — Processing 964469 ...
2026-03-28 12:29:45,488 [INFO] src.pipeline — Processing 965217 ...
2026-03-28 12:29:45,515 [INFO] src.pipeline — Processing 967547 ...
2026-03-28 12:29:45,527 [INFO] src.pipeline — Processing 968556 ...
2026-03-28 12:29:45,549 [INFO] src.pipeline — Processing 969321 ...
2026-03-28 12:29:45,573 [INFO] src.pipeline — Processing 970649 ...
2026-03-28 12:29:45,589 [INFO] src.pipeline — Processing 972048 ...
2026-03-28 12:29:45,617 [INFO] src.pipeline — Processing 972330 ...
2026-03-28 12:29:45,625 [INFO] src.pipeline — Processing 972781 ...
2026-03-28 12:29:45,648 [INFO] src.pipeline — Processing 980284 ...
2026-03-28 12:29:45,669 [INFO] src.pipeline — Processing 982732 ...
2026-03-28 12:29:45,685 [INFO] src.pipeline — Processing 985814 ...
2026-03-28 12:29:45,707 [INFO] src.pipeline — Processing 991528 ...
2026-03-28 12:29:45,722 [INFO] src.pipeline — Processing 994065 ...
2026-03-28 12:29:45,740 [INFO] src.pipeline — Processing 994217 ...
2026-03-28 12:29:45,755 [INFO] src.pipeline — Processing 994515 ...
2026-03-28 12:29:45,775 [INFO] src.pipeline — Processing 998036 ...
2026-03-28 12:29:45,787 [INFO] src.pipeline — Processing 999474 ...
2026-03-28 12:29:45,805 [INFO] src.pipeline — Processing 1009874 ...
2026-03-28 12:29:45,822 [INFO] src.pipeline — Processing 1013884 ...
2026-03-28 12:29:45,837 [INFO] src.pipeline — Processing 1023925 ...
2026-03-28 12:29:45,857 [INFO] src.pipeline — Processing 1036640 ...
2026-03-28 12:29:45,867 [INFO] src.pipeline — Processing 1041375 ...
2026-03-28 12:29:45,890 [INFO] src.pipeline — Processing 1053511 ...
2026-03-28 12:29:45,908 [INFO] src.pipeline — Processing 1054733 ...
2026-03-28 12:29:45,917 [INFO] src.pipeline — Processing 1058085 ...
2026-03-28 12:29:45,935 [INFO] src.pipeline — Processing 1058605 ...
2026-03-28 12:29:45,948 [INFO] src.pipeline — Processing 1061898 ...
2026-03-28 12:29:45,968 [INFO] src.pipeline — Processing 1063368 ...
2026-03-28 12:29:45,988 [INFO] src.pipeline — Processing 1073253 ...
2026-03-28 12:29:46,007 [INFO] src.pipeline — Processing 1074787 ...
2026-03-28 12:29:46,023 [INFO] src.pipeline — Processing 1080968 ...
2026-03-28 12:29:46,038 [INFO] src.pipeline — Processing 1081032 ...
2026-03-28 12:29:46,055 [INFO] src.pipeline — Processing 1081338 ...
2026-03-28 12:29:46,077 [INFO] src.pipeline — Processing 1084994 ...
2026-03-28 12:29:46,099 [INFO] src.pipeline — Processing 1085203 ...
2026-03-28 12:29:46,115 [INFO] src.pipeline — Processing 1087704 ...
2026-03-28 12:29:46,135 [INFO] src.pipeline — Processing 1088175 ...
2026-03-28 12:29:46,148 [INFO] src.pipeline — Processing 1088261 ...
2026-03-28 12:29:46,167 [INFO] src.pipeline — Processing 1088796 ...
2026-03-28 12:29:46,187 [INFO] src.pipeline — Processing 1092237 ...
2026-03-28 12:29:46,205 [WARNING] src.pipeline — [1092237] PARTIAL: ['BEAT0_V1_J_POINT_LOW_CONFIDENCE', 'BEAT1_V1_J_POINT_LOW_CONFIDENCE', 'BEAT2_V1_J_POINT_LOW_CONFIDENCE', 'BEAT3_V1_J_POINT_LOW_CONFIDENCE', 'BEAT4_V1_J_POINT_LOW_CONFIDENCE', 'BEAT5_V1_J_POINT_LOW_CONFIDENCE', 'BEAT6_V1_J_POINT_LOW_CONFIDENCE', 'BEAT7_V1_J_POINT_LOW_CONFIDENCE', 'BEAT8_V1_J_POINT_LOW_CONFIDENCE']
2026-03-28 12:29:46,205 [INFO] src.pipeline — Processing 1093224 ...
2026-03-28 12:29:46,231 [INFO] src.pipeline — Processing 1096625 ...
2026-03-28 12:29:46,247 [INFO] src.pipeline — Processing 1097714 ...
2026-03-28 12:29:46,265 [INFO] src.pipeline — Processing 1098314 ...
2026-03-28 12:29:46,282 [INFO] src.pipeline — Processing 1099262 ...
2026-03-28 12:29:46,300 [INFO] src.pipeline — Processing 1102607 ...
2026-03-28 12:29:46,323 [INFO] src.pipeline — Processing 1103983 ...
2026-03-28 12:29:46,335 [INFO] src.pipeline — Processing 1106149 ...
2026-03-28 12:29:46,355 [INFO] src.pipeline — Processing 1112604 ...
2026-03-28 12:29:46,377 [INFO] src.pipeline — Processing 1117553 ...
2026-03-28 12:29:46,396 [INFO] src.pipeline — Processing 1118251 ...
2026-03-28 12:29:46,417 [INFO] src.pipeline — Processing 1121137 ...
2026-03-28 12:29:46,435 [INFO] src.pipeline — Processing 1122903 ...
2026-03-28 12:29:46,447 [INFO] src.pipeline — Processing 1124825 ...
2026-03-28 12:29:46,468 [INFO] src.pipeline — Processing 1124826 ...
2026-03-28 12:29:46,488 [INFO] src.pipeline — Processing 1128835 ...
2026-03-28 12:29:46,507 [INFO] src.pipeline — Processing 1134284 ...
2026-03-28 12:29:46,525 [INFO] src.pipeline — Processing 1135434 ...
2026-03-28 12:29:46,539 [INFO] src.pipeline — Processing 1138153 ...
2026-03-28 12:29:46,567 [INFO] src.pipeline — Processing 1141322 ...
2026-03-28 12:29:46,577 [INFO] src.pipeline — Processing 1142915 ...
2026-03-28 12:29:46,599 [INFO] src.pipeline — Processing 1145203 ...
2026-03-28 12:29:46,615 [INFO] src.pipeline — Processing 1146063 ...
2026-03-28 12:29:46,635 [INFO] src.pipeline — Processing 1147684 ...
2026-03-28 12:29:46,653 [INFO] src.pipeline — Processing 1148718 ...
2026-03-28 12:29:46,671 [INFO] src.pipeline — Processing 1152054 ...
2026-03-28 12:29:46,688 [INFO] src.pipeline — Processing 1157038 ...
2026-03-28 12:29:46,707 [INFO] src.pipeline — Processing 1160261 ...
2026-03-28 12:29:46,723 [INFO] src.pipeline — Processing 1165447 ...
2026-03-28 12:29:46,735 [INFO] src.pipeline — Processing 1165448 ...
2026-03-28 12:29:46,755 [INFO] src.pipeline — Processing 1169405 ...
2026-03-28 12:29:46,775 [INFO] src.pipeline — Processing 1172602 ...
2026-03-28 12:29:46,797 [INFO] src.pipeline — Processing 1176675 ...
2026-03-28 12:29:46,813 [INFO] src.pipeline — Processing 1177018 ...
2026-03-28 12:29:46,829 [INFO] src.pipeline — Processing 1180702 ...
2026-03-28 12:29:46,847 [INFO] src.pipeline — Processing 1183349 ...
2026-03-28 12:29:46,865 [INFO] src.pipeline — Processing 1184742 ...
2026-03-28 12:29:46,885 [INFO] src.pipeline — Processing 1187599 ...
2026-03-28 12:29:46,895 [INFO] src.pipeline — Processing 1188747 ...
2026-03-28 12:29:46,919 [INFO] src.pipeline — Processing 1190805 ...
2026-03-28 12:29:46,938 [INFO] src.pipeline — Processing 1191551 ...
2026-03-28 12:29:46,945 [INFO] src.pipeline — Processing 1191595 ...
2026-03-28 12:29:46,973 [INFO] src.pipeline — Processing 1192135 ...
2026-03-28 12:29:46,989 [INFO] src.pipeline — Processing 1192146 ...
2026-03-28 12:29:47,005 [INFO] src.pipeline — Processing 1192654 ...
2026-03-28 12:29:47,018 [INFO] src.pipeline — Processing 1197538 ...
2026-03-28 12:29:47,037 [INFO] src.pipeline — Processing 1199480 ...
2026-03-28 12:29:47,055 [INFO] src.pipeline — Processing 1199517 ...
2026-03-28 12:29:47,078 [INFO] src.pipeline — Processing 1199593 ...
2026-03-28 12:29:47,097 [INFO] src.pipeline — Processing 1202306 ...
2026-03-28 12:29:47,115 [INFO] src.pipeline — Processing 1207769 ...
2026-03-28 12:29:47,133 [INFO] src.pipeline — Processing 1207947 ...
2026-03-28 12:29:47,149 [INFO] src.pipeline — Processing 1214441 ...
2026-03-28 12:29:47,165 [INFO] src.pipeline — Processing 1220716 ...
2026-03-28 12:29:47,185 [INFO] src.pipeline — Processing 1221590 ...
2026-03-28 12:29:47,198 [INFO] src.pipeline — Processing 1223519 ...
2026-03-28 12:29:47,218 [INFO] src.pipeline — Processing 1224102 ...
2026-03-28 12:29:47,247 [INFO] src.pipeline — Processing 1228746 ...
2026-03-28 12:29:47,258 [INFO] src.pipeline — Processing 1230482 ...
2026-03-28 12:29:47,268 [ERROR] src.pipeline — [1230482] FAILED: TOO_FEW_VALID_BEATS:0
2026-03-28 12:29:47,268 [INFO] src.pipeline — Processing 1231339 ...
2026-03-28 12:29:47,285 [INFO] src.pipeline — Processing 1235674 ...
2026-03-28 12:29:47,309 [INFO] src.pipeline — Processing 1236012 ...
2026-03-28 12:29:47,324 [INFO] src.pipeline — Processing 1237748 ...
2026-03-28 12:29:47,337 [INFO] src.pipeline — Processing 1238446 ...
2026-03-28 12:29:47,355 [INFO] src.pipeline — Processing 1238671 ...
2026-03-28 12:29:47,378 [INFO] src.pipeline — Processing 1242678 ...
2026-03-28 12:29:47,395 [INFO] src.pipeline — Processing 1244867 ...
2026-03-28 12:29:47,407 [INFO] src.pipeline — Processing 1248576 ...
2026-03-28 12:29:47,425 [INFO] src.pipeline — Processing 1248611 ...
2026-03-28 12:29:47,438 [INFO] src.pipeline — Processing 1252288 ...
2026-03-28 12:29:47,455 [INFO] src.pipeline — Processing 1254062 ...
2026-03-28 12:29:47,478 [INFO] src.pipeline — Processing 1254171 ...
2026-03-28 12:29:47,495 [INFO] src.pipeline — Processing 1254267 ...
2026-03-28 12:29:47,510 [INFO] src.pipeline — Processing 1259391 ...
2026-03-28 12:29:47,531 [INFO] src.pipeline — Processing 1263008 ...
2026-03-28 12:29:47,547 [INFO] src.pipeline — Processing 1270798 ...
2026-03-28 12:29:47,567 [INFO] src.pipeline — Processing 1272319 ...
2026-03-28 12:29:47,585 [INFO] src.pipeline — Processing 1272821 ...
2026-03-28 12:29:47,607 [INFO] src.pipeline — Processing 1274776 ...
2026-03-28 12:29:47,620 [INFO] src.pipeline — Processing 1275329 ...
2026-03-28 12:29:47,635 [INFO] src.pipeline — Processing 1277374 ...
2026-03-28 12:29:47,655 [INFO] src.pipeline — Processing 1278746 ...
2026-03-28 12:29:47,675 [INFO] src.pipeline — Processing 1280588 ...
2026-03-28 12:29:47,694 [INFO] src.pipeline — Processing 1281380 ...
2026-03-28 12:29:47,709 [INFO] src.pipeline — Processing 1284182 ...
2026-03-28 12:29:47,725 [INFO] src.pipeline — Processing 1285404 ...
2026-03-28 12:29:47,745 [INFO] src.pipeline — Processing 1286512 ...
2026-03-28 12:29:47,757 [INFO] src.pipeline — Processing 1290629 ...
2026-03-28 12:29:47,777 [INFO] src.pipeline — Processing 1290807 ...
2026-03-28 12:29:47,797 [INFO] src.pipeline — Processing 1294540 ...
2026-03-28 12:29:47,809 [INFO] src.pipeline — Processing 1297151 ...
2026-03-28 12:29:47,827 [INFO] src.pipeline — Processing 1297765 ...
2026-03-28 12:29:47,848 [INFO] src.pipeline — Processing 1297767 ...
2026-03-28 12:29:47,867 [INFO] src.pipeline — Processing 1298469 ...
2026-03-28 12:29:47,885 [INFO] src.pipeline — Processing 1303729 ...
2026-03-28 12:29:47,895 [INFO] src.pipeline — Processing 1305051 ...
2026-03-28 12:29:47,915 [INFO] src.pipeline — Processing 1307673 ...
2026-03-28 12:29:47,937 [INFO] src.pipeline — Processing 1307716 ...
2026-03-28 12:29:47,955 [INFO] src.pipeline — Processing 1309300 ...
2026-03-28 12:29:47,975 [INFO] src.pipeline — Processing 1310052 ...
2026-03-28 12:29:47,987 [INFO] src.pipeline — Processing 1312303 ...
2026-03-28 12:29:48,010 [INFO] src.pipeline — Processing 1313974 ...
2026-03-28 12:29:48,025 [INFO] src.pipeline — Processing 1316784 ...
2026-03-28 12:29:48,039 [INFO] src.pipeline — Processing 1318568 ...
2026-03-28 12:29:48,060 [INFO] src.pipeline — Processing 1326991 ...
2026-03-28 12:29:48,077 [INFO] src.pipeline — Processing 1327775 ...
2026-03-28 12:29:48,095 [INFO] src.pipeline — Processing 1327784 ...
2026-03-28 12:29:48,107 [INFO] src.pipeline — Processing 1332388 ...
2026-03-28 12:29:48,127 [INFO] src.pipeline — Processing 1336243 ...
2026-03-28 12:29:48,147 [INFO] src.pipeline — Processing 1337461 ...
2026-03-28 12:29:48,165 [INFO] src.pipeline — Processing 1338772 ...
2026-03-28 12:29:48,185 [INFO] src.pipeline — Processing 1338780 ...
2026-03-28 12:29:48,197 [INFO] src.pipeline — Processing 1342979 ...
2026-03-28 12:29:48,218 [INFO] src.pipeline — Processing 1344639 ...
2026-03-28 12:29:48,249 [INFO] src.pipeline — Processing 1346727 ...
2026-03-28 12:29:48,265 [INFO] src.pipeline — Processing 1350930 ...
2026-03-28 12:29:48,275 [INFO] src.pipeline — Processing 1357325 ...
2026-03-28 12:29:48,295 [INFO] src.pipeline — Processing 1358245 ...
2026-03-28 12:29:48,319 [INFO] src.pipeline — Processing 1360656 ...
2026-03-28 12:29:48,335 [INFO] src.pipeline — Processing 1366050 ...
2026-03-28 12:29:48,355 [INFO] src.pipeline — Processing 1366637 ...
2026-03-28 12:29:48,367 [INFO] src.pipeline — Processing 1370418 ...
2026-03-28 12:29:48,387 [INFO] src.pipeline — Processing 1370819 ...
2026-03-28 12:29:48,407 [INFO] src.pipeline — Processing 1371132 ...
2026-03-28 12:29:48,431 [INFO] src.pipeline — Processing 1371554 ...
2026-03-28 12:29:48,447 [INFO] src.pipeline — Processing 1372180 ...
2026-03-28 12:29:48,465 [INFO] src.pipeline — Processing 1372181 ...
2026-03-28 12:29:48,479 [INFO] src.pipeline — Processing 1381534 ...
2026-03-28 12:29:48,495 [INFO] src.pipeline — Processing 1382112 ...
2026-03-28 12:29:48,518 [INFO] src.pipeline — Processing 1383335 ...
2026-03-28 12:29:48,537 [INFO] src.pipeline — Processing 1385747 ...
2026-03-28 12:29:48,555 [INFO] src.pipeline — Processing 1386698 ...
2026-03-28 12:29:48,567 [INFO] src.pipeline — Processing 1390489 ...
2026-03-28 12:29:48,587 [INFO] src.pipeline — Processing 1403173 ...
2026-03-28 12:29:48,605 [INFO] src.pipeline — Processing 1404688 ...
2026-03-28 12:29:48,617 [INFO] src.pipeline — Processing 1407660 ...
2026-03-28 12:29:48,637 [INFO] src.pipeline — Processing 1408290 ...
2026-03-28 12:29:48,648 [INFO] src.pipeline — Processing 1414022 ...
2026-03-28 12:29:48,668 [INFO] src.pipeline — Processing 1414967 ...
2026-03-28 12:29:48,688 [INFO] src.pipeline — Processing 1416483 ...
2026-03-28 12:29:48,707 [INFO] src.pipeline — Processing 1417008 ...
2026-03-28 12:29:48,721 [INFO] src.pipeline — Processing 1418000 ...
2026-03-28 12:29:48,738 [INFO] src.pipeline — Processing 1419825 ...
2026-03-28 12:29:48,755 [INFO] src.pipeline — Processing 1421261 ...
2026-03-28 12:29:48,771 [INFO] src.pipeline — Processing 1421316 ...
2026-03-28 12:29:48,788 [INFO] src.pipeline — Processing 1422523 ...
2026-03-28 12:29:48,805 [INFO] src.pipeline — Processing 1422770 ...
2026-03-28 12:29:48,819 [INFO] src.pipeline — Processing 1423789 ...
2026-03-28 12:29:48,837 [INFO] src.pipeline — Processing 1424148 ...
2026-03-28 12:29:48,857 [INFO] src.pipeline — Processing 1425960 ...
2026-03-28 12:29:48,875 [INFO] src.pipeline — Processing 1426919 ...
2026-03-28 12:29:48,895 [INFO] src.pipeline — Processing 2187085 ...
2026-03-28 12:29:48,907 [INFO] src.pipeline — Processing 2635972 ...
2026-03-28 12:29:48,931 [INFO] src.pipeline — Processing 3003692 ...
2026-03-28 12:29:48,948 [INFO] src.pipeline — Processing 3004284 ...
2026-03-28 12:29:48,965 [INFO] src.pipeline — Processing 3006598 ...
2026-03-28 12:29:48,981 [INFO] src.pipeline — Processing 3007664 ...
2026-03-28 12:29:48,997 [INFO] src.pipeline — Processing 3009538 ...
2026-03-28 12:29:49,015 [INFO] src.pipeline — Processing 3009950 ...
2026-03-28 12:29:49,029 [INFO] src.pipeline — Processing 3015438 ...
2026-03-28 12:29:49,047 [INFO] src.pipeline — Processing 3015440 ...
2026-03-28 12:29:49,065 [INFO] src.pipeline — Processing 3015449 ...
2026-03-28 12:29:49,077 [INFO] src.pipeline — Processing 3016396 ...
2026-03-28 12:29:49,105 [INFO] src.pipeline — Processing 3016401 ...
2026-03-28 12:29:49,117 [INFO] src.pipeline — Processing 3028930 ...
2026-03-28 12:29:49,137 [INFO] src.pipeline — Processing 3030937 ...
2026-03-28 12:29:49,148 [INFO] src.pipeline — Processing 3035210 ...
2026-03-28 12:29:49,168 [INFO] src.pipeline — Processing 3037390 ...
2026-03-28 12:29:49,185 [INFO] src.pipeline — Processing 3037617 ...
2026-03-28 12:29:49,200 [INFO] src.pipeline — Processing 3043155 ...
2026-03-28 12:29:49,218 [INFO] src.pipeline — Processing 3044775 ...
2026-03-28 12:29:49,241 [INFO] src.pipeline — Processing 3045053 ...
2026-03-28 12:29:49,258 [INFO] src.pipeline — Processing 3045059 ...
2026-03-28 12:29:49,269 [INFO] src.pipeline — Processing 3045751 ...
2026-03-28 12:29:49,288 [INFO] src.pipeline — Processing 3058024 ...
2026-03-28 12:29:49,305 [INFO] src.pipeline — Processing 3058134 ...
2026-03-28 12:29:49,327 [INFO] src.pipeline — Processing 3062045 ...
2026-03-28 12:29:49,345 [INFO] src.pipeline — Processing 3064724 ...
2026-03-28 12:29:49,355 [INFO] src.pipeline — Processing 3065295 ...
2026-03-28 12:29:49,381 [INFO] src.pipeline — Processing 3067191 ...
2026-03-28 12:29:49,395 [INFO] src.pipeline — Processing 3067196 ...
2026-03-28 12:29:49,417 [INFO] src.pipeline — Processing 3071151 ...
2026-03-28 12:29:49,429 [INFO] src.pipeline — Processing 3072833 ...
2026-03-28 12:29:49,448 [INFO] src.pipeline — Processing 3072836 ...
2026-03-28 12:29:49,468 [INFO] src.pipeline — Processing 3073346 ...
2026-03-28 12:29:49,485 [INFO] src.pipeline — Processing 3074751 ...
2026-03-28 12:29:49,498 [INFO] src.pipeline — Processing 3075260 ...
2026-03-28 12:29:49,526 [INFO] src.pipeline — Processing 3080118 ...
2026-03-28 12:29:49,542 [INFO] src.pipeline — Processing 3080186 ...
2026-03-28 12:29:49,557 [INFO] src.pipeline — Processing 3092472 ...
2026-03-28 12:29:49,578 [INFO] src.pipeline — Processing 3093924 ...
2026-03-28 12:29:49,589 [INFO] src.pipeline — Processing 3094047 ...
2026-03-28 12:29:49,614 [INFO] src.pipeline — Processing 3094049 ...
2026-03-28 12:29:49,629 [WARNING] src.pipeline — [3094049] PARTIAL: ['BEAT2_V1_J_POINT_LOW_CONFIDENCE', 'BEAT4_V1_J_POINT_LOW_CONFIDENCE', 'BEAT5_V1_J_POINT_LOW_CONFIDENCE', 'BEAT6_V1_J_POINT_LOW_CONFIDENCE', 'BEAT7_V1_J_POINT_LOW_CONFIDENCE']
2026-03-28 12:29:49,629 [INFO] src.pipeline — Processing 3095195 ...
2026-03-28 12:29:49,645 [INFO] src.pipeline — Processing 3095200 ...
2026-03-28 12:29:49,665 [INFO] src.pipeline — Processing 3096254 ...
2026-03-28 12:29:49,678 [INFO] src.pipeline — Processing 3099875 ...
2026-03-28 12:29:49,695 [INFO] src.pipeline — Processing 3101011 ...
2026-03-28 12:29:49,708 [INFO] src.pipeline — Processing 3110550 ...
2026-03-28 12:29:49,725 [INFO] src.pipeline — Processing 3113249 ...
2026-03-28 12:29:49,748 [INFO] src.pipeline — Processing 3114582 ...
2026-03-28 12:29:49,765 [INFO] src.pipeline — Processing 3118448 ...
2026-03-28 12:29:49,781 [INFO] src.pipeline — Processing 3128412 ...
2026-03-28 12:29:49,798 [INFO] src.pipeline — Processing 3128947 ...
2026-03-28 12:29:49,817 [INFO] src.pipeline — Processing 3128957 ...
2026-03-28 12:29:49,838 [INFO] src.pipeline — Processing 3133602 ...
2026-03-28 12:29:49,859 [INFO] src.pipeline — Processing 3136075 ...
2026-03-28 12:29:49,875 [INFO] src.pipeline — Processing 3138453 ...
2026-03-28 12:29:49,885 [INFO] src.pipeline — Processing 3139196 ...
2026-03-28 12:29:50,115 [INFO] src.pipeline — Pipeline complete. OK: 356 | PARTIAL: 5 | FAILED: 2
2026-03-28 12:29:50,171 [INFO] src.feature_store — Dropped 30 features with >50.0% missing
2026-03-28 12:29:50,204 [INFO] src.feature_store — Fold 0: train=(290, 652) | val=(73, 652)
2026-03-28 12:29:50,232 [INFO] src.feature_store — Fold 1: train=(290, 652) | val=(73, 652)
2026-03-28 12:29:50,269 [INFO] src.feature_store — Fold 2: train=(290, 652) | val=(73, 652)
2026-03-28 12:29:50,302 [INFO] src.feature_store — Fold 3: train=(291, 652) | val=(72, 652)
2026-03-28 12:29:50,337 [INFO] src.feature_store — Fold 4: train=(291, 652) | val=(72, 652)
2026-03-28 12:29:50,337 [INFO] src.feature_store — Scaled matrices exported to: outputs/features/scaled/
2026-03-28 12:30:48,548 [INFO] src.pipeline — Processing 188981 ...
2026-03-28 12:30:49,297 [INFO] src.pipeline — Processing 251972 ...
2026-03-28 12:30:49,321 [INFO] src.pipeline — Processing 265715 ...
2026-03-28 12:30:49,339 [INFO] src.pipeline — Processing 267628 ...
2026-03-28 12:30:49,355 [INFO] src.pipeline — Processing 267630 ...
2026-03-28 12:30:49,355 [ERROR] src.pipeline — [267630] FAILED: TOO_FEW_RPEAKS: 0
2026-03-28 12:30:49,355 [INFO] src.pipeline — Processing 286830 ...
2026-03-28 12:30:49,375 [INFO] src.pipeline — Processing 287355 ...
2026-03-28 12:30:49,395 [INFO] src.pipeline — Processing 292220 ...
2026-03-28 12:30:49,416 [INFO] src.pipeline — Processing 292666 ...
2026-03-28 12:30:49,438 [INFO] src.pipeline — Processing 304141 ...
2026-03-28 12:30:49,448 [INFO] src.pipeline — Processing 314397 ...
2026-03-28 12:30:49,465 [INFO] src.pipeline — Processing 316872 ...
2026-03-28 12:30:49,487 [INFO] src.pipeline — Processing 317547 ...
2026-03-28 12:30:49,505 [INFO] src.pipeline — Processing 319150 ...
2026-03-28 12:30:49,515 [INFO] src.pipeline — Processing 319221 ...
2026-03-28 12:30:49,535 [INFO] src.pipeline — Processing 325231 ...
2026-03-28 12:30:49,555 [INFO] src.pipeline — Processing 325966 ...
2026-03-28 12:30:49,577 [INFO] src.pipeline — Processing 329034 ...
2026-03-28 12:30:49,595 [INFO] src.pipeline — Processing 329533 ...
2026-03-28 12:30:49,621 [INFO] src.pipeline — Processing 395553 ...
2026-03-28 12:30:49,636 [INFO] src.pipeline — Processing 405298 ...
2026-03-28 12:30:49,664 [INFO] src.pipeline — Processing 406008 ...
2026-03-28 12:30:49,678 [INFO] src.pipeline — Processing 413267 ...
2026-03-28 12:30:49,699 [INFO] src.pipeline — Processing 419510 ...
2026-03-28 12:30:49,715 [INFO] src.pipeline — Processing 419960 ...
2026-03-28 12:30:49,735 [INFO] src.pipeline — Processing 428031 ...
2026-03-28 12:30:49,763 [INFO] src.pipeline — Processing 434996 ...
2026-03-28 12:30:49,780 [INFO] src.pipeline — Processing 438721 ...
2026-03-28 12:30:49,805 [INFO] src.pipeline — Processing 445953 ...
2026-03-28 12:30:49,815 [INFO] src.pipeline — Processing 450733 ...
2026-03-28 12:30:49,835 [INFO] src.pipeline — Processing 460919 ...
2026-03-28 12:30:49,861 [INFO] src.pipeline — Processing 461866 ...
2026-03-28 12:30:49,875 [INFO] src.pipeline — Processing 466796 ...
2026-03-28 12:30:49,898 [INFO] src.pipeline — Processing 471727 ...
2026-03-28 12:30:49,917 [INFO] src.pipeline — Processing 478457 ...
2026-03-28 12:30:49,935 [INFO] src.pipeline — Processing 482516 ...
2026-03-28 12:30:49,950 [INFO] src.pipeline — Processing 482868 ...
2026-03-28 12:30:49,965 [INFO] src.pipeline — Processing 487609 ...
2026-03-28 12:30:49,985 [INFO] src.pipeline — Processing 489539 ...
2026-03-28 12:30:50,005 [INFO] src.pipeline — Processing 505351 ...
2026-03-28 12:30:50,030 [INFO] src.pipeline — Processing 506408 ...
2026-03-28 12:30:50,045 [INFO] src.pipeline — Processing 509648 ...
2026-03-28 12:30:50,069 [INFO] src.pipeline — Processing 516092 ...
2026-03-28 12:30:50,087 [INFO] src.pipeline — Processing 519139 ...
2026-03-28 12:30:50,109 [INFO] src.pipeline — Processing 519687 ...
2026-03-28 12:30:50,125 [INFO] src.pipeline — Processing 532816 ...
2026-03-28 12:30:50,143 [INFO] src.pipeline — Processing 538053 ...
2026-03-28 12:30:50,159 [INFO] src.pipeline — Processing 540736 ...
2026-03-28 12:30:50,175 [INFO] src.pipeline — Processing 548140 ...
2026-03-28 12:30:50,195 [INFO] src.pipeline — Processing 548865 ...
2026-03-28 12:30:50,215 [INFO] src.pipeline — Processing 558967 ...
2026-03-28 12:30:50,235 [INFO] src.pipeline — Processing 571723 ...
2026-03-28 12:30:50,251 [INFO] src.pipeline — Processing 577838 ...
2026-03-28 12:30:50,273 [WARNING] src.pipeline — [577838] PARTIAL: ['BEAT0_V1_J_POINT_LOW_CONFIDENCE', 'BEAT1_V1_J_POINT_LOW_CONFIDENCE', 'BEAT4_V1_J_POINT_LOW_CONFIDENCE', 'BEAT12_V1_J_POINT_LOW_CONFIDENCE', 'BEAT16_V1_J_POINT_LOW_CONFIDENCE']
2026-03-28 12:30:50,273 [INFO] src.pipeline — Processing 580720 ...
2026-03-28 12:30:50,290 [INFO] src.pipeline — Processing 581912 ...
2026-03-28 12:30:50,309 [WARNING] src.pipeline — [581912] PARTIAL: ['BEAT1_V2_J_POINT_LOW_CONFIDENCE']
2026-03-28 12:30:50,309 [INFO] src.pipeline — Processing 592768 ...
2026-03-28 12:30:50,328 [INFO] src.pipeline — Processing 596382 ...
2026-03-28 12:30:50,345 [INFO] src.pipeline — Processing 597251 ...
2026-03-28 12:30:50,355 [INFO] src.pipeline — Processing 613119 ...
2026-03-28 12:30:50,382 [INFO] src.pipeline — Processing 614578 ...
2026-03-28 12:30:50,395 [INFO] src.pipeline — Processing 614707 ...
2026-03-28 12:30:50,415 [INFO] src.pipeline — Processing 622530 ...
2026-03-28 12:30:50,437 [INFO] src.pipeline — Processing 624511 ...
2026-03-28 12:30:50,460 [INFO] src.pipeline — Processing 625190 ...
2026-03-28 12:30:50,485 [INFO] src.pipeline — Processing 641455 ...
2026-03-28 12:30:50,503 [INFO] src.pipeline — Processing 643139 ...
2026-03-28 12:30:50,524 [INFO] src.pipeline — Processing 801261 ...
2026-03-28 12:30:50,548 [INFO] src.pipeline — Processing 806949 ...
2026-03-28 12:30:50,569 [INFO] src.pipeline — Processing 807363 ...
2026-03-28 12:30:50,585 [INFO] src.pipeline — Processing 812209 ...
2026-03-28 12:30:50,607 [INFO] src.pipeline — Processing 812404 ...
2026-03-28 12:30:50,631 [INFO] src.pipeline — Processing 814286 ...
2026-03-28 12:30:50,650 [INFO] src.pipeline — Processing 816929 ...
2026-03-28 12:30:50,665 [INFO] src.pipeline — Processing 819710 ...
2026-03-28 12:30:50,688 [INFO] src.pipeline — Processing 821478 ...
2026-03-28 12:30:50,698 [INFO] src.pipeline — Processing 822108 ...
2026-03-28 12:30:50,715 [INFO] src.pipeline — Processing 822756 ...
2026-03-28 12:30:50,738 [INFO] src.pipeline — Processing 829768 ...
2026-03-28 12:30:50,755 [INFO] src.pipeline — Processing 830179 ...
2026-03-28 12:30:50,778 [INFO] src.pipeline — Processing 841212 ...
2026-03-28 12:30:50,795 [INFO] src.pipeline — Processing 841869 ...
2026-03-28 12:30:50,811 [INFO] src.pipeline — Processing 844915 ...
2026-03-28 12:30:50,831 [INFO] src.pipeline — Processing 849168 ...
2026-03-28 12:30:50,848 [INFO] src.pipeline — Processing 852786 ...
2026-03-28 12:30:50,865 [INFO] src.pipeline — Processing 855592 ...
2026-03-28 12:30:50,885 [INFO] src.pipeline — Processing 865998 ...
2026-03-28 12:30:50,908 [INFO] src.pipeline — Processing 866721 ...
2026-03-28 12:30:50,928 [INFO] src.pipeline — Processing 873255 ...
2026-03-28 12:30:50,949 [INFO] src.pipeline — Processing 878765 ...
2026-03-28 12:30:50,965 [INFO] src.pipeline — Processing 887465 ...
2026-03-28 12:30:50,979 [INFO] src.pipeline — Processing 891754 ...
2026-03-28 12:30:51,005 [INFO] src.pipeline — Processing 894725 ...
2026-03-28 12:30:51,020 [INFO] src.pipeline — Processing 898726 ...
2026-03-28 12:30:51,035 [INFO] src.pipeline — Processing 903442 ...
2026-03-28 12:30:51,064 [INFO] src.pipeline — Processing 903802 ...
2026-03-28 12:30:51,075 [WARNING] src.pipeline — [903802] PARTIAL: ['BEAT9_V2_J_POINT_LOW_CONFIDENCE']
2026-03-28 12:30:51,075 [INFO] src.pipeline — Processing 907736 ...
2026-03-28 12:30:51,125 [INFO] src.pipeline — Processing 913169 ...
2026-03-28 12:30:51,152 [INFO] src.pipeline — Processing 918062 ...
2026-03-28 12:30:51,175 [INFO] src.pipeline — Processing 920037 ...
2026-03-28 12:30:51,290 [INFO] src.pipeline — Processing 921230 ...
2026-03-28 12:30:51,371 [INFO] src.pipeline — Processing 930107 ...
2026-03-28 12:30:51,442 [INFO] src.pipeline — Processing 935156 ...
2026-03-28 12:30:51,505 [INFO] src.pipeline — Processing 938838 ...
2026-03-28 12:30:51,570 [INFO] src.pipeline — Processing 939546 ...
2026-03-28 12:30:51,645 [INFO] src.pipeline — Processing 945345 ...
2026-03-28 12:30:51,724 [INFO] src.pipeline — Processing 952177 ...
2026-03-28 12:30:51,795 [INFO] src.pipeline — Processing 952641 ...
2026-03-28 12:30:51,866 [INFO] src.pipeline — Processing 953976 ...
2026-03-28 12:30:51,925 [INFO] src.pipeline — Processing 958460 ...
2026-03-28 12:30:51,995 [INFO] src.pipeline — Processing 958703 ...
2026-03-28 12:30:52,075 [INFO] src.pipeline — Processing 959843 ...
2026-03-28 12:30:52,153 [INFO] src.pipeline — Processing 960432 ...
2026-03-28 12:30:52,226 [INFO] src.pipeline — Processing 962566 ...
2026-03-28 12:30:52,296 [INFO] src.pipeline — Processing 964469 ...
2026-03-28 12:30:52,366 [INFO] src.pipeline — Processing 965217 ...
2026-03-28 12:30:52,428 [INFO] src.pipeline — Processing 967547 ...
2026-03-28 12:30:52,485 [INFO] src.pipeline — Processing 968556 ...
2026-03-28 12:30:52,565 [INFO] src.pipeline — Processing 969321 ...
2026-03-28 12:30:52,646 [INFO] src.pipeline — Processing 970649 ...
2026-03-28 12:30:52,719 [INFO] src.pipeline — Processing 972048 ...
2026-03-28 12:30:52,805 [INFO] src.pipeline — Processing 972330 ...
2026-03-28 12:30:52,875 [INFO] src.pipeline — Processing 972781 ...
2026-03-28 12:30:52,945 [INFO] src.pipeline — Processing 980284 ...
2026-03-28 12:30:53,018 [INFO] src.pipeline — Processing 982732 ...
2026-03-28 12:30:53,085 [INFO] src.pipeline — Processing 985814 ...
2026-03-28 12:30:53,160 [INFO] src.pipeline — Processing 991528 ...
2026-03-28 12:30:53,227 [INFO] src.pipeline — Processing 994065 ...
2026-03-28 12:30:53,285 [INFO] src.pipeline — Processing 994217 ...
2026-03-28 12:30:53,359 [INFO] src.pipeline — Processing 994515 ...
2026-03-28 12:30:53,415 [INFO] src.pipeline — Processing 998036 ...
2026-03-28 12:30:53,479 [INFO] src.pipeline — Processing 999474 ...
2026-03-28 12:30:53,550 [INFO] src.pipeline — Processing 1009874 ...
2026-03-28 12:30:53,615 [INFO] src.pipeline — Processing 1013884 ...
2026-03-28 12:30:53,679 [INFO] src.pipeline — Processing 1023925 ...
2026-03-28 12:30:53,745 [INFO] src.pipeline — Processing 1036640 ...
2026-03-28 12:30:53,806 [INFO] src.pipeline — Processing 1041375 ...
2026-03-28 12:30:53,878 [INFO] src.pipeline — Processing 1053511 ...
2026-03-28 12:30:53,935 [INFO] src.pipeline — Processing 1054733 ...
2026-03-28 12:30:54,001 [INFO] src.pipeline — Processing 1058085 ...
2026-03-28 12:30:54,069 [INFO] src.pipeline — Processing 1058605 ...
2026-03-28 12:30:54,145 [INFO] src.pipeline — Processing 1061898 ...
2026-03-28 12:30:54,212 [INFO] src.pipeline — Processing 1063368 ...
2026-03-28 12:30:54,285 [INFO] src.pipeline — Processing 1073253 ...
2026-03-28 12:30:54,360 [INFO] src.pipeline — Processing 1074787 ...
2026-03-28 12:30:54,425 [INFO] src.pipeline — Processing 1080968 ...
2026-03-28 12:30:54,506 [INFO] src.pipeline — Processing 1081032 ...
2026-03-28 12:30:54,585 [INFO] src.pipeline — Processing 1081338 ...
2026-03-28 12:30:54,655 [INFO] src.pipeline — Processing 1084994 ...
2026-03-28 12:30:54,729 [INFO] src.pipeline — Processing 1085203 ...
2026-03-28 12:30:54,800 [INFO] src.pipeline — Processing 1087704 ...
2026-03-28 12:30:54,879 [INFO] src.pipeline — Processing 1088175 ...
2026-03-28 12:30:54,945 [INFO] src.pipeline — Processing 1088261 ...
2026-03-28 12:30:55,025 [INFO] src.pipeline — Processing 1088796 ...
2026-03-28 12:30:55,095 [INFO] src.pipeline — Processing 1092237 ...
2026-03-28 12:30:55,165 [WARNING] src.pipeline — [1092237] PARTIAL: ['BEAT0_V1_J_POINT_LOW_CONFIDENCE', 'BEAT1_V1_J_POINT_LOW_CONFIDENCE', 'BEAT2_V1_J_POINT_LOW_CONFIDENCE', 'BEAT3_V1_J_POINT_LOW_CONFIDENCE', 'BEAT4_V1_J_POINT_LOW_CONFIDENCE', 'BEAT5_V1_J_POINT_LOW_CONFIDENCE', 'BEAT6_V1_J_POINT_LOW_CONFIDENCE', 'BEAT7_V1_J_POINT_LOW_CONFIDENCE', 'BEAT8_V1_J_POINT_LOW_CONFIDENCE']
2026-03-28 12:30:55,165 [INFO] src.pipeline — Processing 1093224 ...
2026-03-28 12:30:55,235 [INFO] src.pipeline — Processing 1096625 ...
2026-03-28 12:30:55,315 [INFO] src.pipeline — Processing 1097714 ...
2026-03-28 12:30:55,387 [INFO] src.pipeline — Processing 1098314 ...
2026-03-28 12:30:55,459 [INFO] src.pipeline — Processing 1099262 ...
2026-03-28 12:30:55,555 [INFO] src.pipeline — Processing 1102607 ...
2026-03-28 12:30:55,635 [INFO] src.pipeline — Processing 1103983 ...
2026-03-28 12:30:55,699 [INFO] src.pipeline — Processing 1106149 ...
2026-03-28 12:30:55,775 [INFO] src.pipeline — Processing 1112604 ...
2026-03-28 12:30:55,848 [INFO] src.pipeline — Processing 1117553 ...
2026-03-28 12:30:55,915 [INFO] src.pipeline — Processing 1118251 ...
2026-03-28 12:30:56,000 [INFO] src.pipeline — Processing 1121137 ...
2026-03-28 12:30:56,079 [INFO] src.pipeline — Processing 1122903 ...
2026-03-28 12:30:56,135 [INFO] src.pipeline — Processing 1124825 ...
2026-03-28 12:30:56,208 [INFO] src.pipeline — Processing 1124826 ...
2026-03-28 12:30:56,238 [INFO] src.pipeline — Processing 1128835 ...
2026-03-28 12:30:56,262 [INFO] src.pipeline — Processing 1134284 ...
2026-03-28 12:30:56,281 [INFO] src.pipeline — Processing 1135434 ...
2026-03-28 12:30:56,301 [INFO] src.pipeline — Processing 1138153 ...
2026-03-28 12:30:56,322 [INFO] src.pipeline — Processing 1141322 ...
2026-03-28 12:30:56,340 [INFO] src.pipeline — Processing 1142915 ...
2026-03-28 12:30:56,373 [INFO] src.pipeline — Processing 1145203 ...
2026-03-28 12:30:56,390 [INFO] src.pipeline — Processing 1146063 ...
2026-03-28 12:30:56,415 [INFO] src.pipeline — Processing 1147684 ...
2026-03-28 12:30:56,435 [INFO] src.pipeline — Processing 1148718 ...
2026-03-28 12:30:56,464 [INFO] src.pipeline — Processing 1152054 ...
2026-03-28 12:30:56,481 [INFO] src.pipeline — Processing 1157038 ...
2026-03-28 12:30:56,505 [INFO] src.pipeline — Processing 1160261 ...
2026-03-28 12:30:56,515 [INFO] src.pipeline — Processing 1165447 ...
2026-03-28 12:30:56,552 [INFO] src.pipeline — Processing 1165448 ...
2026-03-28 12:30:56,572 [INFO] src.pipeline — Processing 1169405 ...
2026-03-28 12:30:56,595 [INFO] src.pipeline — Processing 1172602 ...
2026-03-28 12:30:56,621 [INFO] src.pipeline — Processing 1176675 ...
2026-03-28 12:30:56,638 [INFO] src.pipeline — Processing 1177018 ...
2026-03-28 12:30:56,655 [INFO] src.pipeline — Processing 1180702 ...
2026-03-28 12:30:56,679 [INFO] src.pipeline — Processing 1183349 ...
2026-03-28 12:30:56,697 [INFO] src.pipeline — Processing 1184742 ...
2026-03-28 12:30:56,725 [INFO] src.pipeline — Processing 1187599 ...
2026-03-28 12:30:56,745 [INFO] src.pipeline — Processing 1188747 ...
2026-03-28 12:30:56,767 [INFO] src.pipeline — Processing 1190805 ...
2026-03-28 12:30:56,788 [INFO] src.pipeline — Processing 1191551 ...
2026-03-28 12:30:56,809 [INFO] src.pipeline — Processing 1191595 ...
2026-03-28 12:30:56,835 [INFO] src.pipeline — Processing 1192135 ...
2026-03-28 12:30:56,853 [INFO] src.pipeline — Processing 1192146 ...
2026-03-28 12:30:56,874 [INFO] src.pipeline — Processing 1192654 ...
2026-03-28 12:30:56,891 [INFO] src.pipeline — Processing 1197538 ...
2026-03-28 12:30:56,908 [INFO] src.pipeline — Processing 1199480 ...
2026-03-28 12:30:56,925 [INFO] src.pipeline — Processing 1199517 ...
2026-03-28 12:30:56,952 [INFO] src.pipeline — Processing 1199593 ...
2026-03-28 12:30:56,975 [INFO] src.pipeline — Processing 1202306 ...
2026-03-28 12:30:56,990 [INFO] src.pipeline — Processing 1207769 ...
2026-03-28 12:30:57,015 [INFO] src.pipeline — Processing 1207947 ...
2026-03-28 12:30:57,032 [INFO] src.pipeline — Processing 1214441 ...
2026-03-28 12:30:57,049 [INFO] src.pipeline — Processing 1220716 ...
2026-03-28 12:30:57,065 [INFO] src.pipeline — Processing 1221590 ...
2026-03-28 12:30:57,085 [INFO] src.pipeline — Processing 1223519 ...
2026-03-28 12:30:57,101 [INFO] src.pipeline — Processing 1224102 ...
2026-03-28 12:30:57,123 [INFO] src.pipeline — Processing 1228746 ...
2026-03-28 12:30:57,141 [INFO] src.pipeline — Processing 1230482 ...
2026-03-28 12:30:57,148 [ERROR] src.pipeline — [1230482] FAILED: TOO_FEW_VALID_BEATS:0
2026-03-28 12:30:57,148 [INFO] src.pipeline — Processing 1231339 ...
2026-03-28 12:30:57,164 [INFO] src.pipeline — Processing 1235674 ...
2026-03-28 12:30:57,180 [INFO] src.pipeline — Processing 1236012 ...
2026-03-28 12:30:57,198 [INFO] src.pipeline — Processing 1237748 ...
2026-03-28 12:30:57,215 [INFO] src.pipeline — Processing 1238446 ...
2026-03-28 12:30:57,228 [INFO] src.pipeline — Processing 1238671 ...
2026-03-28 12:30:57,245 [INFO] src.pipeline — Processing 1242678 ...
2026-03-28 12:30:57,269 [INFO] src.pipeline — Processing 1244867 ...
2026-03-28 12:30:57,285 [INFO] src.pipeline — Processing 1248576 ...
2026-03-28 12:30:57,300 [INFO] src.pipeline — Processing 1248611 ...
2026-03-28 12:30:57,316 [INFO] src.pipeline — Processing 1252288 ...
2026-03-28 12:30:57,335 [INFO] src.pipeline — Processing 1254062 ...
2026-03-28 12:30:57,345 [INFO] src.pipeline — Processing 1254171 ...
2026-03-28 12:30:57,365 [INFO] src.pipeline — Processing 1254267 ...
2026-03-28 12:30:57,385 [INFO] src.pipeline — Processing 1259391 ...
2026-03-28 12:30:57,395 [INFO] src.pipeline — Processing 1263008 ...
2026-03-28 12:30:57,416 [INFO] src.pipeline — Processing 1270798 ...
2026-03-28 12:30:57,435 [INFO] src.pipeline — Processing 1272319 ...
2026-03-28 12:30:57,455 [INFO] src.pipeline — Processing 1272821 ...
2026-03-28 12:30:57,473 [INFO] src.pipeline — Processing 1274776 ...
2026-03-28 12:30:57,485 [INFO] src.pipeline — Processing 1275329 ...
2026-03-28 12:30:57,505 [INFO] src.pipeline — Processing 1277374 ...
2026-03-28 12:30:57,525 [INFO] src.pipeline — Processing 1278746 ...
2026-03-28 12:30:57,542 [INFO] src.pipeline — Processing 1280588 ...
2026-03-28 12:30:57,555 [INFO] src.pipeline — Processing 1281380 ...
2026-03-28 12:30:57,575 [INFO] src.pipeline — Processing 1284182 ...
2026-03-28 12:30:57,591 [INFO] src.pipeline — Processing 1285404 ...
2026-03-28 12:30:57,615 [INFO] src.pipeline — Processing 1286512 ...
2026-03-28 12:30:57,628 [INFO] src.pipeline — Processing 1290629 ...
2026-03-28 12:30:57,647 [INFO] src.pipeline — Processing 1290807 ...
2026-03-28 12:30:57,675 [INFO] src.pipeline — Processing 1294540 ...
2026-03-28 12:30:57,694 [INFO] src.pipeline — Processing 1297151 ...
2026-03-28 12:30:57,705 [INFO] src.pipeline — Processing 1297765 ...
2026-03-28 12:30:57,725 [INFO] src.pipeline — Processing 1297767 ...
2026-03-28 12:30:57,745 [INFO] src.pipeline — Processing 1298469 ...
2026-03-28 12:30:57,755 [INFO] src.pipeline — Processing 1303729 ...
2026-03-28 12:30:57,777 [INFO] src.pipeline — Processing 1305051 ...
2026-03-28 12:30:57,785 [INFO] src.pipeline — Processing 1307673 ...
2026-03-28 12:30:57,817 [INFO] src.pipeline — Processing 1307716 ...
2026-03-28 12:30:57,836 [INFO] src.pipeline — Processing 1309300 ...
2026-03-28 12:30:57,845 [INFO] src.pipeline — Processing 1310052 ...
2026-03-28 12:30:57,865 [INFO] src.pipeline — Processing 1312303 ...
2026-03-28 12:30:57,889 [INFO] src.pipeline — Processing 1313974 ...
2026-03-28 12:30:57,905 [INFO] src.pipeline — Processing 1316784 ...
2026-03-28 12:30:57,918 [INFO] src.pipeline — Processing 1318568 ...
2026-03-28 12:30:57,935 [INFO] src.pipeline — Processing 1326991 ...
2026-03-28 12:30:57,961 [INFO] src.pipeline — Processing 1327775 ...
2026-03-28 12:30:57,975 [INFO] src.pipeline — Processing 1327784 ...
2026-03-28 12:30:57,995 [INFO] src.pipeline — Processing 1332388 ...
2026-03-28 12:30:58,015 [INFO] src.pipeline — Processing 1336243 ...
2026-03-28 12:30:58,029 [INFO] src.pipeline — Processing 1337461 ...
2026-03-28 12:30:58,045 [INFO] src.pipeline — Processing 1338772 ...
2026-03-28 12:30:58,065 [INFO] src.pipeline — Processing 1338780 ...
2026-03-28 12:30:58,088 [INFO] src.pipeline — Processing 1342979 ...
2026-03-28 12:30:58,105 [INFO] src.pipeline — Processing 1344639 ...
2026-03-28 12:30:58,119 [INFO] src.pipeline — Processing 1346727 ...
2026-03-28 12:30:58,140 [INFO] src.pipeline — Processing 1350930 ...
2026-03-28 12:30:58,155 [INFO] src.pipeline — Processing 1357325 ...
2026-03-28 12:30:58,175 [INFO] src.pipeline — Processing 1358245 ...
2026-03-28 12:30:58,188 [INFO] src.pipeline — Processing 1360656 ...
2026-03-28 12:30:58,205 [INFO] src.pipeline — Processing 1366050 ...
2026-03-28 12:30:58,225 [INFO] src.pipeline — Processing 1366637 ...
2026-03-28 12:30:58,245 [INFO] src.pipeline — Processing 1370418 ...
2026-03-28 12:30:58,255 [INFO] src.pipeline — Processing 1370819 ...
2026-03-28 12:30:58,275 [INFO] src.pipeline — Processing 1371132 ...
2026-03-28 12:30:58,299 [INFO] src.pipeline — Processing 1371554 ...
2026-03-28 12:30:58,316 [INFO] src.pipeline — Processing 1372180 ...
2026-03-28 12:30:58,337 [INFO] src.pipeline — Processing 1372181 ...
2026-03-28 12:30:58,346 [INFO] src.pipeline — Processing 1381534 ...
2026-03-28 12:30:58,375 [INFO] src.pipeline — Processing 1382112 ...
2026-03-28 12:30:58,393 [INFO] src.pipeline — Processing 1383335 ...
2026-03-28 12:30:58,405 [INFO] src.pipeline — Processing 1385747 ...
2026-03-28 12:30:58,429 [INFO] src.pipeline — Processing 1386698 ...
2026-03-28 12:30:58,445 [INFO] src.pipeline — Processing 1390489 ...
2026-03-28 12:30:58,461 [INFO] src.pipeline — Processing 1403173 ...
2026-03-28 12:30:58,477 [INFO] src.pipeline — Processing 1404688 ...
2026-03-28 12:30:58,493 [INFO] src.pipeline — Processing 1407660 ...
2026-03-28 12:30:58,505 [INFO] src.pipeline — Processing 1408290 ...
2026-03-28 12:30:58,525 [INFO] src.pipeline — Processing 1414022 ...
2026-03-28 12:30:58,547 [INFO] src.pipeline — Processing 1414967 ...
2026-03-28 12:30:58,565 [INFO] src.pipeline — Processing 1416483 ...
2026-03-28 12:30:58,575 [INFO] src.pipeline — Processing 1417008 ...
2026-03-28 12:30:58,597 [INFO] src.pipeline — Processing 1418000 ...
2026-03-28 12:30:58,623 [INFO] src.pipeline — Processing 1419825 ...
2026-03-28 12:30:58,635 [INFO] src.pipeline — Processing 1421261 ...
2026-03-28 12:30:58,655 [INFO] src.pipeline — Processing 1421316 ...
2026-03-28 12:30:58,680 [INFO] src.pipeline — Processing 1422523 ...
2026-03-28 12:30:58,695 [INFO] src.pipeline — Processing 1422770 ...
2026-03-28 12:30:58,715 [INFO] src.pipeline — Processing 1423789 ...
2026-03-28 12:30:58,733 [INFO] src.pipeline — Processing 1424148 ...
2026-03-28 12:30:58,754 [INFO] src.pipeline — Processing 1425960 ...
2026-03-28 12:30:58,775 [INFO] src.pipeline — Processing 1426919 ...
2026-03-28 12:30:58,788 [INFO] src.pipeline — Processing 2187085 ...
2026-03-28 12:30:58,805 [INFO] src.pipeline — Processing 2635972 ...
2026-03-28 12:30:58,825 [INFO] src.pipeline — Processing 3003692 ...
2026-03-28 12:30:58,849 [INFO] src.pipeline — Processing 3004284 ...
2026-03-28 12:30:58,865 [INFO] src.pipeline — Processing 3006598 ...
2026-03-28 12:30:58,875 [INFO] src.pipeline — Processing 3007664 ...
2026-03-28 12:30:58,895 [INFO] src.pipeline — Processing 3009538 ...
2026-03-28 12:30:58,909 [INFO] src.pipeline — Processing 3009950 ...
2026-03-28 12:30:58,930 [INFO] src.pipeline — Processing 3015438 ...
2026-03-28 12:30:58,945 [INFO] src.pipeline — Processing 3015440 ...
2026-03-28 12:30:58,960 [INFO] src.pipeline — Processing 3015449 ...
2026-03-28 12:30:58,978 [INFO] src.pipeline — Processing 3016396 ...
2026-03-28 12:30:58,995 [INFO] src.pipeline — Processing 3016401 ...
2026-03-28 12:30:59,015 [INFO] src.pipeline — Processing 3028930 ...
2026-03-28 12:30:59,025 [INFO] src.pipeline — Processing 3030937 ...
2026-03-28 12:30:59,045 [INFO] src.pipeline — Processing 3035210 ...
2026-03-28 12:30:59,069 [INFO] src.pipeline — Processing 3037390 ...
2026-03-28 12:30:59,085 [INFO] src.pipeline — Processing 3037617 ...
2026-03-28 12:30:59,105 [INFO] src.pipeline — Processing 3043155 ...
2026-03-28 12:30:59,123 [INFO] src.pipeline — Processing 3044775 ...
2026-03-28 12:30:59,142 [INFO] src.pipeline — Processing 3045053 ...
2026-03-28 12:30:59,163 [INFO] src.pipeline — Processing 3045059 ...
2026-03-28 12:30:59,177 [INFO] src.pipeline — Processing 3045751 ...
2026-03-28 12:30:59,195 [INFO] src.pipeline — Processing 3058024 ...
2026-03-28 12:30:59,215 [INFO] src.pipeline — Processing 3058134 ...
2026-03-28 12:30:59,235 [INFO] src.pipeline — Processing 3062045 ...
2026-03-28 12:30:59,254 [INFO] src.pipeline — Processing 3064724 ...
2026-03-28 12:30:59,265 [INFO] src.pipeline — Processing 3065295 ...
2026-03-28 12:30:59,292 [INFO] src.pipeline — Processing 3067191 ...
2026-03-28 12:30:59,305 [INFO] src.pipeline — Processing 3067196 ...
2026-03-28 12:30:59,331 [INFO] src.pipeline — Processing 3071151 ...
2026-03-28 12:30:59,352 [INFO] src.pipeline — Processing 3072833 ...
2026-03-28 12:30:59,365 [INFO] src.pipeline — Processing 3072836 ...
2026-03-28 12:30:59,398 [INFO] src.pipeline — Processing 3073346 ...
2026-03-28 12:30:59,412 [INFO] src.pipeline — Processing 3074751 ...
2026-03-28 12:30:59,425 [INFO] src.pipeline — Processing 3075260 ...
2026-03-28 12:30:59,445 [INFO] src.pipeline — Processing 3080118 ...
2026-03-28 12:30:59,464 [INFO] src.pipeline — Processing 3080186 ...
2026-03-28 12:30:59,477 [INFO] src.pipeline — Processing 3092472 ...
2026-03-28 12:30:59,498 [INFO] src.pipeline — Processing 3093924 ...
2026-03-28 12:30:59,519 [INFO] src.pipeline — Processing 3094047 ...
2026-03-28 12:30:59,535 [INFO] src.pipeline — Processing 3094049 ...
2026-03-28 12:30:59,555 [WARNING] src.pipeline — [3094049] PARTIAL: ['BEAT2_V1_J_POINT_LOW_CONFIDENCE', 'BEAT4_V1_J_POINT_LOW_CONFIDENCE', 'BEAT5_V1_J_POINT_LOW_CONFIDENCE', 'BEAT6_V1_J_POINT_LOW_CONFIDENCE', 'BEAT7_V1_J_POINT_LOW_CONFIDENCE']
2026-03-28 12:30:59,555 [INFO] src.pipeline — Processing 3095195 ...
2026-03-28 12:30:59,575 [INFO] src.pipeline — Processing 3095200 ...
2026-03-28 12:30:59,585 [INFO] src.pipeline — Processing 3096254 ...
2026-03-28 12:30:59,615 [INFO] src.pipeline — Processing 3099875 ...
2026-03-28 12:30:59,648 [INFO] src.pipeline — Processing 3101011 ...
2026-03-28 12:30:59,667 [INFO] src.pipeline — Processing 3110550 ...
2026-03-28 12:30:59,685 [INFO] src.pipeline — Processing 3113249 ...
2026-03-28 12:30:59,705 [INFO] src.pipeline — Processing 3114582 ...
2026-03-28 12:30:59,724 [INFO] src.pipeline — Processing 3118448 ...
2026-03-28 12:30:59,740 [INFO] src.pipeline — Processing 3128412 ...
2026-03-28 12:30:59,755 [INFO] src.pipeline — Processing 3128947 ...
2026-03-28 12:30:59,775 [INFO] src.pipeline — Processing 3128957 ...
2026-03-28 12:30:59,792 [INFO] src.pipeline — Processing 3133602 ...
2026-03-28 12:30:59,805 [INFO] src.pipeline — Processing 3136075 ...
2026-03-28 12:30:59,824 [INFO] src.pipeline — Processing 3138453 ...
2026-03-28 12:30:59,845 [INFO] src.pipeline — Processing 3139196 ...
2026-03-28 12:31:00,095 [INFO] src.pipeline — Pipeline complete. OK: 356 | PARTIAL: 5 | FAILED: 2
2026-03-28 12:31:00,147 [INFO] src.feature_store — Dropped 30 features with >50.0% missing
2026-03-28 12:31:00,175 [INFO] src.feature_store — Fold 0: train=(290, 652) | val=(73, 652)
2026-03-28 12:31:00,211 [INFO] src.feature_store — Fold 1: train=(290, 652) | val=(73, 652)
2026-03-28 12:31:00,245 [INFO] src.feature_store — Fold 2: train=(290, 652) | val=(73, 652)
2026-03-28 12:31:00,280 [INFO] src.feature_store — Fold 3: train=(291, 652) | val=(72, 652)
2026-03-28 12:31:00,311 [INFO] src.feature_store — Fold 4: train=(291, 652) | val=(72, 652)
2026-03-28 12:31:00,311 [INFO] src.feature_store — Scaled matrices exported to: outputs/features/scaled/
