patient_id,cnn_embed_0,cnn_embed_1,cnn_embed_2,cnn_embed_3,cnn_embed_4,cnn_embed_5,cnn_embed_6,cnn_embed_7,cnn_embed_8,cnn_embed_9,cnn_embed_10,cnn_embed_11,cnn_embed_12,cnn_embed_13,cnn_embed_14,cnn_embed_15,cnn_embed_16,cnn_embed_17,cnn_embed_18,cnn_embed_19,cnn_embed_20,cnn_embed_21,cnn_embed_22,cnn_embed_23,cnn_embed_24,cnn_embed_25,cnn_embed_26,cnn_embed_27,cnn_embed_28,cnn_embed_29,cnn_embed_30,cnn_embed_31,cnn_embed_32,cnn_embed_33,cnn_embed_34,cnn_embed_35,cnn_embed_36,cnn_embed_37,cnn_embed_38,cnn_embed_39,cnn_embed_40,cnn_embed_41,cnn_embed_42,cnn_embed_43,cnn_embed_44,cnn_embed_45,cnn_embed_46,cnn_embed_47,cnn_embed_48,cnn_embed_49,cnn_embed_50,cnn_embed_51,cnn_embed_52,cnn_embed_53,cnn_embed_54,cnn_embed_55,cnn_embed_56,cnn_embed_57,cnn_embed_58,cnn_embed_59,cnn_embed_60,cnn_embed_61,cnn_embed_62,cnn_embed_63
1009874,2.6018240451812744,0.0683145523071289,0.0,0.0,0.06658986955881119,0.06913415342569351,0.0,0.0,0.08101499080657959,0.06379782408475876,2.442660331726074,0.08103178441524506,0.07473444938659668,2.220536708831787,0.0922757238149643,0.0,0.0,0.07297790050506592,0.073920339345932,0.0793234184384346,2.3113064765930176,0.07570689916610718,2.6907973289489746,0.0657176598906517,2.9684882164001465,0.08302617073059082,0.09220863878726959,0.021960770711302757,0.06687171757221222,2.647740364074707,0.0,2.734835624694824,0.07266783714294434,2.8288941383361816,2.9952144622802734,2.3702471256256104,2.4198896884918213,0.05697876214981079,3.315615177154541,2.6671605110168457,0.013156893663108349,2.2621569633483887,0.0,0.05961950495839119,2.389098882675171,2.799015760421753,2.197662115097046,0.08502684533596039,0.0,0.08769185096025467,2.543485164642334,2.138927936553955,0.09234116971492767,2.723330497741699,2.2481632232666016,3.0210988521575928,2.2058229446411133,2.846661329269409,2.526397228240967,0.07098011672496796,0.0,0.07664817571640015,0.0,0.05073554068803787
1013884,0.46854180097579956,0.22160108387470245,0.9881450533866882,0.0,0.929369330406189,0.7205025553703308,0.06307206302881241,0.0,0.9477176666259766,0.8606346845626831,0.5171994566917419,0.24823005497455597,0.8042452931404114,0.6855979561805725,0.9948713183403015,0.36597195267677307,0.0,0.4887229800224304,0.6530522108078003,0.48198485374450684,0.05242254212498665,0.4185747504234314,0.23906338214874268,0.10865291208028793,0.019261933863162994,0.24824059009552002,0.3973824977874756,0.0,1.2321550846099854,0.0,0.4615517258644104,0.08217322081327438,1.1229941844940186,0.0,0.0,0.8185979127883911,0.45609062910079956,0.29373401403427124,0.257050096988678,0.4011237621307373,0.7406730651855469,0.07998913526535034,0.6067461967468262,0.10533954948186874,1.0933964252471924,0.6505515575408936,0.3505348265171051,0.0,1.120805025100708,0.9571396112442017,0.0,0.11363454908132553,0.22713570296764374,0.0,0.4008049964904785,0.255302757024765,0.9250506162643433,0.8375409841537476,0.0,0.7877257466316223,0.5566202998161316,0.030504291877150536,0.22816511988639832,0.9921253323554993
1023925,2.3061890602111816,2.379124879837036,0.0,0.0,2.0871193408966064,2.136357307434082,0.11764708906412125,2.0937256813049316,2.5026416778564453,1.9145500659942627,0.0,0.8203977942466736,1.6873129606246948,1.7170931100845337,0.0,0.0,0.0,2.099898099899292,2.947844982147217,0.0,2.0521678924560547,2.6041653156280518,0.0,0.0,0.0,1.4990813732147217,0.0,0.0,2.0934622287750244,0.0,0.0,0.0014625267358496785,0.0,2.1523265838623047,0.0,0.0,0.0,2.4965689182281494,1.7931309938430786,0.04701466113328934,1.819579005241394,1.6508814096450806,1.9460278749465942,2.2925496101379395,2.1360881328582764,0.0,0.0,0.0,2.2709600925445557,1.8988640308380127,0.0,0.0,2.15970516204834,0.9219337701797485,0.0,2.1796064376831055,0.0,0.0,0.0,0.0,0.0,1.9805011749267578,1.748461127281189,0.0
1036640,1.5252156257629395,0.6832498908042908,0.0,0.0,0.0,0.18293017148971558,0.0,0.0,0.0,0.0,0.4196854829788208,0.0,0.0,0.0,1.3910882472991943,0.25504615902900696,0.2974924147129059,0.0,0.0,0.0,0.0,0.6128567457199097,0.16932649910449982,1.0573010444641113,0.8922441005706787,0.0,1.0884156227111816,1.5202546119689941,1.356149435043335,0.0,0.0,1.5862221717834473,1.6701560020446777,0.0,0.0,0.8984034061431885,0.6945028901100159,0.0007938281050883234,0.3793625235557556,0.002894756617024541,0.0,0.0,1.603896975517273,0.369361937046051,0.0,0.0,0.41097167134284973,0.0,0.008658859878778458,0.4788781404495239,2.5945777893066406,0.5977811217308044,1.6074827909469604,1.085069179534912,1.4754931926727295,0.4652269780635834,2.0119829177856445,1.09518563747406,0.02151968516409397,0.6922862529754639,0.0,1.5317291021347046,0.0,0.0
1041375,0.8169831037521362,0.0,0.9452983736991882,0.0,0.5225435495376587,0.5788994431495667,0.00791947077959776,0.0,1.2819772958755493,1.3858121633529663,0.8488844037055969,0.6111634373664856,0.7774426341056824,0.5123654007911682,1.3562501668930054,0.11983074247837067,0.0,0.18164172768592834,0.3855830729007721,0.8216524124145508,0.05415691062808037,0.03255697339773178,0.7270316481590271,0.0037623329553753138,0.03631651774048805,0.03318927437067032,0.4705638587474823,0.0,1.588197946548462,0.0,0.6933903098106384,0.0,1.1573430299758911,0.0,0.0,0.9848452806472778,0.22554871439933777,0.34457525610923767,0.853110134601593,0.8137794733047485,1.027355432510376,0.1619492620229721,1.1718864440917969,0.09729672968387604,1.3423839807510376,1.231074333190918,0.16446006298065186,0.0,1.449420690536499,1.0037137269973755,0.0,0.5688812136650085,0.7317045331001282,0.0,0.06265927106142044,0.712069571018219,1.0032877922058105,0.983160674571991,0.0,1.1071697473526,0.5251991152763367,0.0,0.019236000254750252,1.1150344610214233
1053511,0.9829837083816528,0.17619159817695618,0.0,0.17844955623149872,0.18601718544960022,0.0,0.006502746604382992,0.07680663466453552,0.0,0.0,0.053360000252723694,0.04507727175951004,0.0997067391872406,0.10268687456846237,0.7646951675415039,0.0,0.1073944941163063,0.0,0.10147318243980408,0.0,0.08836639672517776,0.2190762162208557,0.7682835459709167,0.7484683394432068,0.8121006488800049,0.0,0.9733060598373413,0.8582336902618408,0.4459426999092102,0.04232510179281235,0.12007653713226318,0.8565307855606079,1.0520586967468262,0.0,0.02761225216090679,0.5310941934585571,0.42405641078948975,0.0074096242897212505,0.25589072704315186,0.0,0.0,0.10367752611637115,0.9120159149169922,0.10650920122861862,0.0,0.0,0.35001713037490845,0.0,0.3111625909805298,0.14416609704494476,1.4261326789855957,0.06293320655822754,1.2408744096755981,0.6055810451507568,1.0481963157653809,0.4960627853870392,1.455926775932312,0.4764886200428009,0.09008538722991943,0.19405460357666016,0.19279608130455017,0.6815253496170044,0.0,0.049880366772413254
1054733,0.005385728552937508,0.5579233765602112,0.016074592247605324,0.31030920147895813,0.09897571057081223,0.0,0.021347874775528908,0.07650265842676163,0.9027366042137146,1.275335431098938,0.006848337594419718,0.46288809180259705,0.002206358127295971,1.2662057876586914,0.0,0.011489714495837688,0.0,0.0,0.01721266470849514,0.0,0.3782915771007538,0.0,0.0,0.026865407824516296,0.0,1.0064077377319336,0.0,0.015062603168189526,0.02291107177734375,1.0863085985183716,0.0,0.0017877393402159214,0.0020624736789613962,0.1266130656003952,0.7500407695770264,0.0,0.563590943813324,1.116369605064392,0.7635379433631897,0.0,0.33530139923095703,1.117611050605774,0.6537060141563416,0.09628667682409286,0.0031599283684045076,0.11963265389204025,0.0,0.21292947232723236,0.01276847068220377,0.046407055109739304,1.1824477910995483,0.0,0.009386739693582058,0.8290100693702698,0.43297329545021057,1.0415300130844116,0.8108453154563904,0.04060295224189758,0.0,0.0,1.1718616485595703,1.0604444742202759,0.006184401456266642,1.2191060781478882
1058085,0.008068357594311237,0.8315426111221313,0.07093949615955353,0.17204022407531738,0.05329018458724022,0.002984317485243082,0.03105497732758522,0.08109778165817261,1.2908185720443726,1.0656349658966064,0.004888033494353294,1.0637990236282349,0.00604446092620492,1.4677213430404663,0.0,0.04651173576712608,0.01933201588690281,0.0,0.09528660774230957,0.26107868552207947,0.4332764148712158,0.0,0.10558135062456131,0.024916308000683784,0.0,1.236914038658142,0.0,0.028795503079891205,0.040503207594156265,0.8581374883651733,0.0,0.05983855575323105,0.0,0.07054438441991806,0.5423218607902527,0.0,0.5566228032112122,0.8659343123435974,1.1278345584869385,0.0,0.5141988396644592,0.9595390558242798,0.7309160828590393,0.0379449687898159,0.10559400171041489,0.18770329654216766,0.0,0.02404298260807991,0.011830081231892109,0.39035430550575256,1.1894094944000244,0.0,0.064909428358078,0.9055302143096924,0.5916398763656616,0.9402860403060913,0.9754493832588196,0.17777082324028015,0.0,0.16321566700935364,0.9689133167266846,1.3132355213165283,0.17065808176994324,1.1156344413757324
1058605,0.003625321201980114,1.0660163164138794,0.0,0.0,0.06124730408191681,0.0,0.0,0.0,1.43459153175354,1.5712733268737793,0.0,1.0902069807052612,0.0,1.982336163520813,0.0,0.0,0.0,0.0,0.0,0.23720017075538635,0.02064579352736473,0.0,0.0,0.0,0.0,1.4964228868484497,0.0,0.0,0.0,1.6546518802642822,0.0,0.0,0.0,0.0,1.089369297027588,0.0,0.39169737696647644,1.4788646697998047,1.4734631776809692,0.0,0.07474696636199951,1.375138759613037,1.2502461671829224,0.0,0.0,0.043150827288627625,0.0,0.3746706545352936,0.0,0.09435884654521942,1.674336552619934,0.0,0.0,1.463147521018982,0.5960420966148376,1.5901210308074951,1.1614691019058228,0.014864970929920673,0.0,0.0,1.3254579305648804,1.605557918548584,0.0,1.8410725593566895
1061898,3.2700345516204834,0.0,0.0,0.0,0.0,0.0,0.0,0.0830315575003624,0.0,0.0,3.0856244564056396,0.0,0.0,2.74104905128479,0.0,0.0,0.07371398061513901,0.0,0.0,0.0,3.2623071670532227,0.0,3.348261594772339,0.0,3.5598058700561523,0.0,0.0,0.08028937131166458,0.0,3.4972493648529053,0.0,3.681443452835083,0.0,3.762510061264038,3.6517627239227295,3.174912691116333,3.0944108963012695,0.0,4.223406791687012,3.550895929336548,0.0,2.6782350540161133,0.0,0.0,2.8035411834716797,3.0600764751434326,3.1360366344451904,0.0,0.0,0.0,3.4346554279327393,2.5333821773529053,0.0,3.2079923152923584,2.914968490600586,4.095736503601074,2.801431655883789,3.3247973918914795,3.126263380050659,0.0,0.0,0.0,0.0,0.0
1063368,3.3429129123687744,3.36028790473938,0.0,0.0,3.2561728954315186,3.1891443729400635,0.6183968782424927,3.0120275020599365,4.1671648025512695,2.938358783721924,0.0,1.213254690170288,2.592055559158325,2.6593751907348633,0.0,0.0,0.0,3.3299190998077393,4.6083855628967285,0.0,3.4949822425842285,3.9830358028411865,0.0,0.0,0.0,2.1499674320220947,0.0,0.0,2.7731990814208984,0.0,0.0,0.0,0.0,3.2432987689971924,0.0,0.0,0.0,3.912179946899414,2.6676442623138428,0.0,3.0164642333984375,2.1373798847198486,3.0625438690185547,3.1955204010009766,3.737802028656006,0.0,0.0,0.0,3.2356982231140137,2.9125592708587646,0.0,0.0,3.0272772312164307,1.791894555091858,0.0,3.1703476905822754,0.0,0.0,0.0,0.0,0.0,2.831491470336914,2.624549150466919,0.0
1073253,1.0965250730514526,0.20139238238334656,0.0,0.0,0.29753851890563965,0.0,0.0,0.0,0.0,0.0,0.31478676199913025,0.0,0.0,0.0,0.9219512939453125,0.008055539801716805,0.12674330174922943,0.0,0.0,0.0,0.0,0.1753852218389511,0.6825700998306274,0.8951731324195862,0.780479907989502,0.0,0.882079541683197,1.0761864185333252,0.6845175623893738,0.0,0.0,1.1816561222076416,1.2088041305541992,0.0,0.014625417068600655,0.512921154499054,0.5748345851898193,0.0,0.1407085806131363,0.0045844148844480515,0.0,0.0,1.1047966480255127,0.1181580126285553,0.0,0.0,0.4066283702850342,0.008084324188530445,0.3826393485069275,0.23166821897029877,1.6882143020629883,0.0,1.4523277282714844,0.718762218952179,0.9315726161003113,0.43261003494262695,1.5827423334121704,0.6211607456207275,0.03686690330505371,0.1156294122338295,0.044567231088876724,0.7508870363235474,0.0,0.0
1074787,1.3095602989196777,1.4490313529968262,0.0,0.07068721950054169,1.3139241933822632,1.1573293209075928,0.198471799492836,1.3285539150238037,1.4962375164031982,1.0635799169540405,0.12506327033042908,0.41570618748664856,0.8108595609664917,1.0074301958084106,0.0,0.0,0.17807315289974213,1.2353523969650269,1.5771785974502563,0.0,1.2868543863296509,1.4444369077682495,0.058987922966480255,0.0,0.0,1.015788197517395,0.0,0.015612944960594177,1.1740871667861938,0.0,0.24114614725112915,0.12329205125570297,0.0,1.5110112428665161,0.0,0.0,0.0,1.5330612659454346,1.163356065750122,0.21801705658435822,1.0996346473693848,1.148970365524292,1.0968711376190186,1.2699097394943237,1.2902475595474243,0.10384451597929001,0.06701456755399704,0.05214005708694458,1.3470789194107056,1.00345778465271,0.12689779698848724,0.20189951360225677,1.0750759840011597,0.24203889071941376,0.5933868885040283,1.473563313484192,0.5648460388183594,0.0,0.0,0.3555707037448883,0.0,1.1187477111816406,1.4552912712097168,0.0573163665831089
1080968,1.2618153095245361,0.0214175246655941,1.7248367071151733,0.0,1.3054364919662476,0.380856454372406,0.013052010908722878,0.0,1.439192771911621,1.5818356275558472,0.9736618399620056,0.5853553414344788,1.465640664100647,0.06739011406898499,1.328025221824646,0.42080119252204895,0.0,0.6327917575836182,0.4205443263053894,0.7622784972190857,0.3147590458393097,0.17449374496936798,1.1595029830932617,0.2992765009403229,0.2432405799627304,0.17935308814048767,0.9350295066833496,0.0,1.5879796743392944,0.0,1.170399785041809,0.10647983103990555,0.9783273935317993,0.0,0.0,0.9124391674995422,1.5909559726715088,1.1782366037368774,0.9331151247024536,1.0209959745407104,0.37505120038986206,0.4070003926753998,1.650848150253296,0.9013096690177917,1.2850192785263062,1.2439117431640625,1.1392700672149658,0.0,1.459120750427246,1.546238899230957,0.0,1.0667179822921753,0.8718975186347961,0.0,0.7742108106613159,0.8294578194618225,1.231084942817688,1.2261508703231812,0.0,1.3536629676818848,0.9489490389823914,0.0,0.26660314202308655,1.508642315864563
1081032,2.205460548400879,0.0,0.0,0.0,0.0,0.003942453768104315,0.0,0.0,0.0,0.0,2.1001782417297363,0.02959280274808407,0.0,2.054697036743164,0.0,0.0,0.0,0.0,0.0,0.0,1.8928542137145996,0.0030193342827260494,2.1090142726898193,0.0,2.1953930854797363,0.022033168002963066,0.0,0.013875823467969894,0.0037366587202996016,1.9583182334899902,0.0,2.341442584991455,0.0,2.2357583045959473,2.4259283542633057,1.9373383522033691,2.144497871398926,0.046243127435445786,2.5469648838043213,2.032142162322998,0.0,1.9157671928405762,0.0,0.0,1.832273006439209,2.269691228866577,1.6300737857818604,0.0268196240067482,0.0,0.04775763303041458,1.9345917701721191,1.7130770683288574,0.0,2.1674866676330566,1.5971964597702026,2.3556981086730957,1.8753280639648438,2.4515912532806396,2.1795592308044434,0.0,0.0,0.031828541308641434,0.0,0.0
1081338,1.3190950155258179,0.6967944502830505,0.0,0.0,0.0031647824216634035,0.006912791635841131,0.0,0.022929221391677856,0.0,0.0,0.3504102826118469,0.0,0.050741080194711685,0.0,1.1257721185684204,0.23871900141239166,0.27332761883735657,0.0,0.0019832986872643232,0.0,0.0,0.44188162684440613,0.20200450718402863,0.9136953353881836,0.7952978014945984,0.0,1.0636065006256104,1.3492908477783203,1.1042735576629639,0.022244209423661232,0.01187747623771429,1.345876693725586,1.433950424194336,0.0,0.0,0.5996626019477844,0.5668095946311951,0.057669222354888916,0.5272656679153442,0.0007639421382918954,0.0,0.0,1.4998351335525513,0.2193133682012558,0.0,0.0,0.3090372681617737,0.0,0.03579353913664818,0.6340504884719849,2.2635083198547363,0.5772213935852051,1.470703363418579,1.0634630918502808,1.4717553853988647,0.24612127244472504,1.6564379930496216,0.8081555366516113,0.015781616792082787,0.6047214865684509,0.0,1.136133074760437,0.0,0.0
1084994,0.0,0.0,0.0,0.9451209902763367,0.2778553366661072,0.0,0.0,0.668414831161499,0.0,0.0,0.5774274468421936,0.7152509093284607,1.3811755180358887,1.2751272916793823,0.02348635159432888,0.0,0.2789291739463806,0.0,0.8559582233428955,0.0,1.086068034172058,0.003685665549710393,0.6277294754981995,0.023670239374041557,0.09604296088218689,0.0,0.05596785619854927,0.0,0.024850768968462944,0.17107641696929932,1.2408870458602905,0.019764892756938934,0.006757291499525309,0.0,0.3039494454860687,0.011803321540355682,0.015079676173627377,0.0012730234302580357,0.6210587024688721,0.14262892305850983,0.0035460663493722677,1.0726019144058228,0.3372349441051483,0.5110459327697754,0.0,0.0,0.1095987930893898,0.0,0.7327818870544434,0.0,0.01809830032289028,0.0,0.04627189040184021,0.20428510010242462,0.3480905592441559,0.2075796127319336,0.1611866056919098,0.0,0.7895109057426453,0.0,0.5730544328689575,0.0,0.0,0.9130002856254578
1085203,0.45288652181625366,0.0733792632818222,1.0611554384231567,0.0,0.29137375950813293,0.5609071850776672,0.02100566029548645,0.013460046611726284,1.1308475732803345,1.1581499576568604,0.6059824824333191,0.7189317345619202,0.8799190521240234,0.46022099256515503,1.1218299865722656,0.2185230702161789,0.0,0.44439440965652466,0.6115382313728333,0.34378474950790405,0.11691749840974808,0.08068014681339264,0.7743625044822693,0.04120132699608803,0.008922911249101162,0.12659212946891785,0.4605182111263275,0.0,1.1159794330596924,0.0,0.8982171416282654,0.029028883203864098,1.0972243547439575,0.0,0.0,0.7774442434310913,0.22149643301963806,0.29984650015830994,0.23107211291790009,0.34749576449394226,0.7099112272262573,0.06385301798582077,1.0579603910446167,0.16463319957256317,1.0254340171813965,0.9857912063598633,0.10392969846725464,0.0,1.4884204864501953,1.0560693740844727,0.0,0.0898064449429512,0.3059447407722473,0.0,0.20657865703105927,0.6649158596992493,0.9332426190376282,1.1378387212753296,0.0,1.1548429727554321,0.6180853843688965,0.3205571174621582,0.08534711599349976,1.2463366985321045
1087704,0.8181447386741638,0.0,2.110461950302124,0.0,0.23552370071411133,0.896828293800354,0.024591274559497833,0.0,2.17569899559021,2.4907281398773193,1.1913772821426392,1.0834304094314575,1.7154812812805176,1.1836670637130737,2.03029203414917,0.0,0.0,0.8628582954406738,1.124261736869812,0.5611713528633118,0.0,0.0,0.7432685494422913,0.0,0.0,0.0,0.9704083800315857,0.0,2.555190324783325,0.0,1.5562307834625244,0.0,2.5291411876678467,0.0,0.0,1.3616188764572144,0.0,0.0016300658462569118,1.0529897212982178,0.889813244342804,1.4749336242675781,0.0,2.008145809173584,0.0,2.535874128341675,1.6710749864578247,0.0,0.0,2.798186779022217,1.9325480461120605,0.0,0.0,1.1651670932769775,0.01924380473792553,0.0,1.217042326927185,1.732781171798706,2.392979383468628,0.0,1.9124542474746704,1.1406551599502563,0.0,0.0,2.293325662612915
1088175,3.20125150680542,0.019726654514670372,0.0,0.0,0.0004527078417595476,0.019251737743616104,0.0,0.0,0.02474159747362137,0.007007727865129709,3.194671154022217,0.021121056750416756,0.023274054750800133,2.752603054046631,0.004461261443793774,0.0,0.0,0.013866097666323185,0.018223995342850685,0.004193553701043129,2.772480010986328,0.013234701007604599,3.2972095012664795,0.011846112087368965,3.2747066020965576,0.01568983681499958,0.026592012494802475,0.0,0.02395416609942913,2.925856351852417,0.0,3.463351249694824,0.013805417343974113,3.2937116622924805,3.557847023010254,3.031189441680908,2.8542838096618652,0.0032177327666431665,3.796264410018921,3.0653223991394043,0.004230695776641369,2.6308188438415527,0.0,0.004309496842324734,2.541823148727417,3.0569353103637695,2.4102725982666016,0.022510750219225883,0.0,0.03381221741437912,2.884915828704834,2.629136085510254,0.02288675308227539,3.049898624420166,2.518679618835449,3.8026857376098633,2.7345385551452637,3.214860439300537,3.1913247108459473,0.0,0.0,0.013461948372423649,0.0,0.0
1088261,1.0282480716705322,0.0,1.262810468673706,0.0,0.1093050092458725,0.5678635239601135,0.027237338945269585,0.004849230404943228,1.4943007230758667,1.6645148992538452,1.1223042011260986,1.0288444757461548,1.2258460521697998,1.0351313352584839,1.7032228708267212,0.0,0.0,0.74237060546875,0.9576692581176758,0.7561371922492981,0.0,0.0,1.0933516025543213,0.0,0.0,0.0,0.8190339803695679,0.0,1.748919129371643,0.0,1.367285966873169,0.0,2.051579475402832,0.0,0.0,1.2393889427185059,0.030573884025216103,0.06599128991365433,0.877385675907135,0.8697088956832886,1.5363328456878662,0.0,1.6717090606689453,0.0,1.7631462812423706,1.725908637046814,0.004209641832858324,0.0,1.9824793338775635,1.3692275285720825,0.0,0.0,0.7668821811676025,0.0,0.0,0.980112612247467,1.400734543800354,1.7985690832138062,0.0,1.5512123107910156,0.3375687599182129,0.016406528651714325,0.0,1.7704849243164062
1088796,0.5529994368553162,0.0541539303958416,0.7423636317253113,0.0,0.16538092494010925,0.6823714375495911,0.0,0.0029311676044017076,1.0402915477752686,0.8862140774726868,0.48030874133110046,0.7405499219894409,1.0268975496292114,0.6507003903388977,1.0734599828720093,0.16838812828063965,0.0,0.3920181691646576,0.6709930300712585,0.3436892628669739,0.035273123532533646,0.17531085014343262,0.7373982667922974,0.0077310907654464245,0.11952079087495804,0.03662945702672005,0.3228934109210968,0.0,1.1047801971435547,0.0,0.6319676637649536,0.1494240015745163,0.9543560147285461,0.0,0.0,0.7484974265098572,0.22673949599266052,0.23048469424247742,0.2343413084745407,0.40365710854530334,0.6674278378486633,0.16388580203056335,0.9171451926231384,0.049322813749313354,0.837662398815155,0.6793364882469177,0.15639719367027283,0.0,0.9856395721435547,0.6055885553359985,0.0,0.10790141671895981,0.4889759421348572,0.0,0.3770057260990143,0.7118287086486816,0.8995254635810852,0.9559258222579956,0.0,0.7952399849891663,0.5622845888137817,0.12414342910051346,0.06578648835420609,0.8829625248908997
1092237,0.5959738492965698,0.599682629108429,0.0,2.0916755199432373,0.0,0.14895272254943848,0.0,2.4590373039245605,0.0,0.0,0.9645379185676575,1.8716195821762085,3.4580507278442383,3.036881685256958,0.33845484256744385,0.0,0.6848425269126892,0.0,1.5873819589614868,0.0,1.5676177740097046,0.00013504258822649717,0.039817191660404205,0.38712260127067566,0.1054803729057312,0.0,0.14276142418384552,0.08502823114395142,0.017780862748622894,1.2017210721969604,2.863985300064087,0.16107085347175598,0.2909228503704071,0.0,1.6084266901016235,0.018386298790574074,0.26725777983665466,0.5536689162254333,1.5235280990600586,0.9126933217048645,0.0,2.1612730026245117,0.24132627248764038,0.30446434020996094,0.0,0.0,0.09398771077394485,0.0,0.5969570279121399,0.6953906416893005,1.308404564857483,0.2981070578098297,0.07038573175668716,0.0,0.1497369408607483,0.04500364884734154,0.020677631720900536,0.011415548622608185,2.4241552352905273,0.8024330139160156,2.1366775035858154,0.5422039031982422,0.0,1.3027883768081665
1093224,2.3733041286468506,0.0,0.0,0.0,0.0,0.0,0.0,0.0,0.0,0.0,2.6348695755004883,0.0,0.0,2.110520601272583,0.0,0.0,0.0,0.0,0.0,0.0,2.152182102203369,0.0,2.444549322128296,0.0,2.5344173908233643,0.0,0.0,0.02423882856965065,0.0,2.385868549346924,0.0,3.068140983581543,0.0,2.4732680320739746,2.700389862060547,2.6959357261657715,2.445091485977173,0.0,3.0761985778808594,2.589064598083496,0.0,2.2234132289886475,0.0,0.0,2.13142991065979,2.534677743911743,2.252424478530884,0.0,0.0,0.0,2.2907681465148926,2.2137231826782227,0.0,2.416369915008545,2.0193302631378174,2.9318718910217285,2.0436737537384033,2.8869404792785645,2.252408742904663,0.0,0.0,0.0,0.0,0.0
1096625,1.9965590238571167,1.9977670907974243,0.0,0.015246723778545856,1.8803125619888306,1.7621982097625732,0.011541771702468395,1.6437478065490723,2.123654365539551,1.58534574508667,0.002014134544879198,0.6660333275794983,1.5271697044372559,1.4097814559936523,0.0,0.0,0.011768139898777008,1.7064344882965088,2.5072975158691406,0.0,1.8676890134811401,2.2594313621520996,0.0,0.0,0.0,1.2809760570526123,0.0,0.005664072465151548,1.7782889604568481,0.0,0.03875906765460968,0.0633077546954155,0.0,1.8143665790557861,0.0,0.0,0.0,1.949103593826294,1.4235093593597412,0.2706102430820465,1.7298816442489624,1.4100526571273804,1.6573454141616821,1.9638640880584717,1.6252970695495605,0.009196912869811058,0.0,0.006178063806146383,1.9385812282562256,1.621225357055664,0.04215415567159653,0.024212412536144257,1.8379327058792114,0.8528734445571899,0.25262102484703064,1.8922982215881348,0.05217538774013519,0.0,0.0,0.024978773668408394,0.0,1.6869770288467407,1.4856853485107422,0.008936873637139797
1097714,0.9584959745407104,1.0415667295455933,0.0,0.09824486076831818,1.3630503416061401,1.4956303834915161,0.22558070719242096,1.0981014966964722,1.4627652168273926,1.3022230863571167,0.22725345194339752,0.5328661203384399,1.2376418113708496,1.0435301065444946,0.0,0.0,0.20855432748794556,1.184065580368042,1.7949614524841309,0.0,1.3714659214019775,1.4341260194778442,0.09603694081306458,0.0,0.0,0.8421850204467773,0.0,0.582654595375061,0.8975244760513306,0.0,0.5044976472854614,0.3357173502445221,0.0,1.251688838005066,0.0,0.0,0.0,1.5562374591827393,1.0171939134597778,0.5004439949989319,1.0863449573516846,0.8697741031646729,1.1802468299865723,1.3457539081573486,1.5682982206344604,0.222702294588089,0.040058255195617676,0.13497503101825714,1.269149899482727,1.030564308166504,0.10659115016460419,0.07505694031715393,1.3124639987945557,0.5624098181724548,0.6070955991744995,1.1378329992294312,0.8756178617477417,0.0,0.0,0.2738397717475891,0.0,0.962166428565979,1.1728184223175049,0.1791275292634964
1098314,0.02041098289191723,0.035237640142440796,0.002729942323639989,2.456653594970703,0.028597699478268623,0.04406178742647171,0.006691583897918463,0.01829998753964901,0.023703182116150856,0.045708753168582916,2.674689531326294,0.0,0.004745659418404102,0.06939520686864853,0.0,0.0,2.802546739578247,0.01288523431867361,0.02916101925075054,0.0,0.03163747116923332,0.00659801485016942,2.395354747772217,0.0,0.0,0.030096054077148438,0.0,2.909590005874634,0.022237123921513557,0.0,2.8391759395599365,1.2149293422698975,0.0,0.049338869750499725,0.0,0.0,0.0,0.018608558923006058,0.02230905182659626,2.874211549758911,0.011273739859461784,0.01806047186255455,0.027513375505805016,0.018613725900650024,0.028707683086395264,2.929426431655884,3.15885853767395,2.946061372756958,0.015572062693536282,0.026754362508654594,2.7429370880126953,2.6678929328918457,0.08107304573059082,0.010278037749230862,3.9579546451568604,0.0396510474383831,4.701286315917969,0.0,0.0,2.445016384124756,0.0,0.028703885152935982,0.03730267286300659,2.7223188877105713
1099262,0.0,0.5874947309494019,0.9434054493904114,0.4822198152542114,0.021230127662420273,0.8693220019340515,0.7589528560638428,0.5093252062797546,0.43958017230033875,0.3016570806503296,0.9270340800285339,0.20250199735164642,0.5990612506866455,0.49088695645332336,0.0,0.37433138489723206,0.019726429134607315,0.0,0.5290185213088989,0.14424613118171692,0.5536025762557983,0.0,0.6261066198348999,0.3354476988315582,0.0,0.6414631009101868,0.0,0.897786021232605,0.28663370013237,0.21695654094219208,0.0,0.8044189214706421,0.0,0.47189638018608093,0.10857722163200378,0.0,0.5734707117080688,0.5663800835609436,0.6407953500747681,0.0,0.13011038303375244,0.43201807141304016,0.25826025009155273,0.5446214079856873,0.9067179560661316,0.7842362523078918,0.0,0.0,0.5656942129135132,0.11924400925636292,0.6495794057846069,0.0,0.41509419679641724,0.35841262340545654,0.09443369507789612,0.2832421362400055,0.1302943378686905,0.5494136810302734,0.0,0.5948148965835571,0.8646610379219055,0.5226940512657166,0.6175979375839233,0.38164326548576355
1102607,0.0,0.28822314739227295,0.0,0.0,0.00420457124710083,0.0,0.047323402017354965,0.005875542294234037,0.8918631672859192,0.8351168036460876,0.0,0.8683566451072693,0.0,1.1230316162109375,0.0,0.02459992654621601,0.0,0.0,0.0294467993080616,0.03744522109627724,0.2680494487285614,0.00212836847640574,0.0,0.016836019232869148,0.0,0.7167685627937317,0.0,0.0,0.0,1.0962518453598022,0.0,0.0,0.020240573212504387,0.1562105268239975,0.9178513288497925,0.0,0.26421353220939636,1.1066900491714478,1.0487855672836304,0.0,0.34913718700408936,0.9810062050819397,1.0770885944366455,0.09354584664106369,0.0,0.14284667372703552,0.0,0.7349957823753357,0.013467462733387947,0.32895925641059875,1.03129243850708,0.0,0.0,1.2738773822784424,0.6059316992759705,0.9374720454216003,1.0803940296173096,0.0,0.0,0.0,0.7493967413902283,0.9014955759048462,0.0,1.1069753170013428
1103983,2.465686559677124,2.57608962059021,0.0,0.0,2.5822343826293945,2.6174676418304443,0.5378112196922302,2.363797187805176,3.287038564682007,2.305929660797119,0.0,0.7568638324737549,2.1019845008850098,2.138087272644043,0.0,0.0,0.0,2.4930419921875,3.733038902282715,0.0,2.8188226222991943,3.0780563354492188,0.0,0.0,0.0,1.5948166847229004,0.0,0.0,2.2839243412017822,0.0,0.0,0.0,0.0,2.4850807189941406,0.0,0.0,0.0,3.0028257369995117,1.817447304725647,0.0,2.410405397415161,1.8909491300582886,2.4318184852600098,2.4534566402435303,2.7950847148895264,0.0,0.0,0.0,2.752305746078491,2.115492343902588,0.0,0.0,2.274094581604004,1.1245064735412598,0.0,2.6069588661193848,0.0,0.0,0.0,0.0,0.0,2.366081953048706,1.856568455696106,0.0
1106149,2.121025323867798,1.7134286165237427,0.0,0.0007140000234358013,1.9877283573150635,2.1958444118499756,0.3502017557621002,1.7596464157104492,2.7250893115997314,1.7718602418899536,0.018296916037797928,0.13992343842983246,1.6145565509796143,1.6792614459991455,0.0,0.0,0.0011634116526693106,1.9865195751190186,3.152454137802124,0.0,2.0243403911590576,2.674825429916382,0.0,0.0,0.0,1.1681231260299683,0.0,0.27407145500183105,1.620563268661499,0.0,0.025480493903160095,0.15375564992427826,0.0,2.1239094734191895,0.0,0.0,0.0,2.4430878162384033,1.6579374074935913,0.15343280136585236,1.4193240404129028,1.7691681385040283,1.6800596714019775,1.9136486053466797,2.2213804721832275,0.004809866659343243,0.0,0.0,2.118347406387329,1.9539109468460083,0.05832359939813614,0.0,1.1652292013168335,0.0894506499171257,0.05081058666110039,1.966500163078308,0.09722305834293365,0.0,0.0,0.02871708571910858,0.0,2.207986354827881,1.7354129552841187,0.003348949830979109
1112604,0.0017950872424989939,0.5072725415229797,0.19696269929409027,0.09865669906139374,0.0,0.05849641188979149,0.24314089119434357,0.18769340217113495,0.6809806227684021,0.9839284420013428,0.10569646954536438,0.7224929928779602,0.0,1.2555843591690063,0.0,0.0,0.022121502086520195,0.0,0.2829561233520508,9.518448496237397e-05,0.2597872316837311,0.004547701682895422,0.017959440127015114,0.012138977646827698,0.0,1.1431413888931274,0.0,0.012974283657968044,0.00678617600351572,1.1681245565414429,0.0,0.02823452092707157,0.0,0.0,0.6008409261703491,0.0,0.38813701272010803,1.2311955690383911,0.9797345399856567,0.0,0.11116649955511093,1.0201817750930786,1.1708073616027832,0.14938004314899445,0.11514595150947571,0.32393020391464233,0.0,0.05182182043790817,0.1281416267156601,0.029717179015278816,1.0378834009170532,0.0,0.0,1.0633102655410767,0.6870154142379761,1.0251758098602295,0.8260805606842041,0.08689519762992859,0.0,0.07510431855916977,1.252612829208374,1.0140756368637085,0.050426971167325974,1.049390196800232
1117553,1.183727502822876,0.26415905356407166,0.0,0.0,0.2190127819776535,0.11309108138084412,0.0,0.0,0.7042854428291321,0.1244504451751709,1.2388743162155151,0.2079177349805832,0.2170676738023758,1.1361757516860962,0.2688063681125641,0.0,0.0,0.25104185938835144,0.07932344824075699,0.08179804682731628,0.9612398147583008,0.2146024852991104,0.9986360669136047,0.10257218033075333,1.4295110702514648,0.4881165325641632,0.12360028177499771,0.08721234649419785,0.08336947113275528,1.110107421875,0.0,1.3924509286880493,0.306752473115921,1.1754847764968872,1.1320549249649048,1.1496235132217407,1.0534601211547852,0.30739501118659973,1.4365102052688599,1.0959028005599976,0.0,1.0523194074630737,0.0,0.1819366067647934,1.375739574432373,1.0694663524627686,1.1946336030960083,0.4724067151546478,0.0,0.1737438440322876,1.0662904977798462,0.9292964935302734,0.45610857009887695,1.2700029611587524,0.8960776925086975,1.0707038640975952,1.134839415550232,1.471795916557312,1.2700486183166504,0.14355304837226868,0.0,0.31543856859207153,0.0,0.09405168145895004
1118251,0.0,1.5201443433761597,0.048789553344249725,0.008129125460982323,0.0,0.0,0.2119636833667755,0.0654921680688858,2.1498212814331055,1.7638702392578125,0.0,1.3742413520812988,0.0,2.758136510848999,0.0,0.0,0.2922228276729584,0.0,0.014198986813426018,0.4327995181083679,0.2266591638326645,0.0,0.0034224793780595064,0.0,0.0,2.103339433670044,0.09020483493804932,0.0,0.0,1.753063440322876,0.0,0.0,0.0,0.0,0.6467822790145874,0.0,1.1300941705703735,1.65205979347229,2.2373576164245605,0.0,0.1356705129146576,1.7005255222320557,1.5040072202682495,0.0,0.0499170683324337,0.06195554882287979,0.0,0.0,0.0,0.09239672124385834,2.20715594291687,0.0,0.0,1.957877516746521,0.9670886993408203,1.5511362552642822,0.973474383354187,0.8810096383094788,0.0,0.0,1.5939393043518066,2.278289794921875,0.005896665155887604,2.113487482070923
1121137,1.1718382835388184,0.9436953067779541,0.0,0.38623878359794617,0.9717261791229248,1.3579107522964478,0.36140015721321106,0.7951669096946716,1.29714834690094,0.9581461548805237,0.41173985600471497,0.2017177939414978,1.1126258373260498,0.7807222604751587,0.0,0.0,0.24825841188430786,0.9857349395751953,1.6904972791671753,0.0,0.8723482489585876,1.385546326637268,0.007878473959863186,0.0,0.0,0.6753140687942505,0.0,0.043899260461330414,0.9219579696655273,0.0,0.4425390362739563,0.5548201203346252,0.0,1.2591952085494995,0.0,0.0,0.0,1.3916680812835693,0.9820204377174377,0.4150453805923462,1.0271708965301514,1.1882156133651733,0.8038597702980042,1.1752026081085205,1.0211442708969116,0.2120959609746933,0.023146051913499832,0.027090098708868027,0.9855278730392456,1.1965502500534058,0.6660197973251343,0.18889634311199188,0.889346182346344,0.37939679622650146,0.8784580230712891,1.2102309465408325,1.0485323667526245,0.0,0.0,0.14523109793663025,0.0,1.0635827779769897,1.0409486293792725,0.042835358530282974
1122903,0.07500807195901871,0.007475774735212326,0.0,1.2169173955917358,0.04529433324933052,0.0,0.0,0.9193227291107178,0.0,0.0,0.5949480533599854,0.8752631545066833,1.4729175567626953,1.8704862594604492,0.05148392915725708,0.0,0.5051236748695374,0.0,1.0616215467453003,0.0,1.3469866514205933,0.0009421214344911277,0.13202346861362457,0.012885305099189281,0.06639046967029572,0.0,0.04710368439555168,0.0,0.14012129604816437,0.4213818311691284,1.5628104209899902,0.026181405410170555,0.04277774319052696,0.0,0.5856878757476807,0.04379558935761452,0.03471750393509865,0.0,0.8736228346824646,0.4510444700717926,0.007582813035696745,1.189365029335022,0.1814247965812683,0.5735465884208679,0.0,0.0,0.019750282168388367,0.0,0.7470903992652893,0.019280890002846718,0.2666414678096771,0.0019089902052655816,0.050672609359025955,0.15652714669704437,0.05965301766991615,0.12270166724920273,0.07441665232181549,0.023730412125587463,1.1658138036727905,0.0,0.7121664881706238,0.012483562342822552,0.0,0.9256896376609802
1124825,1.9835809469223022,1.0166151523590088,0.0,0.0,0.0,0.09873390197753906,0.0,0.001032710773870349,0.0,0.0,0.5085999369621277,0.0,0.03956079110503197,0.0,1.4091181755065918,0.3791738748550415,0.7902815937995911,0.0,0.0,0.0,0.0,0.4695129990577698,0.11547091603279114,0.869460940361023,1.0957071781158447,0.0,1.0097248554229736,1.8221522569656372,1.2926379442214966,0.0,0.0,1.3811036348342896,1.5782036781311035,0.0,0.0007900203345343471,0.752812922000885,1.1176035404205322,0.30588939785957336,0.4639519155025482,0.062260810285806656,0.0,0.0,1.484579086303711,0.06081828847527504,0.0,0.0,0.7553741931915283,0.0,0.0,0.7902487516403198,3.0152981281280518,0.6690706610679626,1.8077622652053833,1.0887411832809448,2.109924793243408,0.051256123930215836,2.1977810859680176,1.064382553100586,0.03338977321982384,0.6542321443557739,0.0,1.4778194427490234,0.0,0.025459153577685356
1124826,1.5290242433547974,0.564354419708252,0.0,0.004288067575544119,0.04436836019158363,0.03072674758732319,0.0,0.0,0.0,0.0,0.38883793354034424,0.0,0.0140013936907053,0.0,1.142231822013855,0.06719468533992767,0.37493088841438293,0.0,0.002467186190187931,0.0,0.01087917760014534,0.45346975326538086,0.5182845592498779,0.8197259306907654,1.0117754936218262,0.0,0.9793494939804077,1.3851193189620972,0.9326270818710327,0.02348119206726551,0.013045797124505043,1.0451080799102783,1.2968672513961792,0.0,0.0,0.8578138947486877,0.8704727292060852,0.0,0.19900871813297272,0.040206022560596466,0.008982165716588497,0.0,1.35773766040802,0.06950125098228455,0.0,0.0,0.4713776409626007,0.0,0.046144045889377594,0.6255319118499756,2.4779767990112305,0.3416220247745514,1.6301989555358887,1.0402659177780151,1.3845725059509277,0.15819492936134338,1.8208560943603516,0.9008992910385132,0.0,0.2883917987346649,0.0,1.1583905220031738,0.0,0.009930077940225601
1128835,1.150163173675537,0.47654128074645996,0.0,0.0,0.4154548645019531,0.5258910059928894,0.0,0.0,1.0183296203613281,0.4769977033138275,1.1267306804656982,0.578423261642456,0.8039401173591614,0.9689490795135498,0.5749788880348206,0.0,0.0,0.5050979256629944,0.4566887617111206,0.49409374594688416,0.6275816559791565,0.5419562458992004,0.7394335269927979,0.5632078051567078,1.2815293073654175,0.5744703412055969,0.7826264500617981,0.046097736805677414,0.42551589012145996,0.8698609471321106,0.0,1.1185299158096313,0.7248843312263489,0.8992688059806824,1.0441783666610718,0.6896045804023743,0.8387824892997742,0.6885926723480225,1.0144140720367432,0.8903579711914062,0.0,0.7931318283081055,0.0,0.5173971056938171,0.887827455997467,0.7883498668670654,0.7131687998771667,0.8392713069915771,0.0,0.7198105454444885,0.7656638026237488,1.0320415496826172,0.8541264533996582,0.8104138374328613,0.77449631690979,1.1804412603378296,0.8893186450004578,1.5894051790237427,0.7625908851623535,0.4546271562576294,0.0,0.7588998675346375,0.0,0.49671176075935364
1134284,1.3327587842941284,0.4354764223098755,0.0,0.0,0.2967391908168793,0.28911933302879333,0.0,0.0,0.6436231136322021,0.2766965925693512,1.8358296155929565,0.0689307227730751,0.1918550580739975,1.4563966989517212,0.13824404776096344,0.0,0.0,0.42343899607658386,0.22179937362670898,0.30426791310310364,1.130853533744812,0.18015916645526886,1.4775004386901855,0.40756961703300476,2.165684461593628,0.09891623258590698,0.16074463725090027,0.04008803889155388,0.05569799244403839,1.84455144405365,0.0,1.8369301557540894,0.3329739570617676,1.7435389757156372,1.7459498643875122,1.063283085823059,0.971165657043457,0.29407182335853577,1.918004035949707,1.3140172958374023,0.0,1.1688768863677979,0.0,0.2791209816932678,1.566666603088379,1.6024211645126343,1.1625468730926514,0.39240679144859314,0.0,0.21890901029109955,1.6926616430282593,1.3985363245010376,0.34774306416511536,1.760943055152893,1.015021562576294,1.8793290853500366,1.5239378213882446,1.7478705644607544,1.7880582809448242,0.048044826835393906,0.0,0.45926138758659363,0.0,0.0859285295009613
1135434,0.02445044368505478,0.5255274176597595,0.00046816281974315643,0.14650683104991913,0.0809607207775116,0.0,0.03584742546081543,0.05034820735454559,0.9645636677742004,0.9435247778892517,0.0006325819413177669,0.4517839252948761,0.016761042177677155,1.2884974479675293,0.0,0.027801083400845528,0.0,0.0,0.11123110353946686,0.06669440865516663,0.3109460175037384,0.002479505492374301,0.028963318094611168,0.02474961429834366,0.0,0.9543549418449402,0.0,0.020397746935486794,0.05277574434876442,0.9904820322990417,0.0,9.073971887119114e-05,0.0,0.03222131356596947,0.7291694283485413,0.0,0.43525514006614685,1.1678931713104248,0.9217812418937683,0.0,0.24108430743217468,0.9085578918457031,0.9796268939971924,0.07284007221460342,0.006590862292796373,0.13881434500217438,0.0,0.42517393827438354,0.00833437591791153,0.18000662326812744,1.0877500772476196,0.0,0.012698385864496231,0.8555958271026611,0.5060251355171204,0.9107163548469543,0.8766974210739136,0.0,0.0,0.015237018465995789,1.0869498252868652,0.9241495132446289,0.01360290590673685,0.917181134223938
1138153,0.012641170993447304,0.42025327682495117,0.0,0.19030146300792694,0.0427800789475441,0.0,0.012765500694513321,0.010827908292412758,0.8650942444801331,1.2083159685134888,0.0,0.6404622793197632,0.0,1.1711254119873047,0.0,0.0014230104861781001,0.0,0.0,0.03858225792646408,0.0,0.2493094503879547,0.0,0.0,0.03258083388209343,0.0,0.7435441613197327,0.0,0.0,0.0026565594598650932,1.1284098625183105,0.0,0.0,0.004684011917561293,0.149231418967247,0.697031557559967,0.0,0.31456252932548523,1.229250431060791,0.7752122282981873,0.0,0.17730751633644104,0.9934945702552795,0.890634298324585,0.10222513973712921,0.0,0.04937155172228813,0.0,0.18901868164539337,0.009082511067390442,0.2962392270565033,1.058708667755127,0.014698516577482224,0.0014784201048314571,1.083242654800415,0.7467986941337585,1.0469894409179688,0.9467663168907166,0.002666930668056011,0.0,0.0,0.77028888463974,0.9627189040184021,0.0,1.1572798490524292
1141322,0.8229607343673706,0.5635003447532654,0.0012168742250651121,0.0,0.43640702962875366,0.22151045501232147,0.0,0.0,0.7097259759902954,0.5846429467201233,1.4467037916183472,0.3523745834827423,0.6209118962287903,1.1684749126434326,0.19620443880558014,0.0,0.0,0.48411089181900024,0.3849332630634308,0.2741573452949524,1.2588107585906982,0.7681447267532349,1.1284739971160889,0.400996595621109,1.836986780166626,0.4470376968383789,0.38242703676223755,0.36920270323753357,0.1679987609386444,1.781919240951538,0.0,1.7692108154296875,0.6731663942337036,1.4812633991241455,1.5996397733688354,0.9674600958824158,0.9943931698799133,0.33437612652778625,2.252880573272705,1.2471787929534912,0.0,0.7229543924331665,0.0,0.27733102440834045,1.5151617527008057,1.3430814743041992,1.3196426630020142,0.7447378039360046,0.0,0.33844447135925293,1.6064211130142212,1.190138816833496,0.6050329804420471,1.4929755926132202,0.8602456450462341,1.8437083959579468,1.6775871515274048,1.4946719408035278,1.3462384939193726,0.0793774351477623,0.0,0.8399276733398438,0.0,0.7254753708839417
1142915,1.1576615571975708,1.5151121616363525,0.0,0.0021470864303410053,1.119816541671753,1.1873201131820679,0.0,1.1317555904388428,1.1579114198684692,0.9781615138053894,0.11488939821720123,0.24709834158420563,1.012763500213623,1.0707646608352661,0.0,0.0,0.2278536856174469,0.9774887561798096,1.477919340133667,0.0,1.0167887210845947,1.2854254245758057,0.04533720761537552,0.0,0.0,0.9612188935279846,0.0,0.2575204074382782,0.9062464237213135,0.0,0.20971600711345673,0.021112974733114243,0.0,0.9773817658424377,0.0,0.0,0.0,1.4359862804412842,0.8575950264930725,0.27679169178009033,0.8345542550086975,0.914359986782074,0.7916513085365295,1.0938680171966553,1.2957593202590942,0.05765543878078461,0.07541681826114655,0.17407459020614624,1.0869848728179932,1.0267856121063232,0.0419207364320755,0.1601400226354599,1.2839076519012451,0.21070212125778198,0.34540876746177673,1.223253846168518,0.121152862906456,0.0,0.0,0.13180506229400635,0.0,1.17300283908844,1.1931684017181396,0.02278939075767994
1145203,0.0068163503892719746,0.4615473747253418,0.2460395246744156,0.34386470913887024,0.041150517761707306,0.005409852135926485,0.12242943793535233,0.27140429615974426,0.7395606637001038,0.6354928612709045,0.05200175195932388,0.19997388124465942,0.0529630184173584,0.9508723616600037,0.0,0.09029356390237808,0.0,0.0,0.22891324758529663,0.0,0.4615453779697418,0.0,0.073433518409729,0.16961416602134705,0.0,0.778390109539032,0.0,0.09103253483772278,0.06866732239723206,0.6583693027496338,0.0,0.005245198030024767,0.0,0.07698222994804382,0.6550635695457458,0.0,0.5287575125694275,0.7739694118499756,0.7008252143859863,0.0,0.16610044240951538,0.8510155081748962,0.814552366733551,0.33798715472221375,0.005546535365283489,0.35360556840896606,0.0,0.3971763849258423,0.06803558021783829,0.043341197073459625,0.7997580170631409,0.0,0.019228247925639153,0.7167372107505798,0.3611479699611664,0.723116934299469,0.6150119304656982,0.0,0.0,0.05757007375359535,0.8375599384307861,0.6627312302589417,0.11302497237920761,0.8424980640411377
1146063,2.912771224975586,2.99139404296875,0.0,0.0,3.0092933177948,2.917973756790161,1.0741668939590454,2.636117458343506,3.772480010986328,2.485114812850952,0.0,0.7584123015403748,2.3444666862487793,2.0778567790985107,0.0,0.0,0.0,3.12985897064209,4.038533687591553,0.0,2.810778856277466,3.7141735553741455,0.0,0.0,0.0,1.7078075408935547,0.0,0.0,2.6483957767486572,0.0,0.0,0.006004782859236002,0.0,3.0539462566375732,0.0,0.0,0.0,3.639045476913452,2.6179702281951904,0.0,2.684147834777832,1.997596263885498,2.6444873809814453,3.1465728282928467,2.963027238845825,0.0,0.0,0.0,3.012549638748169,2.5548856258392334,0.0,0.0,2.619701623916626,1.0689067840576172,0.0,2.8979387283325195,0.0,0.0,0.0,0.0,0.0,2.8099896907806396,2.2914257049560547,0.0
1147684,0.01576976850628853,0.31368014216423035,0.5424327850341797,0.16595938801765442,0.07203959673643112,0.9808406829833984,0.6295743584632874,0.6580363512039185,0.7877220511436462,0.26884886622428894,1.0537950992584229,0.066328264772892,0.6628345847129822,0.1983816921710968,0.0,0.6467300653457642,0.0,0.0,0.6980346441268921,0.0,0.5588750839233398,0.0,0.5700773000717163,0.21798180043697357,0.0,0.5985585451126099,0.0,1.0653389692306519,0.8114103078842163,0.1097109317779541,0.0,0.7259878516197205,0.0,0.776362955570221,0.282457560300827,0.0,0.391530305147171,0.47114431858062744,0.32985538244247437,0.0,0.005170127376914024,0.19956667721271515,0.11304180324077606,0.6141265630722046,0.15557152032852173,0.31434494256973267,0.0,0.011090751737356186,0.6232230067253113,0.19397211074829102,0.7422663569450378,0.0,0.4895309805870056,0.1578887552022934,0.08017445355653763,0.19827388226985931,0.06680388748645782,0.32656022906303406,0.0,0.7743330001831055,0.6756187677383423,0.5517863035202026,0.9093255400657654,0.35776790976524353
1148718,1.0633410215377808,1.4091942310333252,0.0,0.025482356548309326,0.99342942237854,1.2021712064743042,0.014904308132827282,1.1683833599090576,1.2510148286819458,1.1379472017288208,0.2685406506061554,0.3390512466430664,0.9419026970863342,1.2038267850875854,0.0,0.0,0.19780565798282623,1.0725852251052856,1.5141795873641968,0.0,1.1311455965042114,1.3104442358016968,0.05463115870952606,0.0,0.0,0.9140304923057556,0.0,0.16489335894584656,0.8026182055473328,0.0,0.2626699209213257,0.2517443299293518,0.0,1.0149738788604736,0.0,0.0,0.0,1.305254578590393,0.7406798601150513,0.5226290822029114,0.781592071056366,0.8923012018203735,0.9212972521781921,1.134259819984436,1.2552801370620728,0.06387665867805481,0.023751500993967056,0.1756027191877365,0.9722339510917664,1.0086020231246948,0.1606176197528839,0.2714706361293793,1.277074933052063,0.5455820560455322,0.45480599999427795,1.2067145109176636,0.3346729278564453,0.0,0.0,0.16372133791446686,0.0,0.9832053780555725,1.0673011541366577,0.11648273468017578
1152054,0.01938582956790924,2.1313748359680176,0.0,0.0,2.8987014293670654,1.2328332662582397,0.0,0.0,0.0,0.0,0.0,0.0,0.0,0.0,0.0,2.039240598678589,0.0,0.0,0.0,0.2626735270023346,3.338188648223877,3.583904981613159,0.0,3.5412280559539795,3.424301862716675,3.61845064163208,0.03686975687742233,0.0,0.0,0.0,0.0,2.6912972927093506,0.0,0.0,0.0,0.005131109617650509,2.259181261062622,2.0088651180267334,0.17602722346782684,0.17368724942207336,0.0,3.0502257347106934,0.0,2.915240526199341,0.0,0.00831774715334177,3.232901096343994,0.0,0.0,0.0,0.0,3.3110766410827637,0.016779854893684387,0.0,2.2639763355255127,0.007511408533900976,0.0,0.0,0.0,0.017761508002877235,0.0,0.06578854471445084,2.3116135597229004,0.0
1157038,0.08691930770874023,0.01694602146744728,0.6120567917823792,0.45496872067451477,0.13043083250522614,1.4488251209259033,0.7739512920379639,0.21622642874717712,0.2610522210597992,0.033956799656152725,1.1498013734817505,0.0,0.8914272785186768,0.010449868626892567,0.0,1.1123837232589722,0.0,0.0,0.7687593698501587,0.0,0.72896409034729,0.0,0.7436018586158752,0.682720422744751,0.0,0.131967231631279,0.0,1.2737650871276855,0.8983197808265686,0.05652875825762749,0.0,1.2063100337982178,0.0032351745758205652,0.8749462366104126,0.025664962828159332,0.0,0.21704159677028656,0.03141374513506889,0.1069851890206337,0.0,0.010210313834249973,0.08847502619028091,0.07299905270338058,0.7372255325317383,0.6079254746437073,0.6934288740158081,0.0,0.08618559688329697,1.0918470621109009,0.2125183492898941,0.13455812633037567,0.0,0.9552343487739563,0.026950759813189507,0.14704710245132446,0.042429860681295395,0.06981875002384186,0.189070463180542,0.0,0.8580465912818909,0.25427380204200745,0.037394117563962936,0.9708557724952698,0.07195492088794708
1160261,2.2721269130706787,0.00027805837453342974,0.0,0.0,0.0,0.0,0.0,0.0,0.01566125452518463,0.0,2.748946189880371,0.0,0.008661236613988876,2.54203200340271,0.002313287230208516,0.0,0.0,0.009128761477768421,0.0,0.0,2.2180190086364746,0.02735619619488716,2.196288824081421,0.0,2.6327927112579346,0.026458777487277985,0.0,0.10082923620939255,0.0,2.2511324882507324,0.0,3.0735361576080322,0.022835755720734596,2.7110202312469482,2.4560744762420654,2.346980094909668,2.6325957775115967,0.0,3.3543853759765625,2.624439001083374,0.0,2.1838722229003906,0.0,0.0,2.153707265853882,2.3310141563415527,2.3120412826538086,0.0,0.0,0.0,2.307260274887085,2.153557538986206,0.0034344394225627184,2.534656047821045,2.0476889610290527,2.9066214561462402,2.152916193008423,2.8440802097320557,2.423802614212036,0.0,5.8926154451910406e-05,0.027173936367034912,0.0,0.004505461547523737
1165447,0.5260454416275024,1.0625075101852417,0.0,0.0,1.115962266921997,0.783252477645874,0.0,0.001759490929543972,1.4329419136047363,1.132927656173706,0.4427309036254883,1.1632047891616821,1.040823221206665,0.3816700279712677,1.444193720817566,0.0,0.0,1.138704776763916,1.031115174293518,1.145871639251709,0.41078394651412964,0.9701162576675415,0.5111634731292725,0.9686826467514038,0.8063087463378906,1.1964458227157593,1.3837512731552124,0.08033726364374161,0.7644681930541992,0.5759259462356567,0.0,0.5397235155105591,1.5951554775238037,0.44033265113830566,0.5616588592529297,0.3459640443325043,0.3483720123767853,1.2051758766174316,0.6686095595359802,0.39324381947517395,0.0,0.46380844712257385,0.0,1.2042816877365112,0.5098253488540649,0.5827048420906067,0.4451857805252075,1.1354814767837524,0.0,1.0874223709106445,0.40725356340408325,0.28030991554260254,1.282761812210083,0.5433040857315063,0.32020530104637146,0.5768380761146545,0.7574049830436707,0.6274852752685547,0.6535844206809998,1.101624608039856,0.0,1.2108813524246216,0.0,1.1640245914459229
1165448,2.5609006881713867,0.0,0.0,0.0,0.0,0.0,0.0,0.0,0.0,0.0,2.7944397926330566,0.0,0.0,2.783344030380249,0.0,0.0,0.0,0.0,0.0,0.0,2.5050370693206787,0.0,2.6478261947631836,0.0006827400648035109,2.8413267135620117,0.0,0.0,0.1911773681640625,0.0,3.061086416244507,0.0,3.494027614593506,0.0,3.1585984230041504,2.9733686447143555,2.783449411392212,2.8710761070251465,0.0,3.7851223945617676,2.9251644611358643,0.0,2.4243524074554443,0.0,0.0,2.4187188148498535,3.0382096767425537,2.298449993133545,0.0,0.0,0.0,2.8865673542022705,2.3665261268615723,0.0,2.8473362922668457,2.3730580806732178,3.2799384593963623,2.404263734817505,2.9707958698272705,2.5235910415649414,0.0,0.0,0.007390917278826237,0.0,0.0
1169405,0.5282941460609436,0.07112032175064087,0.0,0.16315948963165283,0.26802265644073486,0.0,0.0,0.0,0.0,0.0,0.36226335167884827,0.0,0.1300911158323288,0.014640839770436287,0.5712211728096008,0.0,0.17958126962184906,0.0,0.13577747344970703,0.0,0.23401889204978943,0.34868544340133667,0.5194979310035706,0.7463446855545044,0.6906031966209412,0.0,0.6715087890625,0.46938785910606384,0.6580685377120972,0.0,0.03482339531183243,0.5456788539886475,0.916682243347168,0.0,0.0,0.15808258950710297,0.457805871963501,0.0,0.3564121127128601,0.11396431922912598,0.0,0.07850508391857147,0.8845646977424622,0.2488846778869629,0.0,0.0,0.39197447896003723,0.0,0.22354114055633545,0.1912224292755127,1.2741743326187134,0.20154261589050293,1.0559351444244385,0.6957905888557434,0.9022210240364075,0.03598060458898544,1.311782717704773,0.634770393371582,0.1905890256166458,0.10921292752027512,0.04087824746966362,0.5319238901138306,0.0,0.04807879775762558
1172602,0.8952974677085876,0.0,1.5338627099990845,0.0,0.14550583064556122,0.5394673943519592,0.05733086168766022,0.03225012123584747,1.8713659048080444,1.613970160484314,1.1807782649993896,0.995398998260498,1.3958970308303833,1.0972352027893066,1.8401399850845337,0.0,0.0,0.7175641655921936,0.7935693860054016,0.5321806073188782,0.0,0.0,1.0380065441131592,0.0,0.0,0.0,0.9026381373405457,0.0,1.9911227226257324,0.0,1.3702130317687988,0.0,2.1141088008880615,0.0,0.0,1.244248867034912,0.06134732440114021,0.11400411278009415,0.7379537224769592,0.6380662322044373,1.6349902153015137,0.0,1.726248860359192,0.0,1.7918833494186401,1.860202670097351,0.0,0.0,2.3481016159057617,1.7076225280761719,0.0,0.0,0.8174950480461121,0.0,0.0,1.058186411857605,1.5206958055496216,2.0247976779937744,0.0,1.9120668172836304,0.727122962474823,0.03255017474293709,0.0,1.934836983680725
1176675,0.002665600273758173,0.42748528718948364,0.06284850090742111,0.058535102754831314,0.05169156566262245,0.035280246287584305,0.0993935838341713,0.1723744422197342,1.045568823814392,0.8360575437545776,0.07426940649747849,0.4012283980846405,0.011217537336051464,1.2384402751922607,0.0,0.024267403408885002,0.035963136702775955,0.0,0.07593260705471039,0.007048934698104858,0.393851637840271,0.0,0.10238064080476761,0.0,0.0,1.5010560750961304,0.0,0.013536451384425163,0.02305298112332821,1.1613126993179321,0.0,0.019068151712417603,0.0021595424041152,0.025282053276896477,0.6565980315208435,0.0,0.5993871092796326,1.0217806100845337,1.0877550840377808,0.0,0.24571599066257477,1.031866192817688,1.0132054090499878,0.04703957214951515,0.10782485455274582,0.148452490568161,0.0,0.30097484588623047,0.03707641363143921,0.25181707739830017,0.6783666014671326,0.010131264105439186,0.059184979647397995,0.9902203679084778,0.5140013098716736,0.8283719420433044,0.9857929348945618,0.024476459249854088,0.0,0.04511648416519165,1.2186284065246582,1.1798930168151855,0.046357665210962296,1.1391339302062988
1177018,1.0071526765823364,0.22525618970394135,0.0,0.18979662656784058,0.1539999544620514,0.0,0.0,0.02271575666964054,0.0,0.0,0.2838342487812042,0.0026555925142019987,0.25165197253227234,0.031129593029618263,0.9092723727226257,0.0,0.46074092388153076,0.0,0.006574333179742098,0.0,0.006725149229168892,0.07555563747882843,0.6744707226753235,0.4138162434101105,0.58110511302948,0.0,0.8417568802833557,0.8421036601066589,0.6740090250968933,0.06253302097320557,0.11410892754793167,0.8003315925598145,1.0092374086380005,0.0,0.18523679673671722,0.4123079478740692,0.6277478337287903,0.1151929572224617,0.5152691602706909,0.08443798869848251,0.0,0.0330752395093441,0.9596640467643738,0.2695482075214386,0.0,0.0,0.21405328810214996,0.0,0.4647681415081024,0.17885100841522217,1.750101089477539,0.0,1.2403329610824585,0.6336942315101624,1.1141711473464966,0.21475137770175934,1.2065485715866089,0.47161462903022766,0.12575584650039673,0.0,0.10077022761106491,0.4899000823497772,0.0,0.06830994039773941
1180702,0.4224742650985718,0.002403863938525319,0.9820219278335571,0.0,0.29749372601509094,0.5731449127197266,0.0,0.27655115723609924,0.9143344163894653,1.3371751308441162,0.7541900277137756,0.7602822780609131,0.721892774105072,0.746328592300415,1.3221577405929565,0.020764444023370743,0.0,0.3820851147174835,0.3763720691204071,0.029356179758906364,0.061275091022253036,0.1584925651550293,0.8027954697608948,0.0,0.05721808224916458,0.031630806624889374,0.40822410583496094,0.0,1.204858660697937,0.0,0.7553800940513611,0.0353865809738636,1.6073760986328125,0.0,0.0,0.6752429604530334,0.16351383924484253,0.11291556805372238,0.2990594506263733,0.4162296652793884,0.9982414841651917,0.15292562544345856,0.9149326682090759,0.05672327056527138,1.0156666040420532,1.1692265272140503,0.08522094041109085,0.0,1.405407428741455,0.8205446600914001,0.0,0.02846701629459858,0.6501899361610413,0.0,0.0,0.664601743221283,1.3448237180709839,1.2234095335006714,0.0,1.011258602142334,0.3300642669200897,0.18623866140842438,0.007442464120686054,1.114835500717163
1183349,0.05709726735949516,1.1054168939590454,0.0,0.0009952883701771498,0.0,0.0,0.0,0.003200064180418849,1.752454400062561,1.5796629190444946,0.0,0.9350414276123047,0.0,2.016301155090332,0.0,0.0,0.0,0.0,0.0,0.13524113595485687,0.00027388331363908947,0.0002889361931011081,0.0,0.0,0.0,1.696012020111084,0.01748420111835003,0.0,0.0,1.474416732788086,0.0,0.0,0.0,0.0012695196783170104,0.8306995034217834,0.0,0.6059285998344421,1.563000202178955,1.3860589265823364,0.0,0.4442561864852905,1.620007038116455,1.1852680444717407,0.0,0.0,0.00012050149962306023,0.0,0.0,0.0,0.18107593059539795,1.7872904539108276,0.0,0.0,1.7175134420394897,0.8464877009391785,1.4179316759109497,1.3965145349502563,0.47694745659828186,0.0,0.0,1.2603532075881958,1.732262134552002,0.0,1.7978402376174927
1184742,1.913909912109375,0.5699870586395264,0.0,0.0,0.14371035993099213,0.024227898567914963,0.0,0.0,0.0,0.0,0.1522367149591446,0.0,0.008874274790287018,0.0,1.507750153541565,0.0417679138481617,0.5006689429283142,0.0,0.0,0.0,0.0,0.7759478688240051,0.7458868026733398,1.0770606994628906,1.3043012619018555,0.0,0.7338933348655701,0.7922558188438416,0.9655650854110718,0.011447212658822536,0.0,1.2761235237121582,1.6323862075805664,0.0,0.2204381674528122,0.8547992706298828,1.0468491315841675,0.0,0.4349838197231293,0.1173165887594223,0.0,0.0,1.4391711950302124,0.011488390155136585,0.0,0.0,0.8854833841323853,0.0,0.21849946677684784,0.4724348187446594,2.835317611694336,0.10699908435344696,1.7980676889419556,1.1064609289169312,1.5531741380691528,0.18955281376838684,2.250007152557373,0.9998222589492798,0.0,0.5237868428230286,0.014715846627950668,1.0914592742919922,0.0,0.0
1187599,2.469032049179077,2.4854071140289307,0.0,0.0,2.453704357147217,2.3536646366119385,0.13094551861286163,2.272061824798584,2.5704872608184814,1.8994555473327637,0.0,0.920248806476593,2.006932258605957,1.9172569513320923,0.0,0.0,0.0,2.2978715896606445,3.303921699523926,0.0,2.2781758308410645,2.8715264797210693,0.0,0.0,0.0,1.6369125843048096,0.0,0.0,2.114548444747925,0.0,0.0,0.009353400208055973,0.0,2.241685152053833,0.0,0.0,0.0,2.905047655105591,1.973534345626831,0.0053709279745817184,1.9374228715896606,1.8862826824188232,1.9016822576522827,2.461430549621582,2.4021146297454834,0.0,0.0,0.0,2.427736520767212,2.014458417892456,0.0,0.0,2.186572551727295,0.9368461966514587,0.005951364059001207,2.430093765258789,0.0,0.0,0.0,0.0,0.0,2.220860481262207,2.108672857284546,0.0
1188747,0.8478699326515198,0.007591297850012779,0.0,0.0015727137215435505,0.5963616967201233,0.0,0.0,0.0,0.0,0.0,0.4808327853679657,0.0,0.0024427117314189672,0.0,0.8128317594528198,0.0,0.0009201582870446146,0.0,0.0,0.0,0.0,0.2558657228946686,0.8946549296379089,0.5069483518600464,0.7130399942398071,0.0,1.0391167402267456,0.803744912147522,0.5653514266014099,0.005420006345957518,0.02751794084906578,0.8745406866073608,1.0227875709533691,0.0,0.0,0.5939227342605591,0.41955438256263733,0.0,0.11490754783153534,0.0,0.002041615080088377,0.0,1.1493232250213623,0.2833678424358368,0.0,0.0,0.5167008638381958,0.0,0.18723319470882416,0.22449418902397156,1.2290189266204834,0.0,1.2725436687469482,0.8495772480964661,1.0337989330291748,0.472971647977829,1.4711779356002808,0.4031662344932556,0.04421275481581688,0.004102800507098436,0.12193726003170013,0.5940757989883423,0.0,0.003285974031314254
1190805,1.031444787979126,1.1099014282226562,0.0,0.12111657112836838,1.2488430738449097,1.1924560070037842,0.003997260704636574,1.1371568441390991,1.1467407941818237,1.253937840461731,0.27896326780319214,0.4549998939037323,1.117879033088684,1.2344571352005005,0.0,0.0,0.26785925030708313,1.013630986213684,1.4716452360153198,0.0,1.171478271484375,1.241601824760437,0.15445588529109955,0.0,0.0,0.7454487085342407,0.0,0.6971873044967651,0.8860523700714111,0.0,0.5235329866409302,0.31241342425346375,0.0,0.9968652129173279,0.0,0.0,0.0,1.2057826519012451,0.7601077556610107,0.5409272313117981,0.9561102390289307,0.8116135001182556,0.9220161437988281,1.2497203350067139,1.200343370437622,0.19803915917873383,0.04590722545981407,0.15936703979969025,1.0128328800201416,1.072760820388794,0.07167065143585205,0.05081772431731224,0.9842771887779236,0.5365296602249146,0.7026528716087341,1.238548755645752,0.6742984652519226,0.0,0.0,0.4004345238208771,0.0,0.9421160221099854,1.1211978197097778,0.07318762689828873
1191551,1.9379920959472656,0.007821731269359589,0.0,0.0,0.0,0.038998402655124664,0.0,0.0,0.04287063330411911,0.013584746047854424,2.456620693206787,0.005182409659028053,0.0074693914502859116,2.0550050735473633,0.0,0.0,0.0,0.01989622227847576,0.0,0.0,1.5263417959213257,0.06061428412795067,2.3954880237579346,0.0,2.3502633571624756,0.06026163324713707,0.0,0.0,0.013574730604887009,2.5910050868988037,0.0,2.245558500289917,0.1041245087981224,2.310575008392334,2.5280892848968506,1.7651269435882568,2.131016969680786,0.006357738748192787,2.904911518096924,2.2042248249053955,0.0,1.8762600421905518,0.0,0.07596538960933685,1.6394603252410889,2.337618112564087,1.988378643989563,0.0607253760099411,0.0,0.0,2.339075803756714,1.964126706123352,0.0089690200984478,2.3757829666137695,1.6257832050323486,2.657076597213745,2.1776063442230225,2.819701910018921,2.5173323154449463,0.0,0.0,0.022624773904681206,0.0,0.018194325268268585
1191595,0.42083990573883057,1.0690605640411377,0.0,0.0,0.7881388664245605,0.90611732006073,0.0,0.003867942374199629,1.2988781929016113,0.9988296031951904,0.5347869396209717,0.9897601008415222,1.0092684030532837,0.35231152176856995,1.0698211193084717,0.0,0.0,1.0940531492233276,0.8960244059562683,1.0281639099121094,0.3101942837238312,0.9746952056884766,0.48758459091186523,0.853335440158844,0.5785109996795654,1.0916177034378052,1.2219103574752808,0.007869377732276917,0.9282228946685791,0.5741212368011475,0.0,0.6108843684196472,1.4930800199508667,0.4687206447124481,0.5593066215515137,0.39553314447402954,0.3497016727924347,1.1857430934906006,0.5746614933013916,0.4122200608253479,0.0,0.5256595015525818,0.0,1.0592209100723267,0.40620777010917664,0.4366973340511322,0.49887922406196594,1.007143497467041,0.0,1.1079565286636353,0.34486785531044006,0.39825528860092163,1.10422945022583,0.47396236658096313,0.32075121998786926,0.520595908164978,0.487360417842865,0.7311652302742004,0.4989829659461975,0.93525630235672,0.0,1.0976656675338745,0.0,0.9468858242034912
1192135,0.0,0.16665664315223694,0.5887226462364197,0.8656260371208191,0.02299167774617672,0.3237092196941376,0.3471720218658447,0.22328369319438934,0.6383821964263916,0.476977676153183,0.3681635558605194,0.12105361372232437,0.3029830753803253,0.6695067882537842,0.0,0.3827331066131592,0.0,0.0,0.24129162728786469,0.0,0.7863795161247253,0.0,0.2149403691291809,0.3418399393558502,0.0,0.44412103295326233,0.0,0.4625840485095978,0.13337695598602295,0.4777086079120636,0.0,0.3393428325653076,0.0,0.3490181863307953,0.21956174075603485,0.0,0.47923073172569275,0.6644338369369507,0.3151431977748871,0.0,0.019844772294163704,0.6242660880088806,0.40291181206703186,0.33337125182151794,0.3861710727214813,0.36305782198905945,0.0,0.022977245971560478,0.2837108075618744,0.14056718349456787,0.5571491122245789,0.0,0.14141719043254852,0.47260046005249023,0.5130872130393982,0.5791107416152954,0.4494427740573883,0.2257946878671646,0.0,0.3847956955432892,0.6844033598899841,0.5222282409667969,0.3290014863014221,0.5185709595680237
1192146,1.7309682369232178,0.3300780653953552,0.0,0.0,0.0941028743982315,0.015603048726916313,0.0,0.0,0.0,0.0,0.5249398350715637,0.0,0.0,0.0,1.3355125188827515,0.0,0.21227166056632996,0.0,0.0,0.0,0.0,0.44321736693382263,0.699832022190094,0.5165927410125732,1.0804506540298462,0.0,0.9582568407058716,1.226657748222351,1.486453652381897,0.18975301086902618,0.0,1.25146484375,1.741544485092163,0.0,0.048866309225559235,0.9014534950256348,0.7021588683128357,0.0,0.20428696274757385,0.0,0.0,0.0,1.7873071432113647,0.10101129859685898,0.0,0.0,0.2763683497905731,0.0,0.24885007739067078,0.6662799119949341,2.9102044105529785,0.04372527450323105,1.510834813117981,1.1986817121505737,1.6476787328720093,0.440565824508667,1.8768606185913086,0.6846469640731812,0.0,0.4978550374507904,0.0,1.2048633098602295,0.0,0.0
1192654,0.040572356432676315,0.8834969997406006,0.47146472334861755,0.010011227801442146,0.0,0.26071321964263916,0.3635461926460266,0.04538777843117714,0.8745449185371399,1.0150973796844482,0.5535891056060791,0.45327168703079224,0.16220320761203766,0.9292783141136169,0.0,0.099033884704113,0.06474757939577103,0.0,0.1900278478860855,0.21492396295070648,0.0353471040725708,0.03001464530825615,0.17002832889556885,0.0,0.0,0.9931640625,0.0,0.19698600471019745,0.2178768664598465,1.2169241905212402,0.0,0.07466941326856613,0.0,0.37147533893585205,0.096467524766922,0.0,0.6990991830825806,1.110044002532959,1.0010123252868652,0.0,0.21272405982017517,0.8118072152137756,1.083815574645996,0.05198397487401962,0.1539088636636734,0.5226786732673645,0.0,0.0,0.12509606778621674,0.22289122641086578,1.0885746479034424,0.0,0.10474911332130432,0.7969957590103149,0.347501277923584,0.7608594298362732,0.891838788986206,0.47816202044487,0.0,0.29375115036964417,1.3646906614303589,1.128623127937317,0.37885361909866333,0.8473153710365295
1197538,0.38551822304725647,0.7342587113380432,0.13322395086288452,0.0,1.8100042343139648,0.7610566020011902,0.0,0.3206386864185333,0.3582332134246826,0.46532222628593445,0.02427118830382824,0.07650472968816757,0.4778992533683777,0.08606783300638199,0.5095945596694946,0.9801040887832642,0.0,0.15350623428821564,0.0955936461687088,0.09232743829488754,1.7958667278289795,2.152710199356079,0.2226482331752777,1.355076789855957,1.8523601293563843,1.9324347972869873,0.13682091236114502,0.0,0.16540321707725525,0.0,0.04711819067597389,1.091711163520813,0.30075374245643616,0.0,0.0,0.13749293982982635,1.1188794374465942,1.1115233898162842,0.46579819917678833,0.09149785339832306,0.2400694340467453,1.7667150497436523,0.3140091896057129,1.7315250635147095,0.8016365170478821,0.2827094495296478,1.9771445989608765,0.0031166095286607742,0.37127232551574707,0.22376571595668793,0.0,2.0268237590789795,0.2625584304332733,0.007034558802843094,1.4429748058319092,0.20124198496341705,0.07398731261491776,0.23434732854366302,0.0,0.40511539578437805,0.010224980302155018,0.0,0.789392352104187,0.09255696088075638
1199480,0.005672775208950043,0.0,0.0,1.3955096006393433,0.04377696290612221,0.0,0.0,1.1495732069015503,0.0,0.0,0.5900595784187317,1.0877596139907837,1.738420844078064,1.837082028388977,0.013729926198720932,0.0,0.16252441704273224,0.0,1.1773695945739746,0.0,1.2913631200790405,0.015085670165717602,0.1557607501745224,0.0,0.028930818662047386,0.0,0.012904882431030273,0.0,0.022100180387496948,0.19408302009105682,1.646396279335022,0.0,0.015918700024485588,0.0,0.46720370650291443,0.023082761093974113,0.00907584186643362,0.0,0.8669366240501404,0.46254590153694153,0.0,1.4958244562149048,0.1289188265800476,0.5890790224075317,0.0,0.0,0.00821980182081461,0.0,0.8432411551475525,0.0,0.03549812734127045,0.0,0.0,0.09983935207128525,0.06836266070604324,0.16472257673740387,0.029054852202534676,0.0,1.1620641946792603,0.0,0.6378993988037109,0.0,0.0,0.9971107840538025
1199517,1.9614986181259155,1.426661729812622,0.0,0.1993410289287567,1.4460666179656982,1.572327733039856,0.852252721786499,1.1064468622207642,2.1267805099487305,1.6669539213180542,0.2774418294429779,0.6681290864944458,1.5049235820770264,1.1578139066696167,0.0,0.0,0.10799619555473328,1.9429354667663574,1.8667198419570923,0.0,2.1197702884674072,2.3945441246032715,0.14032991230487823,0.0,0.0,1.2901592254638672,0.0,0.24756018817424774,2.0765905380249023,0.0,0.4779042899608612,0.3577774167060852,0.0,2.2063074111938477,0.0,0.0,0.0,2.2003021240234375,1.5611332654953003,0.4488316774368286,1.766575574874878,1.3924641609191895,1.2096295356750488,1.9343148469924927,1.7436015605926514,0.13510659337043762,0.08605579286813736,0.0,1.6810262203216553,1.523579716682434,0.18450047075748444,0.013397540897130966,0.9642884135246277,0.5471402406692505,0.6159360408782959,2.0490198135375977,0.9651603698730469,0.0,0.0,0.16192804276943207,0.0,1.4607008695602417,1.5394675731658936,0.12673290073871613
1199593,1.7646524906158447,1.6915415525436401,0.0,0.11161196976900101,1.881483554840088,1.9332026243209839,0.3534078598022461,1.0795220136642456,1.7935888767242432,1.3620187044143677,0.21389640867710114,0.5990533232688904,1.3203861713409424,1.1260316371917725,0.0,0.0,0.15081553161144257,1.5262987613677979,1.9478768110275269,0.0,1.7113302946090698,2.452378511428833,0.12888965010643005,0.0,0.0,1.1147494316101074,0.0,0.28436076641082764,1.5008352994918823,0.0,0.3587765693664551,0.24256889522075653,0.0,1.9888854026794434,0.0,0.0,0.0,2.101344347000122,1.2478410005569458,0.8985218405723572,1.3720818758010864,1.3078572750091553,1.3346703052520752,1.6230199337005615,1.8347866535186768,0.07014257460832596,0.06620725989341736,0.06430293619632721,1.8382022380828857,1.5125315189361572,0.21824368834495544,0.04193834960460663,1.1638474464416504,0.43515923619270325,0.6519097089767456,1.8409234285354614,0.8187342882156372,0.0,0.0,0.19120168685913086,0.0,1.7064735889434814,1.4960384368896484,0.13887950778007507
1202306,1.7462468147277832,0.0,0.02073156088590622,0.0,0.0,0.03346964344382286,0.0,0.0,0.014271225780248642,0.005793983116745949,1.5818982124328613,0.0013516373001039028,0.00028902775375172496,1.694775104522705,0.0,0.0,0.0,0.011408590711653233,0.0,0.0,1.5022870302200317,0.015018895268440247,1.446150302886963,0.0,1.2598105669021606,0.044046297669410706,0.002151582622900605,0.06587757170200348,0.012137187644839287,1.2837673425674438,0.0,2.080181837081909,0.0,1.711888313293457,1.7448763847351074,1.5476001501083374,1.6195670366287231,0.0,1.5923821926116943,1.8028076887130737,0.0,1.3797422647476196,0.0,0.0,1.362422227859497,1.729331135749817,1.4323800802230835,0.010148543864488602,0.0,0.01790093630552292,1.3282930850982666,1.3135669231414795,0.01862463541328907,1.4508373737335205,1.4434338808059692,1.3846416473388672,0.9625669717788696,2.04415225982666,1.1829063892364502,0.0,0.0,0.003953306935727596,0.0,0.0
1207769,2.195359945297241,1.847570538520813,0.0,0.0,1.7448503971099854,2.1287567615509033,0.4567437171936035,1.7946432828903198,2.375427722930908,1.631545066833496,0.0,0.6207608580589294,1.7944450378417969,1.3716460466384888,0.0,0.0,0.0,1.894900918006897,2.7828986644744873,0.0,1.9946954250335693,2.501970052719116,0.0,0.0,0.0,1.3547307252883911,0.0,0.0,1.6684859991073608,0.0,0.0,0.03404077887535095,0.0,2.1813879013061523,0.0,0.0,0.0,2.378652334213257,1.551261067390442,0.0,1.74980890750885,1.957498550415039,1.7508691549301147,2.01997709274292,2.002300977706909,0.0,0.0,0.0,1.7601784467697144,1.841591477394104,0.0,0.0,1.8742520809173584,0.9059520363807678,0.05384048447012901,2.4004085063934326,0.0,0.0,0.0,0.0023319178726524115,0.0,1.9103761911392212,1.8530704975128174,0.0
1207947,0.0,1.4514555931091309,0.07193700224161148,0.0,1.850108027458191,0.8795304894447327,0.0,0.002259079832583666,0.21032704412937164,0.0023113293573260307,0.04369407519698143,0.0,0.00469511142000556,0.019163327291607857,0.0,0.9803809523582458,0.0,0.015241861343383789,0.0,0.49889710545539856,1.9330334663391113,2.0778350830078125,0.0,2.045778274536133,2.0893795490264893,2.059858560562134,0.10380221158266068,0.00011909221939276904,0.0,0.0,0.0,1.4538041353225708,0.0,0.0,0.0,0.007209890987724066,1.0905284881591797,1.3599947690963745,0.4699319899082184,0.4619646966457367,0.10165922343730927,1.8950302600860596,0.11643669754266739,1.271262288093567,0.07679080218076706,0.03490487113595009,1.899215579032898,0.0,0.0007926232647150755,0.0010317887645214796,0.0,1.9588291645050049,0.024087293073534966,0.0,1.4318259954452515,0.024108560755848885,0.0,0.0,0.0,0.0022988137789070606,0.0,0.00538291921839118,1.185756802558899,0.012774884700775146
1214441,0.42797133326530457,0.0,0.0,0.09993558377027512,0.666420042514801,0.0,0.0,0.3584752082824707,0.0,0.0,0.4010656774044037,0.010884299874305725,0.24108009040355682,0.0322471484541893,0.5365583300590515,0.0,0.06159280613064766,0.0,0.06506707519292831,0.0,0.2376977950334549,0.32859930396080017,0.9368358254432678,0.5320674180984497,0.713369607925415,0.0,0.8606154322624207,0.31994885206222534,0.3904864490032196,0.2306252270936966,0.24134498834609985,0.5829864144325256,0.814323365688324,0.0,0.27513015270233154,0.18562477827072144,0.4520956575870514,0.0,0.26229843497276306,0.0847674086689949,0.01426288578659296,0.08274348825216293,1.0112916231155396,0.4135776460170746,0.0031922420021146536,0.0,0.4113290011882782,0.0,0.1618962287902832,0.03507162630558014,1.0727401971817017,0.0,0.8960059285163879,0.6270241141319275,0.8522173762321472,0.4211196005344391,0.983562707901001,0.11443102359771729,0.23225939273834229,0.008901496417820454,0.22237102687358856,0.3010925054550171,0.0,0.2956051826477051
1220716,1.2816451787948608,1.0316615104675293,0.0,0.533027708530426,1.1039528846740723,1.165981411933899,0.11165845394134521,0.8868913054466248,1.2085660696029663,0.8024650812149048,0.38726744055747986,0.2288547158241272,0.9320980906486511,0.85831618309021,0.0,0.0,0.6177571415901184,0.9755868315696716,1.3616135120391846,0.0,0.9839246273040771,1.5312285423278809,0.1524547040462494,0.0,0.0,0.8821331262588501,0.0,0.2147393375635147,0.9491379261016846,0.0,0.684492826461792,0.7667575478553772,0.0,1.2142834663391113,0.0,0.0,0.0,1.1765155792236328,0.8514114618301392,0.9460398554801941,0.8382405042648315,0.9911511540412903,1.1301995515823364,1.2512727975845337,1.0777798891067505,0.6910806894302368,0.35809996724128723,0.5689188838005066,1.004947543144226,0.7882642149925232,0.786479115486145,0.6725167036056519,1.0883442163467407,0.6942611932754517,1.5442125797271729,1.357406497001648,1.2896244525909424,0.0,0.0,0.5975452065467834,0.0,0.7642653584480286,1.0161164999008179,0.5130444169044495
1221590,0.0,0.10008224844932556,0.28173038363456726,0.3464736044406891,0.0460328608751297,0.3643356263637543,0.06572402268648148,0.18395139276981354,0.5304128527641296,0.5511544346809387,0.20709729194641113,0.19207821786403656,0.2603602409362793,0.47047796845436096,0.0,0.06253080815076828,0.0,0.0,0.13439087569713593,0.0,0.46940872073173523,0.0,0.3688748776912689,0.208687886595726,0.0,0.6019116640090942,0.0,0.15056605637073517,0.11167079955339432,0.7092068195343018,0.0,0.21842069923877716,0.0,0.25415852665901184,0.6409483551979065,0.0,0.4068009853363037,0.46112874150276184,0.3946188986301422,0.0,0.15878112614154816,0.64825040102005,0.5185348987579346,0.47226274013519287,0.05168793722987175,0.3331703245639801,0.0,0.5273374915122986,0.2207515388727188,0.0672355368733406,0.387564092874527,0.0,0.09943195432424545,0.5527871251106262,0.22249680757522583,0.5998449325561523,0.6050621867179871,0.0,0.0,0.17181384563446045,0.7687374949455261,0.44530296325683594,0.32367828488349915,0.6966057419776917
1223519,0.505709171295166,0.04925980418920517,0.8560459613800049,0.0,0.8578087091445923,0.7087530493736267,0.0,0.020558660849928856,0.9942821264266968,1.1903640031814575,0.6880492568016052,0.38706886768341064,0.5804893970489502,0.5136456489562988,1.014882206916809,0.04233148321509361,0.0,0.2711907923221588,0.47871285676956177,0.6515318155288696,0.1984839290380478,0.2962241470813751,0.36312785744667053,0.12234661728143692,0.11486506462097168,0.37887850403785706,0.43065401911735535,0.0,1.3039190769195557,0.0,0.595248281955719,0.05274541303515434,1.2399020195007324,0.0,0.0,0.7437295317649841,0.15241722762584686,0.20074814558029175,0.63114994764328,0.7006632685661316,0.8731779456138611,0.28879880905151367,0.5728662610054016,0.07569669932126999,1.1662346124649048,0.908206045627594,0.42405375838279724,0.0,1.269891619682312,0.7165786623954773,0.0,0.4259500205516815,0.40336844325065613,0.0,0.4292808473110199,0.4399486780166626,0.7537862658500671,0.8347181081771851,0.0,0.8446147441864014,0.14391283690929413,0.0,0.040916912257671356,0.9760091304779053
1224102,0.0,2.5535147190093994,0.0,0.0,2.932866096496582,2.2325472831726074,0.0,0.0,3.911916494369507,2.569901704788208,0.0,2.972175121307373,2.648509979248047,0.0,3.554741144180298,0.0,0.0,2.8753843307495117,2.9370224475860596,3.214313507080078,0.0,2.4449899196624756,0.0,2.4617278575897217,0.0013476816238835454,3.601449489593506,3.06129789352417,0.1898600161075592,2.4005987644195557,0.0,0.0,0.0,4.075261116027832,0.0,0.0,0.0,0.0,3.441446542739868,0.0,0.0,0.0,0.0,0.0,3.118215322494507,0.0,0.0,0.06659741699695587,3.064208507537842,0.0,3.125377655029297,0.0,0.0,3.4577674865722656,0.0,0.0,0.0,0.09086299687623978,0.0,0.0,2.64829421043396,0.0,2.7469072341918945,0.0,2.444040060043335
1228746,4.0251874923706055,0.0,0.0,0.0,0.0,0.0,0.0,0.0,0.0,0.0,4.102592945098877,0.0,0.0,3.6894524097442627,0.0,0.0,0.0,0.0,0.0,0.0,3.431533098220825,0.0,4.229182243347168,0.0,4.3324971199035645,0.0,0.0,0.0,0.0,4.2746968269348145,0.0,4.327833652496338,0.0,3.9071428775787354,4.865520000457764,3.704258918762207,4.105624675750732,0.0,4.964874744415283,4.151346683502197,0.017048977315425873,3.341139078140259,0.0,0.0,3.229335069656372,4.257093906402588,3.2684195041656494,0.0,0.0,0.0,4.143415927886963,3.591022491455078,0.0,4.2095112800598145,3.434842824935913,4.837521076202393,3.483408212661743,4.630782604217529,4.002779006958008,0.0,0.0,0.0,0.0,0.0
1230482,,,,,,,,,,,,,,,,,,,,,,,,,,,,,,,,,,,,,,,,,,,,,,,,,,,,,,,,,,,,,,,,
1231339,0.890271008014679,0.08065389841794968,0.0,0.031723685562610626,0.12364361435174942,0.009474467486143112,0.0,0.0,0.0,0.0,0.0030913176015019417,0.0,0.005875100381672382,0.0,1.0247684717178345,0.0007851248956285417,0.0886853039264679,0.0,0.0036898336838930845,0.0,0.0,0.19291535019874573,0.22097820043563843,0.7548543810844421,0.6018778681755066,0.0,1.0329235792160034,0.8847355246543884,0.680338978767395,0.0,0.004070258233696222,0.8843353390693665,1.032110571861267,0.0,0.0,0.36334294080734253,0.4959717094898224,0.0,0.42151832580566406,0.0,0.0,0.0676225870847702,0.9474533200263977,0.08828052133321762,0.0,0.0,0.364967942237854,0.0,0.09961781650781631,0.4041540324687958,1.478641152381897,0.17178700864315033,1.1304385662078857,0.6963043808937073,0.8396371603012085,0.27465108036994934,1.262498378753662,0.5048550963401794,0.08252255618572235,0.4174823462963104,0.012186205014586449,0.8787189722061157,0.0,0.0
1235674,0.33198484778404236,0.14498187601566315,0.7867570519447327,0.004259166773408651,0.08988913893699646,0.4398563802242279,0.18506591022014618,0.04947313293814659,0.8553929328918457,0.7924876809120178,0.2660863995552063,0.6760336756706238,0.6889845728874207,0.6632711291313171,0.9094884395599365,0.10827118903398514,0.0,0.3305293917655945,0.7708390951156616,0.11953813582658768,0.12360282242298126,0.16835226118564606,0.7430092096328735,0.024153247475624084,0.05129082873463631,0.08621293306350708,0.2582630515098572,0.0,0.9904887080192566,0.0,0.8079051971435547,0.16654375195503235,0.849748969078064,0.0,0.0,0.47157248854637146,0.11731509119272232,0.2459530532360077,0.01450253464281559,0.11429030448198318,0.6117339730262756,0.13367542624473572,0.7974356412887573,0.061098020523786545,0.6693112850189209,0.8393104076385498,0.07945023477077484,0.0,1.046849250793457,0.6844505071640015,0.0,0.10042649507522583,0.2431986778974533,0.0,0.05016392096877098,0.4641377329826355,0.8772464990615845,0.8458071947097778,0.0,0.8588787317276001,0.8399289846420288,0.2984107434749603,0.05002167820930481,1.088361144065857
1236012,2.608750343322754,0.053289737552404404,0.004584674257785082,0.0,0.028478361666202545,0.05692979320883751,0.0,0.0,0.052085909992456436,0.037971291691064835,2.5901215076446533,0.04057195410132408,0.043506696820259094,2.1747891902923584,0.04312172532081604,0.0,0.0,0.053625598549842834,0.052659422159194946,0.05141077935695648,2.2379298210144043,0.05010846629738808,2.385179281234741,0.024849846959114075,2.496405839920044,0.05298580229282379,0.05428071692585945,0.05819539353251457,0.055323462933301926,2.1966712474823,0.0,2.7315378189086914,0.033229272812604904,2.621899127960205,2.709458589553833,2.3095576763153076,2.248729944229126,0.03293558582663536,2.7970011234283447,2.299344301223755,0.0,2.2114357948303223,0.0,0.015899071469902992,2.0229783058166504,2.4284253120422363,1.9410523176193237,0.046036332845687866,0.0,0.05616195872426033,2.17940092086792,1.8875564336776733,0.061660971492528915,2.17073130607605,2.111685037612915,2.6975927352905273,1.9222384691238403,2.5743768215179443,2.510988473892212,0.022339269518852234,0.0,0.03947975113987923,0.0,0.009243160486221313
1237748,2.1421573162078857,0.0,0.0,0.0,0.0,0.0,0.0,0.0,0.0,0.0,2.7325990200042725,0.0,0.0019722115248441696,2.3369503021240234,0.0,0.0,0.0,0.0,0.0,0.0,2.094996452331543,0.0017218716675415635,2.203056573867798,0.0,2.654069423675537,0.0,0.0,0.11758410930633545,0.0032186098396778107,2.5464651584625244,0.0,3.0535621643066406,0.0,2.476184129714966,2.6640048027038574,2.0060479640960693,2.1611902713775635,0.0,3.0381524562835693,2.326805353164673,0.0,2.0851991176605225,0.0,0.0,2.4469573497772217,2.5278127193450928,1.8276991844177246,0.06505676358938217,0.0,0.0,2.3900530338287354,2.236985445022583,0.008816956542432308,2.3888142108917236,1.9102972745895386,2.6972062587738037,2.1080551147460938,2.7997968196868896,2.440864086151123,0.0,0.0,0.009168346412479877,0.0,0.0
1238446,0.23035728931427002,0.008960177190601826,0.35560381412506104,0.44206658005714417,0.1591760516166687,1.0772740840911865,0.5703089237213135,0.16286307573318481,0.4786575436592102,0.05763375759124756,0.7350794076919556,0.04327305406332016,0.716637134552002,0.13878071308135986,0.0,1.002850890159607,0.0,0.0,0.45351314544677734,0.0,0.8041378855705261,0.0,0.5385517477989197,0.3836459517478943,0.0,0.1270492672920227,0.0,0.7788938283920288,0.9618261456489563,0.0869896188378334,0.0,0.8010063171386719,0.02783448062837124,0.7054378986358643,0.06979940831661224,0.0,0.2568516731262207,0.14273414015769958,0.20825573801994324,0.0,0.12871012091636658,0.030996521934866905,0.1459384709596634,0.6106202006340027,0.2856147587299347,0.622096836566925,0.0,0.23889902234077454,1.1563665866851807,0.4179665446281433,0.09227888286113739,0.0,0.703519344329834,0.169393390417099,0.28482434153556824,0.017647717148065567,0.458179771900177,0.0,0.0,0.643487811088562,0.40470919013023376,0.1010495275259018,0.8163794279098511,0.07779742032289505
1238671,0.0,0.42114290595054626,0.11295558512210846,0.10460598021745682,0.000512387661729008,0.10799431800842285,0.16460023820400238,0.008742769248783588,0.9559561014175415,0.6462978720664978,0.15469327569007874,0.6088720560073853,0.04539119079709053,0.8765356540679932,0.0,0.1822005659341812,0.0,0.0,0.23913180828094482,0.14734669029712677,0.6219776272773743,0.024993164464831352,0.0974695235490799,0.013798635452985764,0.0,0.8846410512924194,0.0,0.1213541105389595,0.1136721819639206,0.5724528431892395,0.0,0.1055011972784996,0.0,0.2561395466327667,0.4471975564956665,0.0,0.4061829745769501,0.8533908128738403,0.8407936096191406,0.0,0.34343889355659485,0.8680624961853027,0.6076043844223022,0.14839410781860352,0.15622103214263916,0.16752241551876068,0.0,0.07206752151250839,0.08061204850673676,0.39325612783432007,0.8474393486976624,0.0,0.15969741344451904,0.5346255898475647,0.5791181921958923,0.7123763561248779,0.6995871663093567,0.048904288560152054,0.0,0.1359928697347641,0.7082768678665161,0.7043801546096802,0.0997944176197052,0.6499350666999817
1242678,2.2579619884490967,1.879750370979309,0.0,0.0,1.9998382329940796,2.2972333431243896,0.7230941653251648,1.6460214853286743,2.4402079582214355,1.600127100944519,0.0,0.6182301640510559,1.8936985731124878,1.3572903871536255,0.0,0.0,0.0,1.9771703481674194,2.6870405673980713,0.0,2.0854763984680176,2.431966781616211,0.0,0.0,0.0,1.2653509378433228,0.0,0.0,1.7254172563552856,0.0,0.0,0.4775375425815582,0.0,1.9778276681900024,0.0,0.0,0.0,2.5390989780426025,1.7702003717422485,0.0,1.778063416481018,1.707815170288086,1.5822381973266602,2.079360246658325,1.771127700805664,0.0,0.0,0.0,1.8100582361221313,1.6452579498291016,0.006310530472546816,0.0,1.5454206466674805,0.4952000081539154,0.0,2.334852457046509,0.0,0.0,0.0,0.00014128003385849297,0.0,2.1551096439361572,2.139173984527588,0.0
1244867,2.527005195617676,0.003986700903624296,0.0,0.0,0.017525918781757355,0.04485725238919258,0.0,0.0,0.1261676847934723,0.027826964855194092,4.028766632080078,0.06476838886737823,0.011490614153444767,3.762383222579956,0.0,0.0,0.0,0.0,0.0,0.0,2.461195945739746,0.15283672511577606,3.8057968616485596,0.07153193652629852,4.23504114151001,0.02946942113339901,0.0007590574095956981,0.03290610760450363,0.0019012646516785026,4.1006178855896,0.0,3.523207187652588,0.28907614946365356,3.496563673019409,3.858520030975342,2.5161709785461426,3.062307119369507,0.0,5.214208126068115,3.7946600914001465,0.0,3.114105224609375,0.0,0.04595782235264778,3.1741418838500977,3.7927722930908203,3.3962159156799316,0.28328433632850647,0.0,0.0355055071413517,4.15964412689209,3.107109785079956,0.09462134540081024,3.9476966857910156,2.662724018096924,4.526119232177734,3.8308708667755127,3.9995532035827637,4.238523483276367,0.0,0.0,0.00804079044610262,0.0,0.004336169455200434
1248576,0.8350885510444641,0.6034524440765381,0.0,0.0,0.3845500349998474,0.5396352410316467,0.0,0.03157871216535568,0.5789647698402405,0.41752925515174866,0.9741409420967102,0.4101402759552002,0.7613756060600281,0.7611848711967468,0.6588556170463562,0.0,0.0,0.752808153629303,0.5115077495574951,0.641003429889679,0.8534547686576843,0.7051898241043091,0.7892235517501831,0.6613200902938843,1.6141433715820312,0.6955429315567017,0.7446349859237671,0.19475682079792023,0.5032904744148254,1.619335412979126,0.0,1.2661405801773071,0.7946109771728516,1.2886641025543213,1.283238172531128,0.6223818063735962,0.7259057760238647,0.2269730567932129,1.4289307594299316,0.936011791229248,0.0,0.8040512800216675,0.0,0.5742807984352112,1.0778467655181885,0.9753640294075012,1.6765378713607788,0.7388908863067627,0.0,0.7355183362960815,1.0926897525787354,0.7679660320281982,0.3678653836250305,1.2793127298355103,0.8310630917549133,1.5086106061935425,1.2290352582931519,1.512818694114685,1.2567110061645508,0.30298277735710144,0.0,0.8580129742622375,0.0,0.2930757403373718
1248611,0.007814592681825161,0.5318981409072876,0.009149506688117981,0.10929009318351746,0.0,0.01747683249413967,0.2276456207036972,0.0018646047683432698,1.1450306177139282,0.8858093619346619,0.026425648480653763,0.6812277436256409,0.05085572227835655,1.0879788398742676,0.0,0.08952612429857254,0.01145984884351492,0.0,0.25693029165267944,0.1490890085697174,0.5690480470657349,0.04258900508284569,0.001634584623388946,0.004575509112328291,0.0,0.6812018156051636,0.0,0.00736876530572772,0.07223009318113327,0.7075483202934265,0.0,0.03415188565850258,0.0,0.15056106448173523,0.3010924160480499,0.0,0.5776090621948242,0.8660141229629517,0.7461353540420532,0.0,0.2134685069322586,0.9287338852882385,0.7230803966522217,0.02929939702153206,0.2539062201976776,0.010599087923765182,0.0,0.019254187121987343,0.04948561266064644,0.4356914758682251,0.7628133893013,0.0,0.06284666061401367,0.6333987712860107,0.5783627033233643,0.9390285015106201,0.8406602740287781,0.034133005887269974,0.0,0.06489701569080353,0.7953224778175354,0.7062895894050598,0.14274241030216217,0.8897585272789001
1252288,0.7336553335189819,0.0,1.0577785968780518,0.0,0.10860196501016617,0.5309868454933167,0.18220578134059906,0.0,1.2415708303451538,1.6113909482955933,0.8183707594871521,0.7729200124740601,1.03605055809021,0.7460971474647522,1.3919473886489868,0.029152844101190567,0.0,0.5108463168144226,0.7785214781761169,0.933778703212738,0.0,0.0,0.857695996761322,0.0,0.001915661385282874,0.001837541232816875,0.3267819583415985,0.0,1.5383700132369995,0.0,0.996427595615387,0.09117500483989716,1.072033166885376,0.0,0.0,0.8402267694473267,0.380481094121933,0.32606446743011475,0.465829074382782,0.8141171932220459,0.7439072132110596,0.1078459769487381,1.0689347982406616,0.0,1.1710783243179321,1.287268877029419,0.006579003296792507,0.0,1.4568536281585693,1.1050324440002441,0.0,0.15437451004981995,0.4003957509994507,0.0,0.04714619740843773,0.7758101224899292,1.067352294921875,1.072425127029419,0.0,1.1311830282211304,0.9083946943283081,0.0,0.021773599088191986,1.2818734645843506
1254062,0.6572496294975281,0.06407049298286438,1.17445969581604,0.0,0.2904714047908783,0.45306238532066345,0.05265873670578003,0.0013621916295960546,1.4746671915054321,1.3985828161239624,0.8590243458747864,0.6982622146606445,1.2025842666625977,0.7224488258361816,1.4455327987670898,0.08814329653978348,0.0,0.5853532552719116,0.7425166964530945,0.6163235902786255,0.02315894514322281,0.07532163709402084,0.8630590438842773,0.013900729827582836,0.12218537926673889,0.04681653901934624,0.6650628447532654,0.0,1.4139938354492188,0.0,0.936022937297821,0.12930865585803986,1.2857074737548828,0.0,0.0,1.0163600444793701,0.07603338360786438,0.16364686191082,0.5936345458030701,0.8951266407966614,1.1575437784194946,0.04461432993412018,1.5128532648086548,0.021346652880311012,1.0905468463897705,1.301477313041687,0.07689362019300461,0.0,1.501562476158142,0.9258962273597717,0.0,0.12064201384782791,0.8032222390174866,0.0,0.08673592656850815,0.6636596322059631,1.1728191375732422,1.5106617212295532,0.0,1.232981562614441,0.8048651218414307,0.018362751230597496,0.050419192761182785,1.3745676279067993
1254171,0.0,0.18421576917171478,0.0030756506603211164,0.022366732358932495,0.009733341634273529,0.0,0.03871579468250275,0.026741717010736465,0.7304229736328125,0.8325326442718506,0.0643216222524643,0.5617168545722961,0.005955239292234182,0.9174368381500244,0.0,0.025952452793717384,0.0,0.0,0.11528398096561432,0.0,0.36844146251678467,0.013096768409013748,0.01738334633409977,0.08967529982328415,0.0,0.8158246874809265,0.0,0.025759316980838776,0.03819514811038971,0.914596438407898,0.0,0.012222477234899998,0.0013762101298198104,0.11472183465957642,0.8407692909240723,0.0,0.24366047978401184,0.9452704191207886,0.631675124168396,0.0,0.2676648497581482,0.87667316198349,0.6930199265480042,0.2729829251766205,0.0,0.11836154013872147,0.0,0.714307963848114,0.05852462351322174,0.1827438622713089,0.6968207359313965,0.0,0.03342226520180702,0.9802446961402893,0.4530164301395416,0.9058396816253662,0.8275256156921387,0.0,0.0,0.0,0.8520359992980957,0.7972380518913269,0.01555132307112217,0.9354934096336365
1254267,1.0046030282974243,0.904257595539093,0.0,0.514895498752594,0.8766717314720154,1.1917592287063599,0.24713553488254547,1.0350128412246704,1.0670441389083862,1.0549099445343018,0.483777791261673,0.4378645122051239,0.8946710228919983,0.8066301345825195,0.0,0.0,0.4070359170436859,1.0746368169784546,1.2166354656219482,0.0,1.0558267831802368,1.3178545236587524,0.33450785279273987,0.0,0.0,0.6124158501625061,0.0,0.26343104243278503,0.9263908863067627,0.0,0.5118398666381836,0.6955523490905762,0.0,1.0697062015533447,0.0,0.0,0.0,1.4899874925613403,0.9782436490058899,0.6084703207015991,0.9539170861244202,0.9214567542076111,0.8999507427215576,1.1847912073135376,0.8678880333900452,0.360336571931839,0.30549922585487366,0.33766117691993713,0.8555541634559631,0.7419360280036926,0.5775036811828613,0.39062950015068054,0.8949187397956848,0.27510958909988403,0.8792979121208191,1.2373205423355103,1.3481653928756714,0.0,0.0,0.4907917082309723,0.0,0.8962469100952148,1.1380815505981445,0.328342467546463
1259391,0.0,0.7048417329788208,0.13063469529151917,0.5116422176361084,0.009250191040337086,0.004398728720843792,0.10445139557123184,0.355022132396698,0.9449472427368164,1.1274877786636353,0.026277167722582817,0.7354859113693237,0.006477324757725,1.0979875326156616,0.0,0.02147568389773369,0.0,0.0,0.18410372734069824,0.0104193901643157,0.4610251784324646,0.017989635467529297,0.02081807143986225,0.08374883234500885,0.0,0.8080018758773804,0.0,0.038578152656555176,0.024875029921531677,0.876994252204895,0.0,0.010252532549202442,0.0,0.15865576267242432,0.440346896648407,0.0,0.44367483258247375,1.1250474452972412,0.5818394422531128,0.0,0.20923081040382385,1.01249098777771,0.7722206711769104,0.22553189098834991,0.038803257048130035,0.1679213047027588,0.0,0.018239298835396767,0.021530840545892715,0.23409010469913483,1.1881123781204224,0.0,0.005934130400419235,0.8119557499885559,0.6967684030532837,0.8834664225578308,0.5618462562561035,0.2797732651233673,0.0,0.030997101217508316,0.9656845927238464,0.9782201647758484,0.036608707159757614,1.1003910303115845
1263008,0.0,0.4906298518180847,0.02161717228591442,0.3462209701538086,0.007287772372364998,0.003808377543464303,0.0026492299512028694,0.045480526983737946,1.0113030672073364,1.112686276435852,0.0,0.7193216681480408,0.0006421627476811409,1.3228212594985962,0.0,0.0,0.0,0.0,0.040275994688272476,0.0008625800837762654,0.3538981080055237,0.0,0.00046457385178655386,0.026148203760385513,0.0,0.8953457474708557,0.0,0.00840572640299797,0.0,1.0826010704040527,0.0,0.01102166436612606,0.0021967929787933826,0.03693139925599098,0.7490377426147461,0.0,0.37338608503341675,1.154935598373413,0.8087190389633179,0.0,0.328570693731308,1.268406629562378,0.7497917413711548,0.023007210344076157,0.015581676736474037,0.10364402830600739,0.0,0.21750034391880035,0.0014229959342628717,0.06567119061946869,1.1977849006652832,0.0,0.0,0.994107186794281,0.5286479592323303,1.1842156648635864,1.0136383771896362,0.04691178351640701,0.0,0.007117572706192732,1.0624276399612427,1.0966182947158813,0.014374311082065105,1.2142335176467896
1270798,0.002490345388650894,0.4634973108768463,0.010549478232860565,0.04433920979499817,0.08344299346208572,0.0,0.0475858710706234,0.0815347209572792,1.1218928098678589,0.8784920573234558,0.0,0.8473713994026184,0.0,1.2215912342071533,0.0,0.0019669379107654095,0.0,0.0,0.1729445606470108,0.17647749185562134,0.5973742008209229,0.10509909689426422,0.12597417831420898,0.0,0.0,0.9284132719039917,0.0,0.0,0.01277749054133892,0.864895224571228,0.0,0.0,0.0,0.05925311520695686,0.9217627644538879,0.0,0.38533201813697815,1.164416790008545,1.027819275856018,0.0,0.19671013951301575,1.072853446006775,0.8662199974060059,0.0,0.06535039097070694,0.014596177265048027,0.0,0.11082237958908081,0.07442548871040344,0.40114516019821167,1.2511521577835083,0.0,0.0,1.159144639968872,0.6982356905937195,0.890208899974823,1.076345682144165,0.0,0.0,0.0,1.002737283706665,0.9877240061759949,0.0,0.9703197479248047
1272319,1.1393288373947144,0.012154778465628624,2.0060839653015137,0.0,0.0025239204987883568,0.5377925038337708,0.3146892488002777,0.0,1.880332589149475,2.207251787185669,1.3573110103607178,1.2002949714660645,1.7167319059371948,0.914998471736908,2.0371310710906982,0.01160855870693922,0.0,0.8333730697631836,1.2519855499267578,0.9757758378982544,0.007065957877784967,0.005226440262049437,1.4546726942062378,0.0,0.007693168707191944,0.005734731443226337,0.9270442128181458,0.0,2.2978029251098633,0.0,1.5381741523742676,0.025938455015420914,1.8620922565460205,0.0,0.0,1.4285063743591309,0.16151396930217743,0.04207811877131462,0.6565985679626465,1.1889054775238037,1.2064812183380127,0.011428258381783962,1.7284116744995117,0.0008751422283239663,1.6532045602798462,1.9863497018814087,0.0,0.0,2.4906373023986816,1.7770898342132568,0.0,0.02297249622642994,0.6304647326469421,0.0,0.0,1.2488025426864624,1.3887921571731567,1.929179310798645,0.0,1.9848887920379639,1.3618477582931519,0.004545051138848066,0.022066958248615265,2.2562317848205566
1272821,1.067846417427063,0.2900574803352356,0.0,0.017385633662343025,0.0,0.00818292610347271,0.0,0.0,0.0,0.0,0.1606394499540329,0.0,0.038176219910383224,0.0,0.9097036123275757,0.01889568381011486,0.40909382700920105,0.0,0.0,0.0,0.014379501342773438,0.5107430219650269,0.36193132400512695,0.9615643620491028,0.7118681073188782,0.0,0.9716439843177795,1.0310018062591553,0.8928290605545044,0.07610594481229782,0.04227972403168678,1.0352113246917725,1.3520195484161377,0.0,0.04554895684123039,0.44140926003456116,0.566531777381897,0.03597954288125038,0.4600967466831207,0.009154696948826313,0.0,0.0017097548115998507,1.3188133239746094,0.209201842546463,0.0027956936974078417,0.0,0.45362287759780884,0.0,0.07376336306333542,0.4772522449493408,1.7004493474960327,0.3491465151309967,1.3821725845336914,0.7461544275283813,0.9811503291130066,0.07016187906265259,1.5939284563064575,0.6732712984085083,0.1532469093799591,0.21166279911994934,0.010969556868076324,1.0995895862579346,0.0,0.0
1274776,0.0,0.7104725241661072,0.09532102942466736,0.24985384941101074,0.0,0.0,0.1932040899991989,0.118954136967659,0.9399105310440063,0.9737449884414673,0.025651078671216965,0.5536453723907471,0.0,1.151094913482666,0.0,0.026883382350206375,0.0,0.0,0.04055754095315933,0.06669245660305023,0.378603994846344,0.03379302844405174,0.018466824665665627,0.18649180233478546,0.0,0.8819800615310669,0.0,0.019983556121587753,0.0,1.016919493675232,0.0,0.0,0.0,0.09782887250185013,0.4695151448249817,0.0,0.28165096044540405,1.1948059797286987,0.8348569273948669,0.0,0.2191634327173233,1.1307857036590576,1.0568840503692627,0.16121342778205872,0.006816111505031586,0.18348613381385803,0.0,0.20400676131248474,0.027800289914011955,0.09428708255290985,1.0576844215393066,0.0,0.0,1.022951602935791,0.5166115164756775,0.882215142250061,0.8015998601913452,0.05810365453362465,0.0,0.00392197584733367,1.0770727396011353,0.9694192409515381,0.0,0.9660720825195312
1275329,7.043423652648926,0.0,0.0,0.0,0.0,0.0,0.0,0.0,0.0,0.0,9.18051815032959,0.0,0.0,9.208815574645996,0.0,0.0,0.0,0.0,0.0,0.0,7.262585163116455,0.0,8.399369239807129,0.0,10.019341468811035,0.0,0.0,0.012239373289048672,0.0,9.77082633972168,0.0,9.659643173217773,0.0,9.32856559753418,10.421748161315918,8.121491432189941,8.118073463439941,0.0,12.04133129119873,9.596514701843262,0.0,8.137635231018066,0.0,0.0,7.134644031524658,9.065333366394043,6.291903972625732,0.0,0.0,0.0,9.039612770080566,7.643406867980957,0.0,9.087464332580566,7.088839530944824,10.658000946044922,8.050469398498535,9.070222854614258,9.368139266967773,0.0,0.02267705462872982,0.0,0.0,0.0
1277374,1.145306944847107,0.2858332097530365,0.0,0.0,0.08912120014429092,0.0,0.001088170800358057,0.0,0.0,0.0,0.2266160100698471,0.0,0.0,0.0,1.2121739387512207,0.005766178015619516,0.34903520345687866,0.0,0.0,0.0,0.0,0.4252256155014038,0.5432865023612976,0.9045311808586121,0.9088481664657593,0.0,0.8709775805473328,0.9198299646377563,1.1631935834884644,0.0,0.0,1.1384246349334717,1.3825393915176392,0.0,0.0008671419345773757,0.4932398200035095,0.6131168007850647,0.0,0.34428349137306213,0.018569810315966606,0.0,0.0,1.4241373538970947,0.22029468417167664,0.0,0.0,0.455392986536026,0.0,0.005559973884373903,0.4427085816860199,1.950941562652588,0.29190880060195923,1.716723084449768,1.1111887693405151,1.3890811204910278,0.27715015411376953,1.8966246843338013,0.8645808100700378,0.0,0.5039082765579224,0.0,0.9769722819328308,0.0,0.0
1278746,0.7156055569648743,0.0003683895629364997,0.0,0.3893274962902069,0.2620156705379486,0.0,0.0,0.30752846598625183,0.0,0.0,0.22119098901748657,0.2445826679468155,0.24982649087905884,0.6244252324104309,0.4881797134876251,0.0,0.04475473240017891,0.0,0.23992294073104858,0.0,0.38537296652793884,0.35956236720085144,0.638987123966217,0.5464573502540588,0.7530436515808105,0.0,0.37230899930000305,0.11460322141647339,0.32453596591949463,0.08375623822212219,0.24777905642986298,0.4953124225139618,0.5614195466041565,0.0,0.04759892448782921,0.3652973175048828,0.17225559055805206,0.0,0.3689256012439728,0.027433549985289574,0.00035731945536099374,0.38003015518188477,0.6180725693702698,0.27972283959388733,0.0,0.0,0.3608863055706024,0.0,0.526070773601532,0.02059042640030384,0.7601323127746582,0.0,0.7367009520530701,0.3661331236362457,0.6487341523170471,0.40301379561424255,0.83247971534729,0.3032751679420471,0.339869886636734,0.011802705936133862,0.3412042558193207,0.43566086888313293,0.0,0.39752426743507385
1280588,1.2118319272994995,0.0,1.2989534139633179,0.0,0.4699242115020752,0.5613930225372314,0.012788273394107819,0.0,1.7158490419387817,1.7695727348327637,1.222739577293396,0.9322500824928284,1.3114160299301147,0.6477354764938354,1.4968886375427246,0.012547358870506287,0.0,0.48650848865509033,0.7576274275779724,1.1501895189285278,0.014430727809667587,0.0,0.9778470993041992,0.0,0.0,0.0,0.7248547077178955,0.0,1.7391775846481323,0.0,0.9950832724571228,0.0,1.4025071859359741,0.0,0.0,1.2367653846740723,0.3208208680152893,0.2984943091869354,1.1419583559036255,1.0700064897537231,0.9743958115577698,0.06880862265825272,1.645769476890564,0.052329886704683304,1.6088184118270874,1.5952218770980835,0.2133626788854599,0.0,1.8234788179397583,1.3168659210205078,0.0,0.6033234596252441,0.8255441188812256,0.0,0.02940397895872593,0.9080860018730164,1.0936775207519531,1.3773407936096191,0.0,1.425766110420227,0.5601217746734619,0.0,0.0,1.4520983695983887
1281380,0.028803778812289238,0.06200828030705452,0.19698955118656158,0.3980083167552948,0.0017448219005018473,0.44451719522476196,0.46228694915771484,0.18612393736839294,0.30143895745277405,0.38290587067604065,0.5000379681587219,0.07537657022476196,0.3713720440864563,0.2483123391866684,0.0,0.5274516940116882,0.0,0.0,0.3540033996105194,0.0,0.7223909497261047,0.0,0.39556074142456055,0.5844841003417969,0.0,0.15968479216098785,0.0,0.4712360203266144,0.4364120364189148,0.5096020698547363,0.0,0.46558672189712524,0.010101616382598877,0.552487313747406,0.42256179451942444,0.0,0.21977762877941132,0.3303617835044861,0.10530958324670792,0.0,0.11876988410949707,0.5137516856193542,0.29251304268836975,0.8193532228469849,0.07344473898410797,0.35567378997802734,0.0,0.42788615822792053,0.5259286761283875,0.22135032713413239,0.2106180489063263,0.0,0.3712214529514313,0.3385365903377533,0.14735710620880127,0.5379915833473206,0.4214223027229309,0.0,0.0,0.3099304735660553,0.47992706298828125,0.22387003898620605,0.5773273706436157,0.436111718416214
1284182,1.3032251596450806,1.29966402053833,0.0,0.1472201645374298,1.4069595336914062,1.3564079999923706,0.6278364658355713,1.319551706314087,1.5967031717300415,1.0023506879806519,0.39122167229652405,0.4391370117664337,0.934366762638092,0.7683814167976379,0.0,0.0,0.3015078008174896,1.484329104423523,1.6256321668624878,0.0,1.5260525941848755,1.81498122215271,0.08358755707740784,0.0,0.0,0.7659327387809753,0.0,0.5774798393249512,1.261618733406067,0.0,0.4843941330909729,0.5266748070716858,0.0,1.3577172756195068,0.0,0.0,0.0,1.6724216938018799,0.9790608286857605,0.9173333048820496,1.0456739664077759,1.229436993598938,0.9886707663536072,1.2537293434143066,1.3276557922363281,0.14510704576969147,0.09094281494617462,0.04164102301001549,1.1144452095031738,1.2486438751220703,0.27246448397636414,0.05604992434382439,0.9130765199661255,0.30891895294189453,0.8589156270027161,1.667937994003296,0.9219761490821838,0.0,0.0,0.4534849524497986,0.0,1.4138336181640625,1.1502100229263306,0.029704375192523003
1285404,1.1536730527877808,0.12636861205101013,0.0,0.020964602008461952,0.09321318566799164,0.002190263941884041,0.0,0.0027066438924521208,0.0,0.0,0.21347816288471222,0.0,0.04476238042116165,0.0,1.0150458812713623,0.0,0.31958141922950745,0.0,0.0,0.0,0.0,0.11026769876480103,0.6556001901626587,0.9728304147720337,0.8785033226013184,0.0,1.1247591972351074,1.1733555793762207,0.6155616044998169,0.01692836359143257,0.029527924954891205,1.0926222801208496,1.364750862121582,0.0,0.008702651597559452,0.5815834999084473,0.5707740187644958,0.04618556424975395,0.37433651089668274,0.09034956991672516,0.0,0.015218645334243774,1.033425211906433,0.022879576310515404,0.0,0.0,0.35178306698799133,0.0,0.34970834851264954,0.2482941597700119,1.7959544658660889,0.08840706199407578,1.3915183544158936,0.6710550785064697,1.0638480186462402,0.31787997484207153,1.6456592082977295,0.6674630045890808,0.0763014554977417,0.07062044739723206,0.037459831684827805,0.8085770010948181,0.0,0.03355170413851738
1286512,1.489261269569397,0.2342258244752884,0.0,0.0,0.11320771276950836,0.14456458389759064,0.0,0.0,0.162586510181427,0.1452239453792572,1.909203052520752,0.1369181126356125,0.27711185812950134,1.653815507888794,0.22278530895709991,0.0,0.0,0.06954759359359741,0.0,0.19895929098129272,1.714545726776123,0.40333545207977295,1.7918719053268433,0.022739227861166,1.9263103008270264,0.2382727861404419,0.12935243546962738,0.1201222613453865,0.11374358087778091,1.8876490592956543,0.0,1.9421693086624146,0.3952293395996094,1.784226417541504,1.5829473733901978,1.6712950468063354,1.6269538402557373,0.07446390390396118,2.250248908996582,1.7998703718185425,0.0,1.621811032295227,0.0,0.041897889226675034,1.291390299797058,1.5543005466461182,1.6513702869415283,0.2813654839992523,0.0,0.009109828621149063,1.4211580753326416,1.354586124420166,0.2423439770936966,1.6779789924621582,1.1530630588531494,1.884418249130249,1.4666872024536133,2.093524694442749,1.7636569738388062,0.08276597410440445,0.0,0.301914781332016,0.0,0.25511622428894043
1290629,1.2768089771270752,1.334370493888855,0.0,0.011702816002070904,1.0076611042022705,1.2188211679458618,0.11893738061189651,1.1338354349136353,1.412122368812561,0.9111265540122986,0.2926998734474182,0.4440416991710663,1.123971700668335,0.9753467440605164,0.0,0.0,0.5901254415512085,1.216437816619873,1.3969885110855103,0.0,1.2085785865783691,1.473645567893982,0.010294094681739807,0.0,0.0,0.5308641791343689,0.0,0.5042483806610107,1.132196068763733,0.0,0.2819562554359436,0.2793354094028473,0.0,1.4107517004013062,0.0,0.0,0.0,1.4360827207565308,0.9637109041213989,0.46107327938079834,0.725829541683197,0.9912702441215515,0.6805880069732666,1.1518971920013428,1.255481481552124,0.03734435513615608,0.021875502541661263,0.021986858919262886,1.1247036457061768,1.199055790901184,0.22076283395290375,0.009600278921425343,0.966597318649292,0.23910991847515106,0.8679147362709045,1.2127512693405151,0.3972873091697693,0.0,0.0,0.5216280221939087,0.0,1.402669906616211,1.15497887134552,0.0
1290807,0.287289023399353,0.24747644364833832,0.4321384131908417,0.3683357834815979,0.0,1.1253447532653809,1.0436540842056274,0.023963501676917076,0.8840330839157104,0.1728210598230362,0.9557037353515625,0.02008301019668579,0.7309978008270264,0.057971104979515076,0.0,0.5268856883049011,0.056145403534173965,0.0,0.6511183381080627,0.0,0.705954909324646,0.010937155224382877,0.4938770532608032,0.01907244138419628,0.0,0.41776034235954285,0.0,0.7272504568099976,1.033267617225647,0.059067606925964355,0.0,1.0609945058822632,0.0,0.8621072769165039,0.004367241635918617,0.0,0.46904298663139343,0.4507398009300232,0.25754258036613464,0.0,0.20919881761074066,0.2983088493347168,0.034325771033763885,0.36142098903656006,0.6419386267662048,0.437372088432312,0.0,0.0,0.36541491746902466,0.7774031162261963,0.26904258131980896,0.0,0.8373110294342041,0.04736999794840813,0.2943609952926636,0.20138201117515564,0.23913557827472687,0.2526741921901703,0.0003659454232547432,0.730378270149231,0.0374942347407341,0.17260479927062988,1.0697202682495117,0.23547720909118652
1294540,1.7555361986160278,0.25710275769233704,0.0,0.03386566415429115,0.04889535531401634,0.0,0.0,0.0013031407725065947,0.0,0.0,0.11858924478292465,0.0,0.023903369903564453,0.0,1.0760167837142944,0.002323201159015298,0.28718867897987366,0.0,0.0,0.0,0.0014432771131396294,0.8457208871841431,0.7565100789070129,0.8738109469413757,1.1535489559173584,0.0,0.4589340090751648,0.5083637237548828,0.6568133234977722,0.0,0.0,0.8564060926437378,1.2072850465774536,0.0,0.06491758674383163,0.6993169188499451,0.5682786703109741,0.0,0.3616935610771179,0.08744566142559052,0.0,0.017458712682127953,1.0425362586975098,0.06066732853651047,0.0,0.0,0.6464451551437378,0.0,0.2536913752555847,0.2723844349384308,2.0918095111846924,0.011170745827257633,1.5530120134353638,0.8200167417526245,1.2512377500534058,0.1739012449979782,1.8894835710525513,0.9160629510879517,0.04991728067398071,0.3156130313873291,0.0647013708949089,0.8609026670455933,0.0,0.013528450392186642
1297151,1.7943302392959595,0.0,0.0,0.0,0.0,0.0,0.0,0.035056132823228836,0.10527700930833817,0.07732328027486801,2.521195650100708,0.053953345865011215,0.03892847150564194,2.1445796489715576,0.0,0.0,0.0,0.039644867181777954,0.0,0.0,1.4863197803497314,0.1848531812429428,2.0715720653533936,0.017665162682533264,2.6046302318573,0.32878583669662476,0.04235384985804558,0.03931564465165138,0.0,2.5910532474517822,0.0,2.427715539932251,0.510231077671051,2.566692352294922,2.30722975730896,2.096318483352661,1.938281774520874,0.005619268864393234,3.6189863681793213,2.341022491455078,0.0,2.0371053218841553,0.0,0.37367960810661316,1.5656483173370361,2.1145763397216797,2.936065912246704,0.11908777803182602,0.0,0.0,2.3558218479156494,1.721176266670227,0.11288101971149445,2.5144107341766357,1.5026575326919556,2.709890127182007,1.9408730268478394,2.43641996383667,2.865730047225952,0.0034292188938707113,0.0,0.1493828147649765,0.0,0.008255082182586193
1297765,1.344543695449829,0.0,1.1381710767745972,0.0,0.9019865393638611,0.7329297661781311,0.006307822652161121,0.0,1.5512340068817139,1.8487796783447266,1.1429733037948608,0.5428118109703064,1.4511492252349854,0.7580658197402954,1.850728154182434,0.08005572855472565,0.0,0.5107122659683228,0.36398279666900635,1.375946283340454,0.11878596991300583,0.03488533943891525,0.9160204529762268,0.03701487556099892,0.3044974207878113,0.03779590502381325,0.8161803483963013,0.0,1.9503146409988403,0.0,0.7459297776222229,0.08343227207660675,1.0986013412475586,0.0,0.0,1.5437202453613281,0.888578474521637,0.513787031173706,1.5927780866622925,1.4010059833526611,1.1436305046081543,0.4389125406742096,1.4991161823272705,0.2262931913137436,1.5738117694854736,1.6568535566329956,0.7940744161605835,0.0,1.7232228517532349,1.156929850578308,0.0,0.6733283400535583,0.9938707947731018,0.0,0.4723837971687317,0.9807894229888916,1.1115585565567017,1.3171064853668213,0.0,1.4799200296401978,0.8707780241966248,0.0,0.03215467184782028,1.367792010307312
1297767,1.442614197731018,1.5858147144317627,0.0,0.01895914599299431,1.638552188873291,1.5715391635894775,0.7693525552749634,1.3411482572555542,1.9588860273361206,1.4247573614120483,0.07284530252218246,0.6286618113517761,1.4482845067977905,1.224217176437378,0.0,0.0,0.03509214147925377,1.5755575895309448,1.8703770637512207,0.00019439718744251877,1.7217336893081665,1.8221193552017212,0.015109675005078316,0.0,0.0,1.0779201984405518,0.0,0.055384233593940735,1.3448313474655151,0.0,0.1330600529909134,0.31617599725723267,0.0,1.5309720039367676,0.0,0.0,0.0,1.79964280128479,1.1792006492614746,0.14113256335258484,1.5267997980117798,1.2646591663360596,1.1977221965789795,1.6148592233657837,1.5816271305084229,0.031752463430166245,0.012155460193753242,0.020367611199617386,1.455920696258545,1.4233965873718262,0.0008432065951637924,0.009170805104076862,1.5231454372406006,0.791563868522644,0.2002021074295044,1.743235468864441,0.31565651297569275,0.0,0.0,0.04348105937242508,0.0,1.231197714805603,1.3694852590560913,0.0479365773499012
1298469,3.3237104415893555,0.0,0.0004807796503882855,0.0,0.0,0.009247185662388802,0.0,0.0,0.004922129679471254,0.0,3.3323886394500732,0.006214449647814035,0.001127181458286941,3.018170118331909,0.0,0.0,0.0,0.005081549286842346,0.0,0.0,2.93823504447937,0.014923273585736752,3.2686803340911865,0.0,3.244178056716919,0.019711850211024284,0.005571501795202494,0.007586416322737932,0.0031527027022093534,3.029405355453491,0.00564006669446826,3.83790922164917,0.0,3.3976547718048096,3.677048444747925,3.261021375656128,3.3594067096710205,0.0,3.9143688678741455,3.4258363246917725,0.0041934046894311905,2.826029062271118,0.0,0.0,2.8273561000823975,3.493055582046509,2.64369797706604,0.005192473065108061,0.0,0.00552255567163229,2.9775688648223877,2.743238687515259,0.00787305273115635,3.035107374191284,2.815229654312134,3.574704170227051,2.5619876384735107,3.4933958053588867,3.113402843475342,0.0,0.0,0.0,0.0,0.0
1303729,1.0923157930374146,0.5640584826469421,0.0,0.019537093117833138,0.008854231797158718,0.0,0.0,0.2216402143239975,0.0,0.0,0.012945394963026047,0.0,0.20476855337619781,0.0,0.9215238690376282,0.028389908373355865,0.37263309955596924,0.0,0.0,0.0,0.10665147006511688,0.6324280500411987,0.1095423474907875,0.8255004286766052,0.9160619378089905,0.0,1.0479662418365479,0.9053138494491577,0.6756560802459717,0.0,0.19288884103298187,0.9151306748390198,1.3005207777023315,0.0,0.006081977393478155,0.12787972390651703,0.4807201325893402,0.09451987594366074,0.626861035823822,0.00464429659768939,0.0,0.024169044569134712,1.1705639362335205,0.42972880601882935,0.0,0.0,0.497235506772995,0.0,0.003957695793360472,0.44292566180229187,1.524261474609375,0.5081036686897278,1.0323947668075562,0.5925946831703186,0.8589215874671936,0.08613832294940948,1.6323108673095703,0.9574434161186218,0.37172019481658936,0.6323263049125671,0.016919128596782684,1.1116341352462769,0.0,0.0
1305051,1.8992576599121094,2.196561336517334,0.0,0.0,1.7010819911956787,1.7692168951034546,0.10293124616146088,1.872434377670288,2.154416561126709,1.573777675628662,0.014608907513320446,0.6354943513870239,1.4290037155151367,1.5328832864761353,0.0,0.0,0.0035981256514787674,1.6562588214874268,2.4836697578430176,0.0,1.820056676864624,2.159085750579834,0.005091032478958368,0.0,0.0,1.3408379554748535,0.0,0.01695328578352928,1.6198383569717407,0.0,0.04998384788632393,0.06554057449102402,0.0,1.7350633144378662,0.0,0.0,0.0,2.031269073486328,1.4549509286880493,0.109217569231987,1.4306800365447998,1.503662347793579,1.4179661273956299,1.8345630168914795,2.1293349266052246,0.0,0.0,0.0,1.6301370859146118,1.7247793674468994,0.01686149090528488,0.0035755757708102465,1.7598884105682373,0.4981997609138489,0.06535842269659042,1.9809520244598389,0.022463854402303696,0.0,0.0,0.0032291628886014223,0.0,1.7744115591049194,1.679600477218628,0.0
1307673,1.0923157930374146,0.5640584826469421,0.0,0.019537093117833138,0.008854231797158718,0.0,0.0,0.2216402143239975,0.0,0.0,0.012945394963026047,0.0,0.20476855337619781,0.0,0.9215238690376282,0.028389908373355865,0.37263309955596924,0.0,0.0,0.0,0.10665147006511688,0.6324280500411987,0.1095423474907875,0.8255004286766052,0.9160619378089905,0.0,1.0479662418365479,0.9053138494491577,0.6756560802459717,0.0,0.19288884103298187,0.9151306748390198,1.3005207777023315,0.0,0.006081977393478155,0.12787972390651703,0.4807201325893402,0.09451987594366074,0.626861035823822,0.00464429659768939,0.0,0.024169044569134712,1.1705639362335205,0.42972880601882935,0.0,0.0,0.497235506772995,0.0,0.003957695793360472,0.44292566180229187,1.524261474609375,0.5081036686897278,1.0323947668075562,0.5925946831703186,0.8589215874671936,0.08613832294940948,1.6323108673095703,0.9574434161186218,0.37172019481658936,0.6323263049125671,0.016919128596782684,1.1116341352462769,0.0,0.0
1307716,0.9857157468795776,0.5192422866821289,0.6686207056045532,0.0,1.611631989479065,1.043859601020813,0.0822855681180954,0.12712249159812927,0.6104815006256104,0.9526232481002808,0.8024815917015076,0.3781433701515198,0.7818078994750977,0.4650184214115143,0.9078912734985352,0.3231853246688843,0.0,0.3201107382774353,0.2739032208919525,0.6120942234992981,0.8355702757835388,0.9107141494750977,0.3898249864578247,0.7988458275794983,1.0183898210525513,1.0584007501602173,0.5420636534690857,0.0,0.8769991397857666,0.0,0.4304710626602173,0.8841259479522705,0.5904574990272522,0.0,0.09258577227592468,0.9650124311447144,0.8199277520179749,0.5739697217941284,0.7210991382598877,0.7074926495552063,0.7939473986625671,1.3739110231399536,0.7245969176292419,0.8209335207939148,0.8370682597160339,0.7452850937843323,1.3720431327819824,0.0,0.7110612392425537,0.5559746623039246,0.0,1.1258069276809692,0.529279887676239,0.0916619598865509,1.2309247255325317,0.3664737939834595,0.3735204041004181,0.8146111965179443,0.0,0.5327428579330444,0.39112165570259094,0.010799544863402843,0.41493019461631775,0.6289377212524414
1309300,3.037767171859741,0.0,0.0,0.0,0.0,0.0,0.0,0.0,0.0,0.0,3.1378860473632812,0.0,0.0,3.0112297534942627,0.0,0.0,0.0,0.0,0.0,0.0,2.988337278366089,0.0,3.267599105834961,0.0,3.327007293701172,0.0,0.0,0.0,0.0,3.4737050533294678,0.0,3.4101674556732178,0.0,3.4388110637664795,3.5654077529907227,3.164013624191284,3.036120653152466,0.0,4.194904804229736,3.3271796703338623,0.0,2.9788401126861572,0.0,0.0,2.7951252460479736,3.451205015182495,2.575021505355835,0.0,0.0,0.0,3.322970151901245,2.79215931892395,0.0,3.205915689468384,2.469634771347046,3.739006996154785,2.898613214492798,3.265029191970825,3.2167975902557373,0.0,0.0,0.0,0.0,0.0
1310052,0.2299911081790924,0.31946179270744324,0.5823119878768921,0.004537359345704317,0.3564397692680359,0.5482209324836731,0.053648337721824646,0.008584604598581791,0.608303964138031,0.621371865272522,0.22772875428199768,0.47218406200408936,0.46984055638313293,0.5018599629402161,0.687308132648468,0.2168421894311905,0.0,0.3877314329147339,0.5367728471755981,0.0484713576734066,0.2716640830039978,0.5054999589920044,0.3705049753189087,0.02647954598069191,0.15313731133937836,0.206454336643219,0.26350218057632446,0.0,0.8058007955551147,0.0,0.4504168629646301,0.34224894642829895,0.6908363103866577,0.0,0.0,0.26260489225387573,0.07074754685163498,0.3944953382015228,0.0012146527878940105,0.09207790344953537,0.5071319341659546,0.4260994791984558,0.683655858039856,0.04714275896549225,0.6461061239242554,0.5932416319847107,0.24366667866706848,0.0,0.7442579865455627,0.5921630263328552,0.0,0.2370634824037552,0.29106685519218445,0.0,0.14290280640125275,0.28938668966293335,0.7829357385635376,0.6983934044837952,0.0,0.6237378716468811,0.5738027095794678,0.20244865119457245,0.1362769454717636,0.786507785320282
1312303,0.0003779378312174231,0.0,0.2980804145336151,0.36063867807388306,0.12279178202152252,0.5526666641235352,0.2774052321910858,0.13656136393547058,0.25401756167411804,0.05130908638238907,0.6438004970550537,0.048652566969394684,0.3501274287700653,0.07805180549621582,0.0,0.4558914601802826,0.0,0.0,0.43117189407348633,0.0,0.6206474900245667,0.0,0.3756656348705292,0.4459308385848999,0.0,0.2573520541191101,0.0,0.5377112030982971,0.48803991079330444,0.36771100759506226,0.0,0.554440438747406,0.06445483863353729,0.3933330178260803,0.3804163336753845,0.0,0.21095892786979675,0.2702537775039673,0.1417931765317917,0.0,0.1375533491373062,0.32650378346443176,0.17672689259052277,0.5540246963500977,0.1423134058713913,0.5877867937088013,0.0,0.5619538426399231,0.7089439034461975,0.24397578835487366,0.04206200689077377,0.002789393300190568,0.5183326601982117,0.3537504971027374,0.13595059514045715,0.35455718636512756,0.541067361831665,0.0,0.0,0.3373872637748718,0.48374563455581665,0.24442125856876373,0.5957270264625549,0.4010293185710907
1313974,0.8873107433319092,0.1733226776123047,0.0,0.1595529019832611,0.2272735834121704,0.003922644071280956,0.0,0.02029828168451786,0.0,0.0,0.4235745966434479,0.0,0.061513032764196396,0.025742588564753532,0.8296546936035156,0.0,0.3791077435016632,0.0,0.019631309434771538,0.0,0.07294661551713943,0.1343773752450943,0.5279316306114197,0.4575473964214325,0.724564790725708,0.0,0.9141603112220764,0.8964293599128723,0.6924304962158203,0.08172298967838287,0.1490640938282013,0.7886745929718018,1.105057716369629,0.0,0.142452672123909,0.5265200734138489,0.48878344893455505,0.0040648202411830425,0.3638257086277008,0.08888575434684753,0.0,0.1382000893354416,0.9353821277618408,0.29676103591918945,0.002653934992849827,0.0,0.1955721527338028,0.0,0.11262806504964828,0.407720685005188,1.561900019645691,0.0,1.1051644086837769,0.7823038101196289,1.0133377313613892,0.5170273184776306,1.1655443906784058,0.4550306797027588,0.1110769733786583,0.12975147366523743,0.21778114140033722,0.6854479312896729,0.0,0.0
1316784,0.5041387677192688,0.3795621395111084,0.0009056251146830618,0.8988323211669922,0.6290817856788635,0.8754913806915283,0.4184410870075226,0.8776556849479675,1.192418098449707,0.9324666857719421,1.0479577779769897,0.2601485550403595,0.44323062896728516,0.6514991521835327,0.0,0.0,1.0654621124267578,0.7912696003913879,1.0382442474365234,0.0,1.129368782043457,1.026540756225586,0.5647884011268616,0.0,0.0,0.6104053258895874,0.0,1.2790228128433228,0.8722138404846191,0.0,1.1080368757247925,0.7680408358573914,0.0,1.1610984802246094,0.0,0.0,0.0,1.153216004371643,0.6330127120018005,1.0842323303222656,0.9967769980430603,0.6345298290252686,0.5608815550804138,0.8491927981376648,0.9321102499961853,0.8594987392425537,0.7315831184387207,0.47863054275512695,0.9275614619255066,0.6083396077156067,0.7911710143089294,0.7098243236541748,0.6526584029197693,0.4051184356212616,1.6336416006088257,1.0629652738571167,1.9413918256759644,0.0,0.0,1.0256329774856567,0.0,0.7831766605377197,0.858967125415802,0.7453259825706482
1318568,0.6593276262283325,0.0,0.0,0.00783473439514637,0.48148244619369507,0.0,0.0,0.0,0.0,0.0,0.3288574814796448,0.0018193452851846814,0.016996124759316444,0.0024118004366755486,0.7329341173171997,0.0,0.17567043006420135,0.0,0.0008895085193216801,0.0,0.01857040822505951,0.16252803802490234,1.0129915475845337,0.5803020000457764,0.8166932463645935,0.0,0.9223169684410095,0.7265368103981018,0.6120583415031433,0.0,0.0,0.6784135699272156,0.9492911100387573,0.0,0.009069048799574375,0.4673212170600891,0.47484952211380005,0.0,0.2703259587287903,0.028209690004587173,0.05297700688242912,0.009997928515076637,1.164235234260559,0.21952632069587708,0.0,0.0,0.27184417843818665,0.0,0.1015501543879509,0.022214408963918686,1.35471773147583,0.0006486775819212198,1.2793396711349487,0.9359045624732971,1.234756350517273,0.44010522961616516,1.2409486770629883,0.44379714131355286,0.03202753886580467,0.160288006067276,0.08845854550600052,0.45628488063812256,0.0,0.0022056668531149626
1326991,1.2504040002822876,0.0,1.173706293106079,0.0,0.8487650156021118,0.693123459815979,0.0421920046210289,0.0,1.3629964590072632,1.7523162364959717,1.253853678703308,0.649932861328125,1.2576735019683838,0.7679204940795898,1.6557754278182983,0.1283327043056488,0.0,0.6075794100761414,0.5606051683425903,1.2958755493164062,0.08653192967176437,0.0,0.5723256468772888,0.04752995818853378,0.12584072351455688,0.33132219314575195,0.37163808941841125,0.0,2.068486213684082,0.0,0.9720661640167236,0.11392167210578918,0.9397319555282593,0.0,0.0,1.1449278593063354,0.741301953792572,0.34896066784858704,1.1517337560653687,1.033979058265686,1.1717640161514282,0.48400840163230896,1.231804370880127,0.1524052768945694,1.8718193769454956,1.233501672744751,0.2534487545490265,0.0,1.5532772541046143,1.0625563859939575,0.0,0.5600268840789795,0.7624244093894958,0.0,0.37947651743888855,0.7857781648635864,0.7461711168289185,1.345212459564209,0.0,1.3767826557159424,0.6900697946548462,0.0,0.23686745762825012,1.068611979484558
1327775,0.8147348165512085,1.0408750772476196,0.0,0.2199379801750183,0.9246829748153687,1.0386683940887451,0.05161956325173378,0.8681881427764893,1.1410220861434937,1.0526679754257202,0.3956703245639801,0.24460469186306,0.9035934209823608,0.919202983379364,0.0,0.0,0.27963197231292725,0.7917338013648987,1.2380868196487427,0.0,1.048726201057434,0.9867610931396484,0.24388426542282104,0.0,0.0,0.7017420530319214,0.0,0.3753022849559784,0.7761411070823669,0.0,0.3894970118999481,0.25058233737945557,0.0,0.8081520199775696,0.0,0.0,0.0,1.04234778881073,0.747711718082428,0.5289433598518372,0.6613610982894897,0.6872772574424744,0.7684869766235352,1.0770658254623413,1.1314074993133545,0.19718046486377716,0.21543745696544647,0.3564712703227997,0.9205302596092224,0.8590003848075867,0.280378133058548,0.2360069900751114,0.8347146511077881,0.3713185489177704,0.7082468271255493,1.0898864269256592,0.7877264618873596,0.0,0.0,0.3465765714645386,0.0,0.739093005657196,0.9020611047744751,0.1827848106622696
1327784,1.4724910259246826,1.557418704032898,0.0,0.0,1.5821223258972168,1.9382907152175903,0.22683674097061157,1.6609550714492798,1.8510032892227173,1.5571165084838867,0.015763744711875916,0.3550984859466553,1.6769262552261353,1.2813993692398071,0.0,0.0,0.01994435489177704,1.450294017791748,2.1674840450286865,0.0,1.5618497133255005,1.7983978986740112,0.012193134054541588,0.0,0.0,1.0857774019241333,0.0,0.0036551624070852995,1.4965225458145142,0.0,0.08170285075902939,0.09825324267148972,0.0,1.6065782308578491,0.0,0.0,0.0,2.033809185028076,1.2078388929367065,0.019617851823568344,1.3209524154663086,1.3198434114456177,1.1698389053344727,1.6065573692321777,1.6320712566375732,0.0,0.0,0.0,1.7247833013534546,1.5074872970581055,0.03954222798347473,0.0,1.446731448173523,0.3066263198852539,0.03697986155748367,1.6389989852905273,0.0507570281624794,0.0,0.0,0.00342187681235373,0.0,1.589345932006836,1.386492133140564,0.0065270522609353065
1332388,1.9627034664154053,0.8321549296379089,0.0,0.1970231682062149,0.0410616472363472,0.09201275557279587,0.0,0.17848366498947144,0.0,0.0,1.0224058628082275,0.022397346794605255,0.8804972767829895,0.11622241884469986,1.160550594329834,0.32303449511528015,0.5471591949462891,0.0,0.19582770764827728,0.0,0.0650048777461052,0.4489842653274536,0.06620661169290543,0.5978075861930847,0.9096181392669678,0.0,0.9410742521286011,1.3970110416412354,1.3533812761306763,0.08733014762401581,0.07276605814695358,1.0939379930496216,1.6231931447982788,0.0,0.29822465777397156,0.7422033548355103,0.9879411458969116,0.4589664041996002,0.8483340740203857,0.1615377962589264,0.0,0.031053245067596436,1.240090250968933,0.04473952576518059,0.06996019929647446,0.0,0.49739518761634827,0.0,0.11626701802015305,1.01559579372406,2.846011161804199,0.15965485572814941,1.1456658840179443,0.8845790028572083,1.8799043893814087,0.14192743599414825,1.5523325204849243,0.2840273082256317,0.5271768569946289,0.9072268605232239,0.3405623137950897,1.1115750074386597,0.0,0.019433923065662384
1336243,0.41224801540374756,0.0,0.9521864652633667,0.0,0.24697454273700714,0.6573648452758789,0.09510043263435364,0.062759168446064,1.2527378797531128,1.0644057989120483,0.6566080451011658,0.620991051197052,0.7832407355308533,0.8277241587638855,1.1530073881149292,0.07778266817331314,0.0,0.5141255855560303,0.5660048723220825,0.25653722882270813,0.04829120635986328,0.08710301667451859,0.6302028298377991,0.004339502193033695,0.07586683332920074,0.023917539045214653,0.3996971547603607,0.0,1.4387528896331787,0.0,0.7869240045547485,0.06634072959423065,1.3792405128479004,0.0,0.0,0.7238571643829346,0.1407989114522934,0.18700209259986877,0.362111359834671,0.6343250274658203,0.949051022529602,0.09759804606437683,1.063162922859192,0.022018777206540108,0.8389132022857666,1.1869380474090576,0.022328119724988937,0.0,1.3041692972183228,1.0711110830307007,0.0,0.03801784664392471,0.577905535697937,0.0,0.0,0.6613756418228149,1.2357045412063599,1.2873611450195312,0.0,1.131154179573059,0.9045626521110535,0.12971946597099304,0.10794364660978317,1.3922169208526611
1337461,0.18759267032146454,0.19758306443691254,0.38713541626930237,0.008782051503658295,0.3817683756351471,0.40848031640052795,0.16017067432403564,0.015151012688875198,0.7758817076683044,0.4955929219722748,0.3665247857570648,0.47331809997558594,0.17817318439483643,0.4947608709335327,0.6068209409713745,0.28765568137168884,0.0,0.20075879991054535,0.5276178121566772,0.0,0.3419675827026367,0.40465378761291504,0.39678075909614563,0.05335978418588638,0.2596484124660492,0.1991950124502182,0.15825241804122925,0.0,0.6590408086776733,0.0,0.5174786448478699,0.337269127368927,0.7082523107528687,0.0,0.0,0.3354955315589905,0.09687306731939316,0.4441406726837158,0.0,0.29587408900260925,0.6230236291885376,0.35644569993019104,0.4457503855228424,0.04517698660492897,0.5034370422363281,0.6011473536491394,0.17153900861740112,0.0,0.7106902599334717,0.602169394493103,0.0,0.21615028381347656,0.26540225744247437,0.0,0.01026485301554203,0.28424906730651855,0.7362611889839172,0.7014930844306946,0.0,0.6151286959648132,0.5545374751091003,0.060653723776340485,0.0733957514166832,0.7752249240875244
1338772,0.42298391461372375,0.0,0.0,0.1519310623407364,0.18554171919822693,0.0,0.0,0.11309332400560379,0.0,0.0,0.21135005354881287,0.02261931821703911,0.17889243364334106,0.11168137192726135,0.48372557759284973,0.0,0.10198521614074707,0.0,0.10246999561786652,0.0,0.12158083915710449,0.03957337141036987,0.5821699500083923,0.5513532757759094,0.7095205783843994,0.0,0.7956729531288147,0.533043622970581,0.5223525762557983,0.2576754093170166,0.2222130447626114,0.7223952412605286,0.9067671895027161,0.0,0.09855345636606216,0.19846536219120026,0.2802274525165558,0.0015748132718726993,0.44059133529663086,0.09189005941152573,0.0,0.10645853728055954,0.8727235198020935,0.26160329580307007,0.0,0.0,0.25979626178741455,0.0,0.27235299348831177,0.07104266434907913,1.084594964981079,0.01329139992594719,0.993439793586731,0.6007685661315918,0.7314310073852539,0.47002506256103516,1.0153999328613281,0.3520262539386749,0.22571104764938354,0.018152689561247826,0.21319812536239624,0.3636101484298706,0.0,0.088912233710289
1338780,0.0,0.24810393154621124,0.0674889087677002,0.0958671048283577,0.0034877739381045103,0.028171993792057037,0.0694274976849556,0.0009542113984934986,0.8147299289703369,0.8514233827590942,0.030589552596211433,0.42964205145835876,0.010799710638821125,0.8260476589202881,0.0,0.07070097327232361,0.0,0.0,0.10839841514825821,0.03050263412296772,0.2701764404773712,0.0,0.014215064235031605,0.04942580685019493,0.003943189512938261,0.7982717156410217,0.0,0.09982752799987793,0.038362011313438416,0.6190894842147827,0.0,0.02263553999364376,0.005198535975068808,0.2613169848918915,0.5270925164222717,0.0,0.12442447245121002,0.7388325333595276,0.6308797001838684,0.0,0.3435196876525879,0.7800852060317993,0.5797938108444214,0.3875192701816559,0.0,0.043372806161642075,0.0,0.5764997601509094,0.022149639204144478,0.23685233294963837,0.6417351365089417,0.0,0.1295902132987976,0.6082069873809814,0.4210655093193054,0.5857055187225342,0.6698797345161438,0.01266513206064701,0.0,0.02765735425055027,0.6323608756065369,0.7176023125648499,0.028200268745422363,0.8396058678627014
1342979,0.5114552974700928,0.42057496309280396,0.0,0.9092674255371094,0.944717288017273,1.3000074625015259,0.2603059709072113,0.850346565246582,0.8536542057991028,0.9056047201156616,0.7784377336502075,0.368498295545578,0.41756555438041687,0.5286858677864075,0.0,0.0,0.5953159332275391,0.9993172883987427,0.8468461036682129,0.0,0.8330900073051453,1.0784164667129517,0.4329313337802887,0.0,0.0,0.6568673849105835,0.0,0.7898573875427246,0.6726512908935547,0.0,1.1141166687011719,0.8345018625259399,0.0,1.0131490230560303,0.0,0.0,0.0,1.3038944005966187,0.7558883428573608,0.8642526865005493,0.7634087800979614,0.9117499589920044,0.6525868773460388,1.0151456594467163,0.6990658044815063,0.8212804198265076,0.03896782919764519,0.5290049314498901,0.7064372897148132,0.8276852965354919,0.5947726964950562,0.22836412489414215,0.5380653738975525,0.15111789107322693,1.1865026950836182,0.9248251914978027,1.948857069015503,0.0,0.0,0.7982475161552429,0.0,0.5726054906845093,1.0840355157852173,0.4976702332496643
1344639,2.037107229232788,0.0,0.0,0.0,0.013364369980990887,0.004066802095621824,0.0,0.0,0.12412253767251968,0.0,3.3894777297973633,0.028904249891638756,0.0,2.481127977371216,0.0,0.0,0.0,0.016855349764227867,0.0,0.0,2.381395101547241,0.1319844126701355,2.844900131225586,0.0,3.588869333267212,0.10609946399927139,0.0,0.1683679074048996,0.0,3.435157060623169,0.0,2.493462085723877,0.062032151967287064,2.764219045639038,3.149165153503418,2.2358238697052,2.5183157920837402,0.008245103992521763,3.636767625808716,2.9032509326934814,0.0,2.3833119869232178,0.0,0.08696512132883072,2.2758102416992188,3.117097854614258,2.8102433681488037,0.05684373900294304,0.0,0.0,3.163809061050415,2.097888946533203,0.02684851922094822,2.8288166522979736,2.321713924407959,3.466977834701538,2.592986822128296,3.534498929977417,3.418504476547241,0.0,0.0,0.08107781410217285,0.0,0.0787491425871849
1346727,0.0013957147020846605,0.26585596799850464,0.11573473364114761,0.36151301860809326,0.0,0.07236900925636292,0.07319449633359909,0.16802026331424713,0.570797324180603,0.8013308048248291,0.16072596609592438,0.23073190450668335,0.09614919126033783,0.6196290254592896,0.0,0.04466672241687775,0.0,0.0,0.22045081853866577,0.0,0.5014329552650452,0.0,0.1374816596508026,0.22404254972934723,0.0,0.5889328718185425,0.0,0.06754706054925919,0.02976641245186329,0.7939939498901367,0.0,0.12720997631549835,0.004036808852106333,0.2796524167060852,0.6704556941986084,0.0,0.4126349985599518,0.6755707263946533,0.3571661412715912,0.0,0.1475634127855301,0.8331211805343628,0.5222213268280029,0.6418360471725464,0.0,0.30565768480300903,0.0,0.5736466646194458,0.09278711676597595,0.1294327825307846,0.5320727229118347,0.0,0.02587764710187912,0.6702321171760559,0.3022574186325073,0.7442474365234375,0.5676679611206055,0.0,0.0,0.030676942318677902,0.868557333946228,0.5169200301170349,0.20490632951259613,0.8261414766311646
1350930,0.010472775436937809,0.31389516592025757,0.0,0.19994327425956726,0.0,0.0,0.06683318316936493,0.006094066891819239,0.7702637314796448,0.9543576836585999,0.005518549587577581,0.32799625396728516,0.01933574117720127,0.9748795628547668,0.0,0.0,0.0,0.0,0.09991998970508575,0.0006625271635130048,0.27067387104034424,0.01767038367688656,0.0037057283334434032,0.0,0.0,1.0511070489883423,0.0,0.007835679687559605,0.0,0.9523568749427795,0.0,0.0,0.0,0.04394173622131348,0.715114414691925,0.0,0.37996500730514526,0.9087190628051758,0.8617024421691895,0.0,0.3480290472507477,0.9428550601005554,0.8018997311592102,0.24088658392429352,0.0,0.11955629289150238,0.0,0.642776370048523,0.015295341610908508,0.1163715124130249,0.7059208750724792,0.0,0.0,0.8402354121208191,0.49077150225639343,0.9438285231590271,0.7859301567077637,0.0,0.0,0.0,1.170533537864685,0.8921808004379272,0.0,0.8429157137870789
1357325,0.0,1.2725645303726196,0.0,0.029589978978037834,0.005053066648542881,0.0,0.0,0.12653033435344696,1.6821372509002686,1.9597532749176025,0.0,1.3887563943862915,0.0,2.012477159500122,0.0,0.0,0.0,0.0,0.04600606486201286,0.0769888162612915,0.0717141255736351,0.0,0.0,0.0,0.0,1.6284058094024658,0.0,0.0,0.0,1.6178004741668701,0.0,0.0,0.0,0.0,1.0537669658660889,0.0,0.32503488659858704,1.882031798362732,1.3782721757888794,0.0,0.42114290595054626,1.8379859924316406,1.2751623392105103,0.0,0.0,0.0,0.0,0.0,0.0,0.2181204855442047,2.196045160293579,0.0,0.0,1.4199317693710327,0.9224209189414978,1.4148551225662231,0.9579753279685974,0.4624060094356537,0.0,0.0,1.3745956420898438,1.8509929180145264,0.0,1.7419737577438354
1358245,0.19469863176345825,0.0,0.8740419149398804,0.8110213279724121,0.26598623394966125,1.5800648927688599,0.5314696431159973,0.33247867226600647,0.22359827160835266,0.017951758578419685,1.2646321058273315,0.0033780757803469896,1.00532066822052,0.011948916129767895,0.0,1.2445390224456787,0.0,0.0,0.5820397734642029,0.0,0.8637422919273376,0.0,0.6852957010269165,0.5028930902481079,0.0,0.009953049942851067,0.0,1.394088864326477,1.15236496925354,0.013819096609950066,0.0,1.3112624883651733,0.18364575505256653,0.9202798008918762,0.014976385980844498,0.0,0.443683922290802,0.014934731647372246,0.008500347845256329,0.0,0.007782901171594858,0.02093467116355896,0.025099674239754677,0.8617547154426575,0.724603533744812,0.8312052488327026,0.0,0.043195996433496475,1.1397767066955566,0.3649909794330597,0.010472283698618412,0.0,0.9278918504714966,0.011962233111262321,0.12155541777610779,0.01992182806134224,0.048447273671627045,0.033316437155008316,0.0,1.0449806451797485,0.11578794568777084,0.018441179767251015,1.1104485988616943,0.023277325555682182
1360656,0.7583532929420471,0.9426902532577515,0.0,0.27051007747650146,0.7716859579086304,1.0701152086257935,0.07319793105125427,0.8578265905380249,0.9098834991455078,0.9703686237335205,0.5752565860748291,0.38079509139060974,0.7717450857162476,0.8330621719360352,0.0,0.0,0.8883215188980103,0.940050482749939,1.3637218475341797,0.0,0.863656222820282,0.998818576335907,0.09143910557031631,0.0,0.0,0.7830587029457092,0.0,0.39461037516593933,1.0791512727737427,0.0,0.7820419669151306,0.3613907992839813,0.0,0.9102205038070679,0.0,0.0,0.0,1.1933854818344116,0.859249472618103,0.6993987560272217,0.7507752776145935,0.9021890759468079,0.9248561263084412,1.1403098106384277,0.8280672430992126,0.36633414030075073,0.4469466209411621,0.5267242789268494,0.9417173862457275,0.9329525232315063,0.8456467986106873,0.9518455266952515,1.0083388090133667,0.3225015103816986,1.4176859855651855,1.0731219053268433,1.313723087310791,0.0,0.0,0.9340054988861084,0.0,1.0389786958694458,1.0128802061080933,0.4340771436691284
1366050,2.0814599990844727,2.275883436203003,0.0,0.0,2.1800622940063477,2.2071428298950195,0.318569540977478,2.0939812660217285,2.765747547149658,2.10579514503479,0.0,0.5778234004974365,1.947536587715149,1.8958989381790161,0.0,0.0,0.0,2.185185432434082,3.117624044418335,0.0011925608851015568,2.375910758972168,2.4764037132263184,0.0,0.0,0.0,1.4198546409606934,0.0,0.0,1.8215447664260864,0.0,0.0,0.0,0.0,2.0658092498779297,0.0,0.0,0.0,2.568366765975952,1.5629820823669434,0.0,1.8272053003311157,1.6000210046768188,2.1409401893615723,2.1396288871765137,2.4535539150238037,0.0,0.0,0.0,2.144859552383423,1.9872055053710938,0.0,0.0,1.86487877368927,0.8532421588897705,0.0,2.4463119506835938,0.0,0.0,0.0,0.0,0.0,1.8957465887069702,1.6545027494430542,0.0
1366637,1.864159107208252,1.825992465019226,0.0,0.0,2.0095865726470947,2.0619547367095947,0.1716979444026947,1.9198546409606934,2.2464001178741455,1.894557237625122,0.0,0.7299416065216064,1.752005934715271,1.7409303188323975,0.0,0.0,0.0,1.97350013256073,2.8434033393859863,0.0,2.1604621410369873,2.265634059906006,0.0,0.0,0.0,1.388197660446167,0.0,0.02079394832253456,1.565476655960083,0.0,0.0,0.0,0.0,1.779125452041626,0.0,0.0,0.0,2.287497043609619,1.4929356575012207,0.04961828142404556,1.7036675214767456,1.3427844047546387,1.7631174325942993,1.977809190750122,2.1420786380767822,0.0,0.0,0.0,1.9256236553192139,1.6955457925796509,0.0,0.0,1.8400357961654663,0.8238129019737244,0.008424186147749424,1.765516757965088,0.0,0.0,0.0,0.0,0.0,1.64474618434906,1.55659818649292,0.0
1370418,0.3041073679924011,0.12605403363704681,0.7047654986381531,0.0,0.5057733058929443,0.8009099960327148,0.0005747790564782917,0.0,0.8271803855895996,0.5543053150177002,0.4194332957267761,0.4135964810848236,0.8286083340644836,0.45260944962501526,0.816092312335968,0.32649147510528564,0.0,0.10827621072530746,0.28779298067092896,0.5084211230278015,0.5426255464553833,0.5135278701782227,0.5432300567626953,0.21638958156108856,0.6231484413146973,0.43313130736351013,0.14752230048179626,0.0,1.0036958456039429,0.0,0.37718456983566284,0.37345772981643677,0.6174548268318176,0.0,0.003135638777166605,0.7174753546714783,0.6023165583610535,0.476929247379303,0.279196172952652,0.3797275125980377,0.5822443962097168,0.5319881439208984,0.5588300228118896,0.44923391938209534,0.4430736005306244,0.8196786642074585,0.5610531568527222,0.0,0.878091037273407,0.46906226873397827,0.0,0.7593787908554077,0.2799326777458191,0.0,0.36248543858528137,0.3282998204231262,0.44987615942955017,0.641077995300293,0.0,0.5039659738540649,0.6683511137962341,0.012958435341715813,0.41457778215408325,0.4627625048160553
1370819,0.40732359886169434,0.0,0.0,0.209621861577034,0.49289175868034363,0.0,0.0,0.008406545035541058,0.0,0.0,0.4100508391857147,0.13407781720161438,0.5162169933319092,0.09429600089788437,0.36850547790527344,0.0,0.19052857160568237,0.0,0.28430411219596863,0.0,0.4610236883163452,0.12836754322052002,0.84659343957901,0.23131072521209717,0.6269048452377319,0.0,0.5215404629707336,0.15375007688999176,0.528337299823761,0.0,0.09851459413766861,0.5091363191604614,0.5720420479774475,0.0,0.1044904962182045,0.30406486988067627,0.6324940323829651,0.0,0.22927148640155792,0.13250373303890228,0.0,0.36183568835258484,0.8743654489517212,0.1507495641708374,0.0,0.0,0.374500036239624,0.0,0.4476257264614105,0.036046430468559265,1.2264176607131958,0.0,0.8598402142524719,0.6699137687683105,1.1014257669448853,0.211126446723938,1.0519567728042603,0.08473814278841019,0.03289909288287163,0.0021351450122892857,0.19616930186748505,0.018791573122143745,0.0,0.4042656421661377
1371132,0.002097276272252202,0.8737278580665588,0.0,0.056088123470544815,0.019443439319729805,0.0,0.0030226074159145355,0.025547418743371964,1.1856143474578857,1.3237088918685913,0.0,0.9724124073982239,0.0045559643767774105,1.6348010301589966,0.0,0.0,0.0,0.0,0.09154761582612991,0.03132377192378044,0.1526852399110794,0.0,0.007634004112333059,0.0,0.0,1.0424377918243408,0.0,0.0010277770925313234,0.0,1.185280442237854,0.0,0.0,0.0,0.015428215265274048,0.8748984932899475,0.0,0.5545975565910339,1.233811378479004,1.1486233472824097,0.0,0.42334702610969543,1.2658097743988037,0.9367311596870422,0.001838452066294849,0.018883133307099342,0.1236116960644722,0.0,0.057971637696027756,0.0,0.1671610325574875,1.3195722103118896,0.0,0.0,1.0526442527770996,0.43428435921669006,1.2377694845199585,0.9315828680992126,0.0,0.0,0.0,1.1630502939224243,1.3446661233901978,0.004717190749943256,1.284666657447815
1371554,2.3435144424438477,0.04668272286653519,0.0,0.0,0.011303959414362907,0.031124189496040344,0.0,0.0003278560470789671,0.0747712254524231,0.03762338310480118,2.568484306335449,0.032256536185741425,0.07561872899532318,2.3523011207580566,0.04390089213848114,0.0,0.0,0.03493453189730644,0.03833712637424469,0.03235512599349022,2.4051513671875,0.039019595831632614,2.6679346561431885,0.03884023427963257,3.135641574859619,0.0404340885579586,0.058625150471925735,0.0,0.05359194427728653,2.5677649974823,0.0,2.7369747161865234,0.028364643454551697,2.7355093955993652,3.1751606464385986,2.438873052597046,2.2573800086975098,0.03227652981877327,3.1760528087615967,2.6154274940490723,0.0,2.2688241004943848,0.0,0.037166863679885864,2.1661670207977295,2.76503324508667,2.244246006011963,0.029149269685149193,0.0,0.06598597764968872,2.1156129837036133,2.1778550148010254,0.0670294538140297,2.797053813934326,1.8019264936447144,2.974860906600952,2.3044819831848145,2.8376567363739014,2.887706756591797,0.014934932813048363,0.0,0.06185324117541313,0.0,0.015924178063869476
1372180,0.8497657179832458,0.0055136894807219505,0.0,0.01785036362707615,0.137750044465065,0.18992774188518524,0.0,0.29981309175491333,0.0,0.0,0.530663013458252,0.02383507415652275,0.28532227873802185,0.18637467920780182,0.6907399296760559,0.21084967255592346,0.3067517876625061,0.0,0.3411576449871063,0.0,0.15960052609443665,0.23934364318847656,0.1485908478498459,0.5166529417037964,0.5627351999282837,0.0,0.41067108511924744,0.3762252628803253,0.5726357698440552,0.42653337121009827,0.11821237951517105,0.7324530482292175,0.7929126024246216,0.0,0.30871817469596863,0.4928726851940155,0.5085988640785217,0.0,0.22428393363952637,0.401789128780365,0.0,0.1230350136756897,0.7737571597099304,0.41263189911842346,0.0,0.028357481583952904,0.4075338542461395,0.0,0.3704550564289093,0.06434319168329239,1.4588061571121216,0.011937952600419521,1.038925051689148,0.34905967116355896,0.5455576181411743,0.259858638048172,1.0293443202972412,0.6559016108512878,0.25670796632766724,0.40444278717041016,0.2340572029352188,0.4694426357746124,0.0,0.04034581780433655
1372181,2.6281139850616455,2.5654008388519287,0.0,0.0,2.348567247390747,2.447296619415283,0.9208242893218994,2.3575658798217773,3.4016942977905273,1.7907942533493042,0.0,0.571906566619873,2.159069776535034,1.8032511472702026,0.0,0.0,0.0,2.66098690032959,3.2959394454956055,0.0,2.8083672523498535,3.0620367527008057,0.0,0.0,0.0,1.6768513917922974,0.0,0.0,2.203608274459839,0.0,0.0,0.16535551846027374,0.0,2.8514580726623535,0.0,0.0,0.0,2.975454092025757,2.1726818084716797,0.0,2.339873790740967,2.353008508682251,2.2288854122161865,2.3782196044921875,2.587765693664551,0.0,0.0,0.0,2.2641773223876953,2.489039421081543,0.0,0.0,2.096980333328247,1.0592656135559082,0.0,3.0138256549835205,0.0,0.0,0.0,0.0,0.0,2.3012707233428955,2.2724502086639404,0.0
1381534,0.20686939358711243,0.007302478887140751,0.0,1.1512287855148315,0.0007310213404707611,0.0,0.0,0.9205278754234314,0.0,0.0,0.599707841873169,0.7448360919952393,1.794005274772644,1.5655847787857056,0.15241526067256927,0.0,0.5964419841766357,0.0,0.9764904379844666,0.0,1.1564452648162842,0.018011033535003662,0.12331406772136688,0.021452946588397026,0.06718085706233978,0.0,0.023099038749933243,0.018215369433164597,0.24094198644161224,0.6698442697525024,1.6992003917694092,0.03355449438095093,0.03833284601569176,0.0,0.8502678275108337,0.013892723247408867,0.1680026799440384,0.0,0.6514995098114014,0.5413637757301331,0.0,1.2247867584228516,0.14756205677986145,0.3853713870048523,0.002934927586466074,0.0,0.0,0.0,0.931206464767456,0.06288345903158188,0.8288066387176514,0.0,0.054885029792785645,0.15016008913516998,0.053167182952165604,0.005814907141029835,0.02957266941666603,0.051862239837646484,1.1624950170516968,0.0,0.617353618144989,0.0037970582488924265,0.0,1.0199543237686157
1382112,0.2699332535266876,0.06429236382246017,0.7128008604049683,0.0026137640234082937,0.22740371525287628,0.4674263596534729,0.08855577558279037,0.10679101943969727,0.6714238524436951,0.6717516183853149,0.3193970322608948,0.5896095633506775,0.7192453742027283,0.618172287940979,0.836823582649231,0.23377786576747894,0.0,0.4045863747596741,0.47788646817207336,0.0,0.2680753767490387,0.39343851804733276,0.6310505270957947,0.04005752131342888,0.08408721536397934,0.30666714906692505,0.40495121479034424,0.0,0.8847095966339111,0.0,0.6462355256080627,0.1905512809753418,0.9630594253540039,0.0,0.0,0.6410965323448181,0.22573207318782806,0.3324667513370514,0.008231918327510357,0.12010928988456726,0.6584517955780029,0.09142756462097168,0.72055983543396,0.1397043615579605,0.7062456607818604,0.6503146290779114,0.24951991438865662,0.0,1.0595698356628418,0.8855809569358826,0.0,0.26691997051239014,0.2628665864467621,0.0,0.02671731449663639,0.3639368712902069,0.9641647934913635,0.897347092628479,0.0,0.7476234436035156,0.5333848595619202,0.30477988719940186,0.12918449938297272,0.9496168494224548
1383335,2.041212558746338,1.9380890130996704,0.0,0.0,1.7681374549865723,1.7533700466156006,0.08933011442422867,1.7100797891616821,1.9979934692382812,1.6757339239120483,0.0,0.6983087062835693,1.4719692468643188,1.5122472047805786,0.0,0.0,0.0,1.7745009660720825,2.3648486137390137,0.0,1.6931517124176025,2.0448575019836426,0.0,0.0,0.0,1.2871853113174438,0.0,0.0,1.5393157005310059,0.0,0.0,0.075458824634552,0.0,1.6083518266677856,0.0,0.0,0.0,2.0230045318603516,1.5900593996047974,0.02548898383975029,1.3473901748657227,1.1979340314865112,1.5946567058563232,1.8669178485870361,1.929716944694519,0.0,0.0,0.0,1.6315183639526367,1.6064633131027222,0.0,0.0,1.6520270109176636,0.7502875328063965,0.0022963653318583965,1.9873924255371094,0.0,0.0,0.0,0.0,0.0,1.5645090341567993,1.49752938747406,0.0
1385747,0.0029937406070530415,0.6843799948692322,0.2741835415363312,0.0,0.0,0.24809254705905914,0.7767044305801392,0.09763111174106598,1.8024930953979492,1.178979754447937,0.47523149847984314,1.0831562280654907,0.06122547388076782,1.3528506755828857,0.0,0.18065346777439117,0.015048998408019543,0.0,0.3475947380065918,0.11733344942331314,0.21625278890132904,0.11391361802816391,0.1490904986858368,0.0,0.062083449214696884,1.2848800420761108,0.0,0.35135799646377563,0.4934186637401581,0.120400071144104,0.0,0.13643814623355865,0.0,0.22752244770526886,0.36491674184799194,0.0,0.7017017602920532,1.1587886810302734,1.44303297996521,0.0,0.3046724498271942,0.578076183795929,0.6263812184333801,0.09643705934286118,0.27172520756721497,0.17764520645141602,0.0,0.0,0.027931969612836838,0.5402733087539673,1.2653751373291016,0.0,0.2938707172870636,0.7278221249580383,0.6221351027488708,0.3487321734428406,0.4031992256641388,1.013507604598999,0.0,0.08730173856019974,0.4868432581424713,1.1535123586654663,0.17064142227172852,0.9885515570640564
1386698,1.3323702812194824,0.16536396741867065,0.0,0.0,0.2642936110496521,0.10867814719676971,0.0,0.0033765945117920637,0.4002084732055664,0.1507716029882431,1.9950230121612549,0.10104971379041672,0.45972728729248047,1.3091723918914795,0.3528187572956085,0.0,0.0,0.43308141827583313,0.06742363423109055,0.29959943890571594,1.228805661201477,0.5775862336158752,1.6891939640045166,0.25884512066841125,2.0750558376312256,0.8593003749847412,0.5705835819244385,0.23684296011924744,0.18617169559001923,1.7557854652404785,0.0,1.4620026350021362,0.910172164440155,1.377636194229126,1.4659457206726074,1.5435254573822021,1.1482064723968506,0.09021709859371185,2.176072835922241,1.4471797943115234,0.0,1.2641462087631226,0.0,0.3699011504650116,1.3106396198272705,1.4340708255767822,2.0996718406677246,0.4569777250289917,0.0,0.20263396203517914,1.6292139291763306,1.213578701019287,0.5952110886573792,1.6822909116744995,1.175693392753601,2.009133815765381,1.574741244316101,2.1405129432678223,1.6504346132278442,0.10737024247646332,0.0,0.634466826915741,0.0,0.5780926942825317
1390489,0.22545059025287628,0.11145000904798508,0.0,1.1983956098556519,0.2113753855228424,0.20433349907398224,0.0,0.16490936279296875,0.24631831049919128,0.13515788316726685,2.046006679534912,0.009617382660508156,0.27437466382980347,0.2356194704771042,0.0,0.0,1.6768980026245117,0.1960947960615158,0.4787794053554535,0.0,0.021816572174429893,0.43647459149360657,1.270525574684143,0.0,0.0,0.13024838268756866,0.0,1.5371828079223633,0.23115894198417664,0.0,1.8507124185562134,0.746951162815094,0.0,0.41054049134254456,0.0,0.0,0.0,0.17445428669452667,0.2826419174671173,1.5022907257080078,0.2562198042869568,0.1665099561214447,0.12861691415309906,0.196889266371727,0.28514742851257324,1.593483567237854,1.4510401487350464,1.411224365234375,0.23593144118785858,0.375215083360672,1.867300271987915,1.3869246244430542,0.19645662605762482,0.03968559950590134,2.54099702835083,0.22405168414115906,2.7391858100891113,0.0,0.0,1.3557668924331665,0.0,0.13494731485843658,0.09275124222040176,1.2821204662322998
1403173,0.7396988272666931,0.06873726099729538,1.125268578529358,0.01891174726188183,0.41188982129096985,0.7355796694755554,0.023096827790141106,0.15891051292419434,1.0926120281219482,1.3685935735702515,0.8130331635475159,0.8856779336929321,1.386749029159546,0.7669103741645813,1.3780502080917358,0.22057338058948517,0.0,0.8332102298736572,0.6015990972518921,0.12314044684171677,0.25029733777046204,0.20645155012607574,0.7359317541122437,0.046166762709617615,0.18098826706409454,0.2361404001712799,0.8023521304130554,0.0,1.4452916383743286,0.0,0.606135904788971,0.10662949085235596,1.9530636072158813,0.0,0.0,0.9649162292480469,0.41684475541114807,0.22484154999256134,0.9797853231430054,0.6736220717430115,1.2820837497711182,0.1052120178937912,1.4793225526809692,0.09690303355455399,1.591917872428894,1.5725510120391846,0.5704419612884521,0.0,1.9233322143554688,1.2813118696212769,0.0,0.2777573764324188,0.6400201916694641,0.0,0.13166183233261108,0.9922641515731812,0.991482138633728,1.4407812356948853,0.0,1.3037656545639038,0.24779485166072845,0.28329965472221375,0.118280790746212,1.2890199422836304
1404688,2.050584077835083,1.165952444076538,0.0,0.0,0.0,0.6327866315841675,0.0,0.0867234393954277,0.0,0.0,0.27291473746299744,0.0,0.1911322921514511,0.0,1.318196415901184,0.32679349184036255,0.870793342590332,0.0,0.0,0.0,0.014420537278056145,0.6393665671348572,0.1403706967830658,0.9849315881729126,0.8926474452018738,0.0,0.8946827054023743,1.442966341972351,0.8824175000190735,0.006083455868065357,0.004261848982423544,1.266217589378357,1.2658189535140991,0.0,0.14271678030490875,0.6396421790122986,0.9728765487670898,0.2988073527812958,0.4903278052806854,0.12213462591171265,0.0,0.004748125094920397,1.223773717880249,0.11795467883348465,0.0,0.0,0.45702293515205383,0.0,0.06724013388156891,0.5231903195381165,2.797992706298828,0.7143383622169495,1.547842264175415,0.657246470451355,1.6098757982254028,0.006273417733609676,1.9587152004241943,1.1486566066741943,0.0,0.4377884864807129,0.013125734403729439,1.4234904050827026,0.0,0.004617718514055014
1407660,0.0,0.24473293125629425,0.07534945756196976,0.12165873497724533,0.0,0.002469256054610014,0.1612939089536667,0.0723244845867157,0.4873332381248474,0.7167615294456482,0.08479654043912888,0.3334938883781433,0.020200947299599648,0.6450545191764832,0.0,0.12349066138267517,0.0,0.0,0.08141786605119705,0.004463949706405401,0.3807445168495178,0.0,0.10079051554203033,0.24465839564800262,0.0,0.6554982662200928,0.0,0.04519164189696312,0.05028025805950165,0.7933219075202942,0.0,0.0069289603270590305,0.023272516205906868,0.1689615398645401,0.5686053037643433,0.0,0.10092736780643463,0.7972918748855591,0.5059264898300171,0.0,0.18669393658638,0.6491565108299255,0.47571489214897156,0.39505869150161743,0.0,0.21519067883491516,0.0,0.7747214436531067,0.2159181386232376,0.04481051117181778,0.5162917375564575,0.0,0.05771388113498688,0.6875849366188049,0.40059614181518555,0.8459571599960327,0.6115885376930237,0.0,0.0,0.0,0.7369315028190613,0.6508702635765076,0.0,0.8639548420906067
1408290,0.8501279354095459,0.0013320944271981716,0.0,0.12523148953914642,0.38771724700927734,0.0,0.0,0.3953803777694702,0.0,0.0,0.38530460000038147,0.06998556107282639,0.5475296378135681,0.2569979429244995,0.4629633128643036,0.013563793152570724,0.36709854006767273,0.0,0.31400972604751587,0.0,0.61283940076828,0.4590720534324646,0.5238155126571655,0.3787361979484558,0.5560562610626221,0.0,0.30212122201919556,0.08570495247840881,0.2947922945022583,0.3097990155220032,0.38802745938301086,0.5521565079689026,0.6035862565040588,0.0,0.5844707489013672,0.23907306790351868,0.42568936944007874,0.0,0.31140580773353577,0.18195506930351257,0.006692288443446159,0.3983196020126343,0.7969141006469727,0.5031213164329529,0.0,0.0,0.346713662147522,0.0,0.33362850546836853,0.06111455336213112,1.2000268697738647,0.0,0.9208464026451111,0.3471902012825012,0.7208020687103271,0.11715997755527496,1.0740996599197388,0.2883904278278351,0.222146138548851,0.091443732380867,0.28445369005203247,0.2819861173629761,0.0,0.4478612244129181
1414022,2.184915781021118,2.1288349628448486,0.0,0.0,2.2276504039764404,2.178877592086792,0.40818148851394653,2.249561309814453,2.754434823989868,2.4624078273773193,0.0,0.8147366642951965,1.955215573310852,1.9537005424499512,0.0,0.0,0.0,2.371457576751709,3.1239662170410156,0.0,2.450852394104004,2.634596586227417,0.0,0.0,0.0,1.5269980430603027,0.0,0.0,2.2147903442382812,0.0,0.0,0.011194074526429176,0.0,2.335587978363037,0.0,0.0,0.0,2.679961919784546,1.930260181427002,0.0,1.980997085571289,1.7502671480178833,2.1941933631896973,2.524336576461792,2.4634902477264404,0.0,0.0,0.0,2.4687516689300537,2.1827025413513184,0.0,0.0,2.027212619781494,0.906446635723114,0.0,2.4461843967437744,0.0,0.0,0.0,0.0,0.0,1.9086759090423584,1.9795712232589722,0.0
1414967,0.9206700921058655,0.1501048505306244,1.3717204332351685,0.0,0.4889284670352936,0.4362714886665344,0.0,0.0,1.0081901550292969,1.1993776559829712,0.49142274260520935,0.7216188907623291,1.0538078546524048,0.6619792580604553,1.2195647954940796,0.03813103213906288,0.0,0.6942086219787598,0.940122127532959,0.9880109429359436,0.05676053464412689,0.08646896481513977,0.4081489145755768,0.0,0.011157477274537086,0.2313755303621292,0.4036051630973816,0.0,1.7041850090026855,0.0,0.736992597579956,0.05486276373267174,1.0518443584442139,0.0,0.0,0.8098066449165344,0.1857188493013382,0.15080560743808746,0.460843563079834,0.40455639362335205,0.8827387094497681,0.3392045497894287,1.322555422782898,0.08055195957422256,1.6969765424728394,1.2064682245254517,0.0,0.0,1.4232432842254639,1.140907645225525,0.0,0.3497397303581238,0.5394471287727356,0.005192452110350132,0.03640592843294144,0.4284791052341461,1.0424710512161255,0.8934980630874634,0.0,0.9903015494346619,0.5343512296676636,0.0,0.03165295720100403,1.105334997177124
1416483,1.2838661670684814,0.41148439049720764,0.0,0.09187300503253937,0.00018574214482214302,0.15239831805229187,0.0,0.02134118042886257,0.0,0.0,0.05300081893801689,0.0,0.14172890782356262,0.001948301331140101,1.0689548254013062,0.043209005147218704,0.5234612226486206,0.0,0.0,0.0,0.12400863319635391,0.47353488206863403,0.15075206756591797,0.8657070994377136,0.6497703194618225,0.0,1.019849181175232,0.9051758646965027,0.5953309535980225,0.047792982310056686,0.2096368968486786,0.997357964515686,1.0714821815490723,0.0,0.014050464145839214,0.42380064725875854,0.4756496846675873,0.0,0.4854516386985779,0.0,0.0,0.028954287990927696,1.132944941520691,0.28096121549606323,0.0015899507561698556,0.0,0.31690216064453125,0.0,0.1911858469247818,0.35635966062545776,1.6816060543060303,0.3685455024242401,1.2053805589675903,0.6091181635856628,0.7812250852584839,0.18764245510101318,1.3965754508972168,0.664479672908783,0.21476760506629944,0.37511521577835083,0.06562723964452744,1.032684564590454,0.0,0.0
1417008,0.3972541391849518,0.053849849849939346,1.1865205764770508,0.003127193544059992,0.3003847301006317,0.623275876045227,0.13202008605003357,0.03333548456430435,0.951910674571991,1.1249299049377441,0.5626773834228516,0.6489166617393494,0.822299063205719,0.7012217044830322,1.0706080198287964,0.3186521828174591,0.0,0.4588933289051056,0.3934418857097626,0.04647143930196762,0.09793759137392044,0.27138879895210266,0.721115231513977,0.039599452167749405,0.048148732632398605,0.03685617074370384,0.2894335389137268,0.0,1.0928709506988525,0.0,0.8582642078399658,0.043502870947122574,1.3042081594467163,0.0,0.0,0.8484968543052673,0.4970929026603699,0.17343686521053314,0.15847080945968628,0.3917689621448517,0.774568498134613,0.04153456166386604,0.8384188413619995,0.06899287551641464,0.8639860153198242,1.0605695247650146,0.07740254700183868,0.0,1.262006163597107,0.8856165409088135,0.0,0.09225643426179886,0.4157937169075012,0.0,0.03357628732919693,0.7370747923851013,0.9403553009033203,1.108528971672058,0.0,0.988410234451294,0.8737900257110596,0.36844778060913086,0.13967742025852203,1.0203744173049927
1418000,1.1853535175323486,0.21946296095848083,0.0,0.06919490545988083,0.0,0.20989084243774414,0.0,0.10541475564241409,0.0,0.0,0.36971160769462585,0.005160700995475054,0.0427980050444603,0.034946754574775696,0.7008082866668701,0.08206445723772049,0.4499257206916809,0.0,0.0,0.0,0.0,0.17053455114364624,0.3520391881465912,0.7920819520950317,0.7780432105064392,0.0,1.0579084157943726,1.1286585330963135,0.6990077495574951,0.18349716067314148,0.17913508415222168,1.1146279573440552,1.0759574174880981,0.0,0.0,0.5282782912254333,0.384541779756546,0.014121613465249538,0.4440139830112457,0.07062070071697235,0.0,0.01892785169184208,0.9660899639129639,0.35102707147598267,0.0,0.002501146402209997,0.4047450125217438,0.0,0.02582598850131035,0.30220893025398254,1.9171797037124634,0.27095693349838257,1.2667824029922485,0.6721928715705872,0.8100079298019409,0.3753829896450043,1.368132472038269,0.6540213227272034,0.3644944429397583,0.3386020064353943,0.13740620017051697,0.9920350909233093,0.0,0.0
1419825,0.008487923070788383,0.6942703127861023,0.0,0.0,0.0,0.0,0.0,0.0,1.2643300294876099,1.3685017824172974,0.0,0.9232328534126282,0.0,1.5227676630020142,0.0,0.0,0.0,0.0,0.025246847420930862,0.022386459633708,0.056859519332647324,0.005668309051543474,0.0,0.0,0.0,1.12247896194458,0.0,0.0,0.0,1.154779076576233,0.0,0.0,0.002360590500757098,0.015038040466606617,1.0144051313400269,0.0,0.2936210632324219,1.5291550159454346,1.1747708320617676,0.0,0.46065443754196167,1.227782130241394,0.9860023856163025,0.0,0.0,0.0,0.0,0.1408240646123886,0.0,0.31498098373413086,1.3447457551956177,0.0,0.0,1.3094582557678223,0.7780832052230835,1.2518925666809082,1.0732804536819458,0.06010902300477028,0.0,0.0,0.9238725900650024,1.404305338859558,0.0,1.3978723287582397
1421261,2.005420446395874,0.8784063458442688,0.0,0.0,0.0,0.26459652185440063,0.0,0.0,0.0,0.0,0.31422531604766846,0.0,0.00956260971724987,0.0,1.6384670734405518,0.4020277261734009,0.9503536820411682,0.0,0.0,0.0,0.0,0.8385859131813049,0.4586436450481415,1.2498940229415894,1.1225340366363525,0.0,0.7564389109611511,1.3744351863861084,1.1984137296676636,0.0,0.0,1.2968924045562744,1.6589123010635376,0.0,0.024809831753373146,0.7725077271461487,0.9495578408241272,0.0,0.3730609714984894,0.015451890416443348,0.0,0.0,1.8962035179138184,0.022168368101119995,0.0,0.0,0.45367231965065,0.0,0.014215022325515747,0.5492311120033264,2.7384932041168213,0.8684113025665283,1.9758421182632446,1.085503101348877,1.3953477144241333,0.07551639527082443,2.3645989894866943,1.1830215454101562,0.009324937127530575,0.5619947910308838,0.0,1.6775766611099243,0.0,0.0
1421316,0.008902582339942455,0.7339286208152771,0.004028155002743006,0.13520407676696777,0.04887343943119049,0.0,0.004787884186953306,0.01922425627708435,1.0934219360351562,1.0268288850784302,0.0,0.6280451416969299,0.008442926220595837,1.2929972410202026,0.0,0.0,0.0,0.0,0.08414501696825027,0.037604350596666336,0.2026742398738861,0.0,0.0,0.0,0.0,0.8126463294029236,0.0,0.01628338173031807,0.0,0.9337623715400696,0.0,0.0,0.0,0.21031613647937775,0.5563598871231079,0.0,0.37467116117477417,1.0410594940185547,0.9335046410560608,0.0,0.2081843912601471,1.234793782234192,0.7484643459320068,0.0,0.0,0.027615845203399658,0.0,0.06835121661424637,0.0,0.2240263968706131,1.1168423891067505,0.0,0.011864054016768932,0.8998308777809143,0.3028421103954315,1.0608195066452026,0.972646176815033,0.09629858285188675,0.0,0.0,0.9338707327842712,1.102151870727539,0.06447748839855194,1.203328251838684
1422523,1.7391453981399536,1.088628888130188,0.0,0.07319602370262146,0.0,0.0,0.0,0.0,0.0,0.0,0.5089700818061829,0.0,0.13804389536380768,0.002513494109734893,1.3512877225875854,0.38781043887138367,0.913586437702179,0.0,0.0,0.0,0.12485907226800919,0.7555100917816162,0.46702873706817627,0.7735798954963684,0.9213731288909912,0.0,0.5932134389877319,0.904355525970459,1.3197554349899292,0.0,0.008676338009536266,0.8500648140907288,1.2398539781570435,0.0,0.02863837592303753,0.6830925941467285,1.3185354471206665,0.04021355137228966,0.8054954409599304,0.1578855663537979,0.0,0.0,1.3804670572280884,0.0,0.0,0.0,0.6573057770729065,0.0,0.029744258150458336,0.7021844983100891,2.868446111679077,0.7176291942596436,1.5559629201889038,1.2505927085876465,1.5857924222946167,0.0,1.8843919038772583,0.845087468624115,0.23491275310516357,0.8647226691246033,0.0,1.3248604536056519,0.0,0.0
1422770,3.6284570693969727,0.0,0.0,0.0,0.0,0.0,0.0,0.0,0.0,0.0,4.370466709136963,0.0,0.0,3.7160089015960693,0.0,0.0,0.0,0.0,0.0,0.0,3.6818580627441406,0.0,3.9907872676849365,0.0,4.334788799285889,0.0,0.0,0.0,0.0,4.188730239868164,0.0,4.137847900390625,0.0,4.011598110198975,4.646824359893799,3.5902583599090576,3.7047340869903564,0.0,5.203348636627197,3.9437196254730225,0.0,3.4680755138397217,0.0,0.0,3.275461435317993,3.837517738342285,2.798729181289673,0.0,0.0,0.0,3.6798741817474365,3.749052047729492,0.0,3.9298601150512695,2.675574541091919,4.928813457489014,3.936389207839966,3.8189258575439453,4.136947154998779,0.0,0.0,0.0,0.0,0.0
1423789,2.4172401428222656,0.042361948639154434,0.0,0.0,0.024711797013878822,0.045425619930028915,0.0,0.0,0.04980212450027466,0.042302682995796204,2.278369903564453,0.05016351118683815,0.03546953946352005,2.358991861343384,0.03619192913174629,0.0,0.0,0.051562342792749405,0.039941586554050446,0.03773169592022896,2.0671281814575195,0.05443186312913895,2.4249844551086426,0.026326751336455345,2.589766263961792,0.05257054790854454,0.05214570835232735,0.05942356586456299,0.042187564074993134,2.5548009872436523,0.0,2.650662660598755,0.028849758207798004,2.6332364082336426,2.7094199657440186,2.396832227706909,2.4513955116271973,0.02763255499303341,3.080495834350586,2.730074882507324,0.0,2.308837413787842,0.0,0.022103382274508476,2.1099464893341064,2.5880351066589355,1.7816641330718994,0.05056549981236458,0.0,0.06468337029218674,2.492544651031494,1.9496465921401978,0.05591970682144165,2.190204620361328,1.9942370653152466,2.680009126663208,2.2484560012817383,2.6243021488189697,2.4579992294311523,0.025155767798423767,0.0,0.05038341507315636,0.0,0.005391413811594248
1424148,2.711275100708008,0.0,0.0,0.0,0.0,0.0,0.0,0.1465136557817459,0.004208983387798071,0.0,3.005070447921753,0.0,0.0,2.747197389602661,0.0,0.0,0.0,0.0,0.0,0.0,2.7407989501953125,0.003978674300014973,2.79828143119812,0.0022900677286088467,3.367360830307007,0.05358894169330597,0.0,0.1033538356423378,0.0,3.431753396987915,0.0,3.3066070079803467,0.0,3.1929709911346436,3.278738021850586,2.5337536334991455,2.8940112590789795,0.0,3.911484956741333,2.9795761108398438,0.0,2.669570207595825,0.0,0.0,2.8097896575927734,2.9330756664276123,2.886061906814575,0.0,0.0,0.003644053591415286,3.149777889251709,2.5413358211517334,0.0,3.3228180408477783,2.318185806274414,3.713758707046509,2.9401659965515137,3.1130199432373047,3.0754334926605225,0.0,0.0,0.0,0.0,0.0
1425960,0.8647609949111938,1.2438313961029053,0.0,0.02118244208395481,1.1203625202178955,1.0336263179779053,0.0,1.1812878847122192,1.1605201959609985,0.9939771294593811,0.1961270272731781,0.3395025432109833,0.8983758687973022,1.0846861600875854,0.0,0.0,0.47065088152885437,0.8173636794090271,1.4393634796142578,0.0,0.8996596336364746,1.2067543268203735,0.164076566696167,0.0,0.0,0.6913508176803589,0.0,0.3902323842048645,0.7011646032333374,0.0,0.20504562556743622,0.11254053562879562,0.0,0.7791720628738403,0.0,0.0,0.0,1.1725250482559204,0.7436996102333069,0.5331752896308899,0.6514658331871033,0.7011317014694214,0.7167461514472961,1.0352873802185059,1.1700305938720703,0.13649523258209229,0.1901826560497284,0.2772558331489563,1.0262157917022705,0.8443160653114319,0.20324137806892395,0.19727589190006256,0.923369288444519,0.1929069310426712,0.5345317721366882,1.1378390789031982,0.44516587257385254,0.0,0.0,0.4331998825073242,0.0,0.9713672995567322,0.9920662641525269,0.11369200795888901
1426919,0.004478711634874344,1.5646026134490967,0.03287407383322716,0.039995141327381134,1.4226082563400269,0.6962231397628784,0.01907357946038246,0.016881415620446205,0.0129981879144907,0.034657273441553116,0.012616158463060856,0.01419318187981844,0.01278225239366293,0.028450531885027885,0.01594301126897335,1.3600356578826904,0.0,0.0,0.0357777401804924,0.0,2.244703531265259,2.543701648712158,0.042982351034879684,2.0276238918304443,2.2896416187286377,2.1966335773468018,0.0,0.0,0.019559089094400406,0.0,0.056549519300460815,1.7928746938705444,0.024622250348329544,0.0,0.0,0.011081604287028313,1.4228515625,1.405665636062622,0.0,0.0,0.013489794917404652,2.017695903778076,0.007059155963361263,1.864813208580017,0.02387261390686035,0.019284194335341454,1.8176822662353516,0.0,0.014108789153397083,0.02510802634060383,0.002697891788557172,1.980352759361267,0.025516513735055923,0.007876003161072731,1.359304666519165,0.011605278588831425,0.025844821706414223,0.02763264998793602,0.0,0.02628113515675068,0.035048164427280426,0.49830713868141174,1.1896073818206787,0.013070265762507915
188981,0.025030585005879402,0.0,0.0,1.6850029230117798,0.1127966120839119,0.03722759708762169,0.0,0.08637437969446182,0.10274878144264221,0.08359847217798233,2.1565356254577637,0.057530079036951065,0.0,0.090768963098526,0.0,0.0,1.916994571685791,0.029404787346720695,0.01596796326339245,0.0,0.02466282993555069,0.11579868197441101,2.198014497756958,0.0,0.0,0.017143702134490013,0.0,2.376269578933716,0.10848324745893478,0.0,1.9400840997695923,1.170172929763794,0.0,0.03956681862473488,0.0,0.0,0.0,0.1285306066274643,0.08412832021713257,2.251378059387207,0.003302753670141101,0.04539639875292778,0.07744355499744415,0.038810666650533676,0.3281925916671753,1.9453343152999878,2.2601523399353027,2.042348623275757,0.0,0.043941106647253036,2.018754720687866,1.4555221796035767,0.04560273513197899,0.027085494250059128,3.1556594371795654,0.04986776411533356,3.677091121673584,0.0,0.0,1.8270618915557861,0.0,0.027194572612643242,0.13206078112125397,1.8434909582138062
2187085,0.14016757905483246,0.022150209173560143,0.3906095325946808,0.4119051396846771,0.030114078894257545,0.5964924097061157,0.4268375039100647,0.15882481634616852,0.3586542010307312,0.13722912967205048,0.7518919706344604,0.0,0.4791710078716278,0.1473250836133957,0.0,0.6434744000434875,0.0,0.0,0.3564372956752777,0.0,0.755905270576477,0.0,0.32576727867126465,0.3993745446205139,0.0,0.21448679268360138,0.0,0.647298276424408,0.5887818336486816,0.23122800886631012,0.0,0.5782821774482727,0.0086431372910738,0.4041807949542999,0.22470879554748535,0.0,0.3290445804595947,0.2356496900320053,0.16141507029533386,0.0,0.07920391857624054,0.19326607882976532,0.27001193165779114,0.5477892160415649,0.34838151931762695,0.49094414710998535,0.0,0.19435463845729828,0.6564257740974426,0.1926165670156479,0.03078870102763176,0.0,0.49651098251342773,0.20642821490764618,0.23106800019741058,0.2822256088256836,0.4203300476074219,0.0,0.0,0.46634358167648315,0.48777905106544495,0.19099687039852142,0.36753711104393005,0.1906377375125885
251972,1.3300577402114868,0.757286012172699,0.0,0.019126176834106445,0.0,0.20740824937820435,0.0,0.33694222569465637,0.0,0.0,0.5563792586326599,0.1657729595899582,0.6216572523117065,0.07950159162282944,1.0547313690185547,0.20992718636989594,0.5388838648796082,0.0,0.16657550632953644,0.0,0.0,0.1525089591741562,0.03368045389652252,0.9168371558189392,0.6435666680335999,0.0,0.6768444180488586,0.9540810585021973,0.9741304516792297,0.6057742238044739,0.3142266273498535,1.1751302480697632,1.0890511274337769,0.0,0.16484764218330383,0.5029800534248352,0.7767093181610107,0.011934235692024231,0.6577511429786682,0.048827752470970154,0.0,0.014158886857330799,1.0754578113555908,0.11336889117956161,0.018473146483302116,0.0,0.6910701394081116,0.0,0.22030580043792725,0.8758357167243958,2.3677191734313965,0.014565893448889256,0.9201047420501709,0.5342376828193665,1.2318763732910156,0.19243192672729492,1.1341878175735474,0.14986543357372284,0.3635939359664917,0.35612234473228455,0.26602810621261597,0.8496627807617188,0.0,0.0
2635972,0.6026568412780762,0.13875679671764374,0.7784517407417297,0.0,0.2526324987411499,0.7694301009178162,0.0,0.0,0.8528254628181458,0.8659464716911316,0.5732603669166565,0.42263418436050415,0.6551005244255066,0.6290326714515686,0.8284245133399963,0.2910248339176178,0.0,0.5284460783004761,0.6518535614013672,0.7931497097015381,0.1668592095375061,0.18952558934688568,0.5118264555931091,0.196136936545372,0.31400594115257263,0.377177894115448,0.19963809847831726,0.0,1.303389310836792,0.0,0.40316271781921387,0.29529181122779846,0.9039893746376038,0.0,0.0,0.8128231763839722,0.3294737935066223,0.1232566088438034,0.4093664288520813,0.4488811492919922,0.8530431389808655,0.303227961063385,0.674594521522522,0.2950078547000885,0.859880805015564,0.8558170795440674,0.1332884579896927,0.0,1.0178567171096802,0.5694975852966309,0.0,0.5223910808563232,0.22759121656417847,0.0,0.358909547328949,0.4680699110031128,0.7494173645973206,0.62575364112854,0.0,0.711161732673645,0.49386534094810486,0.03337946534156799,0.28228649497032166,0.7723480463027954
265715,1.0525305271148682,0.5518359541893005,0.0,0.0,0.37387850880622864,0.35053449869155884,0.0,0.0,0.8559073805809021,0.46775946021080017,0.9610423445701599,0.6042433977127075,0.47209611535072327,1.0764966011047363,0.5618342161178589,0.0,0.0,0.47354862093925476,0.4437040090560913,0.5113810300827026,0.9119827747344971,0.600367546081543,1.0586066246032715,0.4613925814628601,1.3710041046142578,0.5066280961036682,0.39177206158638,0.013626052998006344,0.30662691593170166,1.329383134841919,0.0,1.1707872152328491,0.7227144837379456,0.9965680241584778,1.2937617301940918,0.6164538860321045,0.9702139496803284,0.5100889801979065,1.2402297258377075,0.8961260914802551,0.0,0.8836950659751892,0.0,0.38621917366981506,1.1112642288208008,1.2790017127990723,1.1769213676452637,0.7473400831222534,0.0,0.43704116344451904,1.0814510583877563,1.0148805379867554,0.6227967739105225,1.1632109880447388,0.9579271674156189,1.1551659107208252,1.133346438407898,1.6110657453536987,1.1127307415008545,0.37792474031448364,0.0,0.5571048259735107,0.0,0.48793303966522217
267628,0.0,0.1952345371246338,0.037703078240156174,0.0,0.0022428135853260756,0.10299523174762726,0.2957285940647125,0.0,1.094053864479065,0.8941903710365295,0.18862153589725494,0.8004706501960754,0.13616183400154114,0.9395529627799988,0.0,0.174355611205101,0.0,0.0,0.09642259776592255,0.06428859382867813,0.4437320828437805,0.09489761292934418,0.031678248196840286,0.0013721261639147997,0.006997859571129084,0.7533649206161499,0.0,0.4270792007446289,0.18261435627937317,0.15341520309448242,0.0,0.00040678211371414363,0.0,0.44384410977363586,0.6418261528015137,0.0,0.18505539000034332,0.8764141201972961,1.0330984592437744,0.0,0.5458633303642273,0.7621967196464539,0.36617255210876465,0.30126410722732544,0.009039663709700108,0.15116682648658752,0.0,0.0,0.0,0.5406012535095215,1.020832896232605,0.0,0.12317738682031631,0.5717250108718872,0.28464189171791077,0.39174744486808777,0.5483402013778687,0.42465072870254517,0.0,0.026536177843809128,0.393528550863266,0.8113653063774109,0.04455872252583504,0.7144328355789185
267630,,,,,,,,,,,,,,,,,,,,,,,,,,,,,,,,,,,,,,,,,,,,,,,,,,,,,,,,,,,,,,,,
286830,0.9458107352256775,0.005874608643352985,0.0,0.00298913917504251,0.5259605646133423,0.0,0.0,0.0,0.0,0.0,0.2609816789627075,0.0,0.0,0.0,0.9804823994636536,0.0,0.16431352496147156,0.0,0.0,0.0,0.0,0.08955369144678116,0.948869526386261,0.736012876033783,0.8537040948867798,0.0,1.0739927291870117,1.0021480321884155,0.6439642310142517,0.0,0.0,0.9999586939811707,1.0603026151657104,0.0,0.0,0.5845741033554077,0.6844436526298523,0.0,0.10148613154888153,0.02538556233048439,0.024594442918896675,0.0,1.0852506160736084,0.07394663989543915,0.0,0.0,0.5568333268165588,0.0,0.04258175566792488,0.33489471673965454,1.4981552362442017,0.0,1.4612019062042236,0.9441395998001099,1.264343023300171,0.5891056656837463,1.6256964206695557,0.4287560284137726,0.011460660956799984,0.13073410093784332,0.05912492424249649,0.6329053640365601,0.0,0.0
287355,1.681225061416626,0.665928840637207,0.0,0.15603746473789215,0.0,0.47514599561691284,0.0,0.21602845191955566,0.0,0.0,0.2917848229408264,0.004284312482923269,0.32836928963661194,0.057757578790187836,1.2655892372131348,0.12598852813243866,0.7116982936859131,0.0,0.009847249835729599,0.0,0.24105848371982574,0.3481586277484894,0.1700051724910736,1.081842303276062,0.7919375896453857,0.0,0.872417151927948,1.086370825767517,0.8655351400375366,0.4924018085002899,0.30492907762527466,1.3717639446258545,1.1767027378082275,0.0,0.2843692898750305,0.6419457793235779,0.746800422668457,0.010144067928195,0.5668661594390869,0.03583957999944687,0.0,0.04204166680574417,1.2824256420135498,0.13473425805568695,0.012896745465695858,0.0,0.4176933169364929,0.0,0.39636996388435364,0.4874855875968933,2.6309471130371094,0.10353811830282211,1.454347848892212,0.5022996068000793,1.0233967304229736,0.3014354109764099,1.3996467590332031,0.4657382667064667,0.31493282318115234,0.3280106782913208,0.29921138286590576,1.2078760862350464,0.0,0.1884862780570984
292220,2.303830623626709,0.02360483445227146,0.0,0.0,0.0,0.014383896254003048,0.0,0.0,0.023198241367936134,0.007791533600538969,2.2949111461639404,0.014081580564379692,0.028001321479678154,2.2959728240966797,0.01046325545758009,0.0,0.0,0.041926030069589615,0.01292804628610611,0.03510546311736107,2.1521480083465576,0.02000338025391102,2.459798812866211,0.00887821801006794,2.5263195037841797,0.022667186334729195,0.0371394082903862,0.0,0.03724954277276993,2.3899879455566406,0.0,2.7208638191223145,0.026658350601792336,2.6560921669006348,2.7763936519622803,2.195070743560791,2.301168441772461,0.009420976042747498,2.8396098613739014,2.4098870754241943,0.0,2.009641647338867,0.0,0.0032614783849567175,2.092575788497925,2.711904525756836,1.9520982503890991,0.037798922508955,0.0,0.038828931748867035,2.2257330417633057,1.9090348482131958,0.014437229372560978,2.3677234649658203,1.886306643486023,2.7860665321350098,1.8394619226455688,2.4171640872955322,2.2201168537139893,0.0,0.0,0.02809990383684635,0.0,0.011171204969286919
292666,0.1788323074579239,0.3091208040714264,0.567454993724823,0.0,0.7067363858222961,0.3772371709346771,0.08537399768829346,0.0,0.5871438384056091,0.38334688544273376,0.38128286600112915,0.2956380546092987,0.3346138000488281,0.3625900149345398,0.4468044340610504,0.418353408575058,0.0,0.12350255250930786,0.16751520335674286,0.0,0.6255814433097839,0.8702602386474609,0.3509441316127777,0.3280278742313385,0.5571727752685547,0.3715613782405853,0.23690864443778992,0.0,0.3915809988975525,0.0,0.3917374312877655,0.5104194283485413,0.544838011264801,0.0,0.0,0.4203004837036133,0.6457899808883667,0.5961512327194214,0.029863718897104263,0.3548605442047119,0.3694373667240143,0.5124021172523499,0.5588038563728333,0.2245960384607315,0.28347712755203247,0.6094398498535156,0.5930953621864319,0.0,0.4999163746833801,0.4688001275062561,0.0,0.35991331934928894,0.4197371304035187,0.0,0.3351323902606964,0.5036748051643372,0.5481098294258118,0.7391866445541382,0.0,0.564132809638977,0.492144912481308,0.19215230643749237,0.2747795879840851,0.6134416460990906
3003692,0.766368567943573,0.7467584013938904,0.0,0.0,0.6181474328041077,0.6858726739883423,0.0,0.0,1.1565879583358765,0.4794747531414032,0.8327641487121582,0.8518868684768677,0.7344785928726196,0.8512235283851624,0.6787782311439514,0.0,0.0,0.7369204759597778,0.29311975836753845,0.6641072034835815,0.40842196345329285,0.796292245388031,0.8052343726158142,0.7892904281616211,1.3047257661819458,1.0047612190246582,0.747362494468689,0.10861807316541672,0.7378487586975098,1.0490132570266724,0.0,0.8892498016357422,1.0808649063110352,0.9771933555603027,1.2045379877090454,0.7055829763412476,0.7674907445907593,0.9268712997436523,1.5216511487960815,1.1715818643569946,0.0,0.8693739771842957,0.0,0.6816511750221252,0.8795536756515503,0.9926572442054749,1.2400437593460083,1.1617867946624756,0.0,0.9117926359176636,1.1458951234817505,1.0563567876815796,1.1204942464828491,0.9209207892417908,0.3459016978740692,1.0202761888504028,1.0575097799301147,1.6089460849761963,1.3136638402938843,0.43876418471336365,0.0,0.6363620758056641,0.0,0.2069581001996994
3004284,1.5561063289642334,0.9543408155441284,0.0,0.6272484064102173,0.7911507487297058,1.1312587261199951,0.11120322346687317,0.63938969373703,1.0492230653762817,0.5022751092910767,1.451514720916748,0.1805272251367569,0.8883023858070374,1.0844135284423828,0.0,0.0,1.3626785278320312,0.9450215101242065,1.5192463397979736,0.0,0.920491635799408,1.6089327335357666,0.5352182984352112,0.0,0.0,0.40549662709236145,0.0,1.0000965595245361,1.2502487897872925,0.0,0.744870126247406,0.6659408807754517,0.0,1.4433237314224243,0.0,0.0,0.0,1.2118631601333618,0.8967692852020264,1.5911600589752197,0.6676073670387268,1.049270749092102,0.7884458899497986,1.1431267261505127,0.7257600426673889,0.33153343200683594,0.6546789407730103,0.2656104266643524,0.88789963722229,1.2291144132614136,1.7477654218673706,0.603043794631958,0.5921267867088318,0.5096248984336853,2.1446824073791504,1.1588534116744995,2.2480266094207764,0.0,0.0,0.8970708847045898,0.0,1.2079479694366455,0.84183269739151,0.686458170413971
3006598,2.491905450820923,1.2150981426239014,0.0,0.004030480049550533,0.0,0.3470548689365387,0.0033010931219905615,0.0,0.0,0.0,0.3321070373058319,0.020023424178361893,0.2118753045797348,0.0,1.7801413536071777,0.33871161937713623,0.5445985198020935,0.0,0.0,0.0,0.0,0.606293797492981,0.04091930389404297,0.9139944314956665,1.1271812915802002,0.0,0.5727109313011169,1.1644667387008667,1.2410820722579956,0.04198434576392174,0.016066109761595726,1.3489090204238892,1.6375435590744019,0.0,0.12894012033939362,0.7309285998344421,1.03911554813385,0.0,0.6646654009819031,0.10697309672832489,0.0,0.0,1.5525535345077515,0.027986515313386917,0.0,0.0,0.6908933520317078,0.0,0.3971262276172638,0.9078584909439087,3.4469337463378906,0.2741698622703552,1.5911941528320312,0.9985717535018921,1.574806571006775,0.07331827282905579,2.085986852645874,1.015816569328308,0.02807496301829815,0.6237766742706299,0.014000754803419113,1.5096131563186646,0.0,0.0
3007664,1.4340275526046753,1.4422215223312378,0.0,0.0,1.3961844444274902,1.5820136070251465,0.1892939805984497,1.3871022462844849,1.5802106857299805,1.2367593050003052,0.0,0.39177441596984863,1.4378465414047241,1.3593844175338745,0.0,0.0,0.03150932863354683,1.3170435428619385,2.2261030673980713,0.0,1.449267029762268,1.7291964292526245,0.0,0.0,0.0,1.0563970804214478,0.0,0.0048447707667946815,1.2833307981491089,0.0,0.0807955339550972,0.004846304655075073,0.0,1.367436408996582,0.0,0.0,0.0,1.7928341627120972,1.019382119178772,0.06375053524971008,1.2914518117904663,1.406229019165039,1.1841214895248413,1.6511980295181274,1.453127384185791,0.0,0.0,0.0,1.5167607069015503,1.5096702575683594,0.027749141678214073,0.0,1.4225090742111206,0.5391283631324768,0.05153397098183632,1.694571852684021,0.04879847168922424,0.0,0.0,0.011210933327674866,0.0,1.3172516822814941,1.269375205039978,0.0
3009538,2.375948429107666,0.025741906836628914,0.008670640178024769,0.0,0.014896560460329056,0.017903247848153114,0.0,0.0,0.12723267078399658,0.06734728068113327,2.901499032974243,0.06057034432888031,0.04405966028571129,2.19645094871521,0.015065593644976616,0.0,0.0,0.02826550602912903,0.025912515819072723,0.029827816411852837,2.224093437194824,0.03618359565734863,2.539872169494629,0.0338500514626503,3.1779987812042236,0.08317296206951141,0.035830892622470856,0.12878066301345825,0.031232671812176704,2.918518304824829,0.0,2.710075855255127,0.04493746906518936,2.580223560333252,2.757164716720581,2.442411422729492,2.516676187515259,0.036059726029634476,3.5303099155426025,2.641547203063965,0.0,2.4931390285491943,0.0,0.006759734824299812,2.37943172454834,2.571140766143799,2.332925319671631,0.05008824169635773,0.0,0.06337796151638031,2.773070812225342,2.343258857727051,0.0692041665315628,2.596432685852051,2.035341501235962,3.3085498809814453,2.386650323867798,2.9302008152008057,2.6319687366485596,0.0,0.0,0.018189584836363792,0.0,0.0
3009950,0.0,2.2430689334869385,0.0,0.0,2.4056925773620605,2.2172093391418457,0.0,0.0,3.322803020477295,2.376457929611206,0.0,2.8841538429260254,2.429950475692749,0.0,2.8226165771484375,0.0,0.0,2.8529019355773926,2.382744789123535,2.5003902912139893,0.0,2.440727472305298,0.0,1.8381786346435547,0.0,3.1305081844329834,2.6116833686828613,0.4813244938850403,2.1446988582611084,0.0,0.0,0.0,3.4033734798431396,0.0,0.0,0.0,0.0,2.493896007537842,0.0,0.0,0.0,0.0,0.0,2.663538932800293,0.0,0.0,0.034194231033325195,2.8040387630462646,0.0,2.661162853240967,0.0,0.0,2.860346555709839,0.0,0.0,0.0,0.0,0.020220991224050522,0.0,2.3583500385284424,0.0,2.293715000152588,0.0035261039156466722,2.3164563179016113
3015438,0.41897615790367126,1.1814758777618408,0.0,0.0,1.043122410774231,0.8686287999153137,0.0,0.0,1.6231812238693237,1.1274821758270264,0.09936495125293732,1.1626852750778198,1.061026930809021,0.4523811340332031,1.3650124073028564,0.0,0.0,1.1316659450531006,0.8763555884361267,0.8510428667068481,0.1978120505809784,1.010925054550171,0.22386831045150757,1.0252188444137573,0.4795028269290924,1.2890598773956299,1.0285823345184326,0.013518912717700005,0.7953729033470154,0.2198246866464615,0.0,0.31159818172454834,1.5386682748794556,0.21094587445259094,0.2405325323343277,0.19196605682373047,0.12736009061336517,1.1796457767486572,0.43765464425086975,0.10288062691688538,0.0,0.19096320867538452,0.0,1.3078497648239136,0.17148719727993011,0.36668825149536133,0.21405471861362457,1.4884129762649536,0.0,1.1133533716201782,0.1688133180141449,0.1936836838722229,1.2451525926589966,0.25270622968673706,0.06910569965839386,0.3432579040527344,0.5175938606262207,0.5940195322036743,0.33869391679763794,1.2170703411102295,0.0,1.3066622018814087,0.0,1.2633147239685059
3015440,0.9909520745277405,0.006807543803006411,1.4644676446914673,0.003098350251093507,0.6678975224494934,0.4777710437774658,0.16002307832241058,0.008498978801071644,1.6674855947494507,1.755803108215332,1.369884967803955,1.0120917558670044,1.4943536520004272,0.73634934425354,1.4998292922973633,0.23784075677394867,0.0,0.8125886917114258,0.9391655921936035,1.2624784708023071,0.0,0.0,0.8459436297416687,0.0,0.0,0.0,0.7268345355987549,0.0,1.776199460029602,0.0,1.4714313745498657,0.0,1.3048515319824219,0.0,0.0,1.0614031553268433,0.5454045534133911,0.3019436001777649,0.7787668704986572,1.1742541790008545,0.9062528014183044,0.017682770267128944,1.2202681303024292,0.052317503839731216,1.638814926147461,1.4657096862792969,0.06643229722976685,0.0,1.666749358177185,1.5329275131225586,0.0,0.17389731109142303,0.47289586067199707,0.0,0.08951840549707413,0.8399162292480469,0.9211588501930237,1.4246982336044312,0.0,1.5129860639572144,0.6089127063751221,0.0,0.0023001160006970167,1.5056155920028687
3015449,0.061029303818941116,0.0,0.9872692227363586,0.6279760599136353,0.0571027435362339,1.9458996057510376,0.9596173167228699,0.3754737377166748,0.45565125346183777,0.0,1.6513711214065552,0.0,1.135097622871399,0.0,0.0,1.3338066339492798,0.0,0.0,0.9071152210235596,0.0,1.0159398317337036,0.0,0.8920177817344666,0.5455186367034912,0.0,0.02079722099006176,0.0,1.4566150903701782,1.3259937763214111,0.008990970440208912,0.0,1.7242659330368042,0.0,1.1130380630493164,0.01499179843813181,0.0,0.44156864285469055,0.0171488169580698,0.0,0.0,0.0,0.0,0.009966754354536533,0.9402851462364197,1.1421152353286743,1.1384001970291138,0.0,0.0,1.2885124683380127,0.808809220790863,0.012828676961362362,0.0,1.3774114847183228,0.0028775648679584265,0.14847297966480255,0.012745237909257412,0.16050155460834503,0.4508216679096222,0.0,1.176282525062561,0.017304331064224243,0.0028351976070553064,1.6333831548690796,0.00924092996865511
3016396,0.11993896216154099,0.3058626651763916,0.0,2.1841158866882324,0.0,0.035898275673389435,0.0,1.8493293523788452,0.0,0.0,0.6731790900230408,1.8266483545303345,2.777214765548706,2.960946559906006,0.0,0.1448957473039627,0.8776786923408508,0.0,2.063307046890259,0.0,1.7847018241882324,0.0,0.0,0.0,0.0,0.0,0.0,0.0,0.0,0.5884434580802917,2.2612698078155518,0.0,0.0,0.0,1.0016183853149414,0.0,0.09405650943517685,0.0,1.180482268333435,1.1350611448287964,0.0,2.2589902877807617,0.0,0.804254949092865,0.0,0.0,0.024711860343813896,0.0,1.0981004238128662,0.318335622549057,0.4686792492866516,0.16138248145580292,0.0,0.0,0.0,0.0,0.0,0.07305274158716202,2.1222634315490723,0.29894521832466125,0.8004934787750244,0.0,0.0,1.284055233001709
3016401,2.1852173805236816,1.8425278663635254,0.0,0.0,1.9906550645828247,2.4317357540130615,0.8944355249404907,1.9325978755950928,2.632220983505249,1.5148447751998901,0.0,0.4012354016304016,1.794998049736023,1.3295538425445557,0.0,0.0,0.0,1.9770609140396118,2.646496295928955,0.0,2.333498477935791,2.5907227993011475,0.0,0.0,0.0,1.166946530342102,0.0,0.0,1.9430874586105347,0.0,0.0,0.35036176443099976,0.0,2.289736032485962,0.0,0.0,0.0,2.6789464950561523,1.6393300294876099,0.027009926736354828,1.9238814115524292,2.1006319522857666,1.6957522630691528,1.9188752174377441,2.1039719581604004,0.0,0.0,0.0,1.8223589658737183,1.9531915187835693,0.0,0.0,1.506173014640808,0.8126732110977173,0.006408522371202707,2.4287219047546387,0.07557344436645508,0.0,0.0,0.0,0.0,2.1002562046051025,2.0244295597076416,0.0
3028930,0.544097363948822,0.7676671743392944,0.023028649389743805,1.1933820247650146,0.6950711607933044,0.7029723525047302,0.11751282215118408,0.6176433563232422,0.7868704199790955,0.45302578806877136,1.3585009574890137,0.20131325721740723,0.5289031267166138,0.4422047734260559,0.0,0.0,1.5423340797424316,0.6304590702056885,0.8434903025627136,0.0,0.6721855998039246,0.8150126338005066,1.113067865371704,0.0,0.0,0.27749693393707275,0.0,1.5560444593429565,0.753081202507019,0.0,1.5427273511886597,0.7748349905014038,0.0,0.7755289673805237,0.0,0.0,0.0,0.6779978275299072,0.5641842484474182,1.5373709201812744,0.6416553258895874,0.4561585783958435,0.6542361974716187,0.6345496773719788,0.799065887928009,1.4873324632644653,1.6432113647460938,1.3401274681091309,0.6935460567474365,0.5761681795120239,1.5407944917678833,1.4147331714630127,0.48816582560539246,0.38266193866729736,2.3049237728118896,0.7054684162139893,2.7111222743988037,0.0,0.0,1.5276726484298706,0.0,0.6119500994682312,0.6259337067604065,1.343475341796875
3030937,0.6543701887130737,0.17880281805992126,0.0,0.4263697862625122,0.06688343733549118,0.0,0.0,0.029864279553294182,0.0,0.0,0.3015475869178772,0.22614938020706177,0.5962471961975098,0.3860832452774048,0.6110888123512268,0.0,0.21176698803901672,0.0,0.2955988347530365,0.0,0.18043333292007446,0.0683460459113121,0.2861945331096649,0.3431995213031769,0.49831607937812805,0.0,0.3624432682991028,0.378732830286026,0.507402777671814,0.1893904209136963,0.3834252655506134,0.586800754070282,0.7333325743675232,0.0,0.35771656036376953,0.1510721743106842,0.5509626865386963,0.0,0.6063215732574463,0.127845898270607,0.0,0.18011480569839478,0.6864917278289795,0.10539840906858444,0.0,0.0,0.176332488656044,0.0,0.7686383128166199,0.15665799379348755,1.4536868333816528,0.0,0.7999265193939209,0.5032544732093811,0.8496838808059692,0.21594172716140747,0.850993275642395,0.3538198471069336,0.36309802532196045,0.0042137461714446545,0.13255485892295837,0.24661579728126526,0.0,0.19601616263389587
3035210,3.438192844390869,0.00018846815510187298,0.01058889925479889,0.0,0.0,0.022871142253279686,0.0,0.0,0.016511691734194756,0.0,4.214189529418945,0.017849115654826164,0.0025396549608558416,4.033742904663086,0.0,0.0,0.0,0.01660224050283432,0.0,0.0,3.439568519592285,0.02467777580022812,4.09194278717041,0.0,4.270554065704346,0.02816317230463028,0.006861979141831398,0.024276239797472954,0.0036945613101124763,4.651038646697998,0.0,4.3140869140625,0.0,4.28575325012207,4.5567307472229,3.692124366760254,4.115437030792236,0.0,5.220139026641846,4.316675186157227,0.0,3.6189985275268555,0.0,0.0,3.0665605068206787,4.10654354095459,3.0419044494628906,0.017070749774575233,0.0,0.005312612280249596,3.9333512783050537,3.824923515319824,0.018190642818808556,4.399824142456055,2.840282678604126,4.769023418426514,3.7450554370880127,4.305859565734863,3.927755832672119,0.0,0.006939698942005634,0.0,0.0,0.0
3037390,0.21843130886554718,0.5831981301307678,0.6138557195663452,0.0,1.004118800163269,0.5687947869300842,0.164954274892807,0.006073001306504011,0.6183503270149231,0.7385796904563904,0.3406727910041809,0.3387349843978882,0.5263218879699707,0.13749055564403534,0.8093863725662231,0.2900134027004242,0.0,0.16185712814331055,0.3415994644165039,0.2873203456401825,0.8349594473838806,0.9498161673545837,0.5291029810905457,0.8751963376998901,0.972619891166687,0.7473407983779907,0.35169336199760437,0.0,0.43125855922698975,0.0,0.5253316164016724,0.8027692437171936,0.4255601465702057,0.0,0.0,0.3941860795021057,0.8203285932540894,0.7705081105232239,0.06549224257469177,0.2415853887796402,0.13844998180866241,0.7191253304481506,0.4534461796283722,0.5778945088386536,0.4122684597969055,0.7181411385536194,0.9647516012191772,0.0,0.5970255136489868,0.3335401117801666,0.0,0.7915557622909546,0.21784409880638123,0.0,1.0594805479049683,0.3102160692214966,0.2525121569633484,0.7972543239593506,0.0,0.6852433085441589,0.7236979603767395,0.06090310588479042,0.45905324816703796,0.6780962347984314
3037617,0.437702476978302,0.955518364906311,0.4858076274394989,0.0,1.295544147491455,0.4956296384334564,0.0,0.02480679750442505,0.49224722385406494,0.3411252200603485,0.17869946360588074,0.20473694801330566,0.6047965288162231,0.2881634831428528,0.15413504838943481,0.42646872997283936,0.0,0.5514036417007446,0.24743138253688812,0.2235555499792099,1.1601080894470215,1.0192347764968872,0.11856765300035477,1.0119373798370361,0.8961573243141174,1.0754235982894897,0.04743769392371178,0.0,0.3697254955768585,0.0,0.04584315046668053,0.5665422081947327,0.4505270719528198,0.0,0.007965181022882462,0.4181475043296814,1.2100651264190674,1.0190688371658325,0.25136110186576843,0.4106575548648834,0.2545989751815796,0.6885266900062561,0.5427513718605042,1.082327127456665,0.5955890417098999,0.2642190754413605,1.293015718460083,0.0,0.28422635793685913,0.5051354169845581,0.0,1.0282195806503296,0.15071755647659302,0.0,0.9090114235877991,0.30191054940223694,0.37360620498657227,0.2197994440793991,0.0,0.4512033462524414,0.01350906491279602,0.15844811499118805,0.5091037154197693,0.5068807601928711
304141,0.006182418204843998,0.010009311139583588,0.004788557533174753,0.34444180130958557,0.035887330770492554,0.05550529807806015,0.22341874241828918,0.005481308326125145,0.4897041320800781,0.576875627040863,0.07245554774999619,0.15602537989616394,0.06791718304157257,0.4038718342781067,0.0,0.4327215254306793,0.0,0.0,0.21307902038097382,0.00042143059545196593,0.6048617362976074,0.0,0.07328800112009048,0.3897692859172821,0.0,0.3501220941543579,0.0,0.10648800432682037,0.36672937870025635,0.6402543783187866,0.0,0.18608695268630981,0.0006377837853506207,0.3777492642402649,0.45711642503738403,0.0,0.19686822593212128,0.3897157609462738,0.3889892101287842,0.0,0.2000737190246582,0.5667730569839478,0.39619821310043335,0.6847102642059326,0.0,0.22587411105632782,0.0,0.9107019305229187,0.4709002375602722,0.08365430682897568,0.3639006018638611,0.0,0.16384044289588928,0.480050653219223,0.31401461362838745,0.6126131415367126,0.570552408695221,0.0,0.0,0.010196360759437084,0.4827474057674408,0.4171265661716461,0.10409901291131973,0.7758743166923523
3043155,1.5857106447219849,1.6503206491470337,0.0,0.0,1.442107915878296,1.4430811405181885,0.13311170041561127,1.6007025241851807,1.79703688621521,1.1982368230819702,0.04590592533349991,0.6235449314117432,1.0776015520095825,1.3878878355026245,0.0,0.0,0.1276797205209732,1.6226067543029785,2.018651008605957,0.0,1.6548014879226685,1.713049292564392,0.0059973327443003654,0.0,0.0,1.055364966392517,0.0,0.12672953307628632,1.3534808158874512,0.0,0.1603855937719345,0.14003662765026093,0.0,1.4113483428955078,0.0,0.0,0.0,1.7604506015777588,1.1786340475082397,0.49333900213241577,1.2919676303863525,1.3210474252700806,1.4406754970550537,1.6189643144607544,1.5700358152389526,0.007555246353149414,0.0,0.0068990676663815975,1.4615614414215088,1.244072675704956,0.0,0.07259834557771683,1.5214794874191284,0.742641031742096,0.3916400671005249,1.4469563961029053,0.1600867658853531,0.0,0.0,0.1617794781923294,0.0,1.186145305633545,1.3595643043518066,0.011744897812604904
3044775,0.0,2.7171216011047363,0.0,0.0,2.772376298904419,2.487887144088745,0.0,0.0,3.7750749588012695,2.6979153156280518,0.0,3.2662606239318848,2.8821747303009033,0.0,3.270723581314087,0.0,0.0,2.9654197692871094,2.6833109855651855,2.606689691543579,0.0,2.482105255126953,0.0,2.334136724472046,0.0,3.455063819885254,3.306300163269043,0.17496374249458313,2.301879405975342,0.0,0.0,0.0,4.140472888946533,0.0,0.0,0.0,0.0,3.050830841064453,0.0,0.0,0.0,0.0,0.0,3.206869602203369,0.0,0.0,0.011224623769521713,3.0484421253204346,0.0,3.0175554752349854,0.0,0.0,3.3523876667022705,0.0,0.0,0.0,0.0,0.020149938762187958,0.0,3.136767625808716,0.0,2.854203939437866,0.0,2.9518074989318848
3045053,0.48258572816848755,0.0898079127073288,0.9902531504631042,0.04513900727033615,0.04457026347517967,0.5975452065467834,0.1889510601758957,0.028773486614227295,0.7826633453369141,1.135047197341919,0.5228618383407593,0.6824408173561096,0.8340571522712708,1.0028177499771118,1.184332251548767,0.29949313402175903,0.0,0.7032327055931091,0.6797990202903748,0.0,0.06924561411142349,0.2680376172065735,0.98395836353302,0.04348618909716606,0.07560074329376221,0.0684998482465744,0.6052941083908081,0.0,1.2853448390960693,0.0,1.0009170770645142,0.12335721403360367,1.4469877481460571,0.0,0.0,0.712727963924408,0.09120500832796097,0.08927188813686371,0.0,0.26513388752937317,0.8339667916297913,0.08151109516620636,0.8388587236404419,0.04306812211871147,0.8379424214363098,1.0327380895614624,0.04247735068202019,0.0,1.388563871383667,0.9984059929847717,0.0,0.06735560297966003,0.5782417058944702,0.0,0.03445640951395035,0.603279709815979,1.2428992986679077,1.4089269638061523,0.0,1.0610281229019165,0.7656354904174805,0.33110764622688293,0.13953347504138947,1.2528095245361328
3045059,1.2258625030517578,0.914881706237793,0.0,0.6625906825065613,0.026269501075148582,0.1848887950181961,0.0,0.8591933250427246,0.0,0.0,0.1368350237607956,0.7462482452392578,1.2368483543395996,0.7217742800712585,0.9480805397033691,0.05622023716568947,0.9647364020347595,0.0,0.7318227291107178,0.0,0.6671386361122131,0.6646741032600403,0.02502642571926117,0.7383436560630798,0.35779324173927307,0.0,0.6663684248924255,0.6338855624198914,0.4766780138015747,0.0,0.6095545887947083,0.5970232486724854,1.1044813394546509,0.0,0.15970267355442047,0.2373240739107132,0.47989320755004883,0.0017245843773707747,1.2184401750564575,0.3953721523284912,0.0,0.8350601196289062,0.6520957350730896,0.10120850801467896,0.0,0.0,0.41540291905403137,0.0,0.0013371604727581143,0.04647957906126976,1.8898135423660278,0.48795270919799805,0.5603564381599426,0.4199998676776886,0.5761796832084656,0.07546934485435486,1.2642017602920532,0.6261690855026245,1.0961612462997437,0.5352116227149963,0.9245849251747131,0.839181661605835,0.0,0.6217679381370544
3045751,0.0,0.13819274306297302,0.0795445516705513,0.34601303935050964,0.1935785710811615,0.31974977254867554,0.013445364311337471,0.1646423041820526,0.7558341026306152,0.704354465007782,0.04739566892385483,0.28848567605018616,0.22669453918933868,0.9041954278945923,0.0,0.30859532952308655,0.0,0.0,0.16178429126739502,0.0,0.5278016924858093,0.0,0.0367557629942894,0.0,0.0,0.7895985245704651,0.0,0.38864415884017944,0.1953573226928711,0.8535600900650024,0.0,0.014927414245903492,0.037982068955898285,0.21421964466571808,0.56781405210495,0.0,0.38877207040786743,0.8335388898849487,0.8290404081344604,0.0,0.21895238757133484,0.8593235015869141,0.7794070243835449,0.0,0.3967224955558777,0.445237398147583,0.0,0.16737499833106995,0.2483435422182083,0.2425883710384369,0.6598531007766724,0.0,0.06931576877832413,0.5660990476608276,0.4572070240974426,0.8421350717544556,0.674918532371521,0.0,0.0,0.2653442621231079,1.0270589590072632,0.849064826965332,0.48475804924964905,0.7682844400405884
3058024,4.904010772705078,0.0,0.0,0.0,0.0,0.0,0.0,0.0,0.0,0.0,5.425846099853516,0.0,0.0,5.001361846923828,0.0,0.0,0.0,0.0,0.0,0.0,4.721937656402588,0.0,5.310186386108398,0.0,5.569342613220215,0.0,0.0,0.002191182691603899,0.0,5.342660427093506,0.011787251569330692,5.832180976867676,0.0,5.595460891723633,6.023707389831543,5.182645320892334,5.194204807281494,0.0,6.676502227783203,5.6264567375183105,0.0,4.71073055267334,0.0,0.0,4.520437240600586,5.347888946533203,4.34428071975708,0.0,0.0,0.0,5.002338409423828,4.472070693969727,0.0,5.391415596008301,4.372997760772705,6.190598964691162,4.371832847595215,5.23476505279541,5.103743553161621,0.0,0.0,0.0,0.0,0.0
3058134,0.0,1.032037615776062,0.030518101528286934,0.0,0.0,0.0,0.3685050904750824,0.0,1.8119088411331177,1.4083060026168823,0.0,1.5695562362670898,0.0,1.815757393836975,0.0,0.0,0.054474592208862305,0.0,0.21989697217941284,0.17095237970352173,0.006514678243547678,0.18729323148727417,0.0,0.0,0.0,1.624799370765686,0.0,0.0,0.06874557584524155,1.4075769186019897,0.0,0.021375559270381927,0.0,0.0,0.9834234118461609,0.0,0.5240277647972107,2.1679437160491943,1.6791205406188965,0.0,0.16362588107585907,1.086564540863037,1.4125295877456665,0.0,0.0008199837175197899,0.215481236577034,0.0,0.0,0.013017174787819386,0.6671157479286194,1.9160739183425903,0.0,0.0,1.6348005533218384,1.3810044527053833,1.2910642623901367,1.134757161140442,0.508415162563324,0.0,0.0,0.9528083205223083,1.570677399635315,0.0,1.484453797340393
3062045,1.853361964225769,1.7505898475646973,0.0,0.0,1.8286056518554688,2.2033910751342773,0.6185373663902283,1.68988037109375,2.4113247394561768,1.8345001935958862,0.0,0.28639599680900574,1.8454235792160034,1.4022313356399536,0.0,0.0,0.0014112270437180996,1.8678078651428223,2.7419638633728027,0.0,1.9820895195007324,2.2418248653411865,0.0,0.0,0.0,0.9738253951072693,0.0,0.055301740765571594,1.6358819007873535,0.0,0.02310832589864731,0.11272276192903519,0.0,1.941275715827942,0.0,0.0,0.0,2.4152097702026367,1.437422275543213,0.018439851701259613,1.7964625358581543,1.5253028869628906,1.4867287874221802,1.7015503644943237,1.9365867376327515,0.0,0.0,0.0,1.9395095109939575,1.5411677360534668,0.01851879246532917,0.0,1.3754123449325562,0.5002048015594482,0.10149092972278595,2.0266191959381104,0.20423494279384613,0.0,0.0,0.05958903208374977,0.0,1.8030260801315308,1.6937779188156128,0.0
3064724,1.065322756767273,0.030052533373236656,0.0,0.0,0.4348882734775543,0.0,0.0,0.0,0.0,0.0,0.2553468644618988,0.0,0.0,0.0,1.0653738975524902,0.0,0.10712646692991257,0.0,0.0,0.0,0.0,0.20855164527893066,0.9738127589225769,0.6047191619873047,0.8787958025932312,0.0,1.1442432403564453,0.9624229073524475,0.8491993546485901,0.0,0.0,0.9306499361991882,1.1866391897201538,0.0,0.0,0.5024215579032898,0.6681074500083923,0.0,0.13761211931705475,0.06118077412247658,0.016895029693841934,0.0,1.4242998361587524,0.032139118760824203,0.0,0.0,0.3311220407485962,0.0,0.1522418111562729,0.37125757336616516,1.7604045867919922,0.0,1.5417999029159546,0.9991692900657654,1.2535682916641235,0.28008833527565,1.6980820894241333,0.7641507983207703,0.00184720940887928,0.08970388770103455,0.007190604228526354,0.6814263463020325,0.0,0.0
3065295,0.5085521936416626,0.008952222764492035,0.0,0.7321918606758118,0.0037306908052414656,0.0,0.0,0.5662868618965149,0.0,0.0,0.20617489516735077,0.3634054362773895,1.0557540655136108,0.6853713989257812,0.3726801574230194,0.0009832869982346892,0.2534118890762329,0.0,0.47328242659568787,0.0,0.6822752356529236,0.09735539555549622,0.1320735663175583,0.5193237662315369,0.4595455229282379,0.0,0.524161696434021,0.30226871371269226,0.17726688086986542,0.3675060570240021,0.9763703942298889,0.215484619140625,0.39238739013671875,0.0,0.5996541380882263,0.0808180421590805,0.31642860174179077,0.0,0.5220189094543457,0.22608275711536407,0.0,0.6984572410583496,0.40155360102653503,0.2756880521774292,0.011285979300737381,0.0,0.08028997480869293,0.0,0.6666998267173767,0.21880413591861725,1.048650860786438,0.07134667038917542,0.49380242824554443,0.26519668102264404,0.3333917558193207,0.07085780799388885,0.4934021532535553,0.17279817163944244,0.6898314356803894,0.025630826130509377,0.4329746961593628,0.31687840819358826,0.0,0.4181300103664398
3067191,0.7441105842590332,0.06914040446281433,0.0,0.412740021944046,0.13006427884101868,0.0,0.0,0.1279485672712326,0.0,0.0,0.18738605082035065,0.3056989014148712,0.12980224192142487,0.6370004415512085,0.4544578790664673,0.0,0.15069320797920227,0.0,0.33883044123649597,0.0,0.3279961049556732,0.08879277855157852,0.30438563227653503,0.36457738280296326,0.583718478679657,0.0,0.47712719440460205,0.2969023287296295,0.28572821617126465,0.03302805498242378,0.3442451059818268,0.49212706089019775,0.6254729628562927,0.0,0.01484465692192316,0.3915266692638397,0.28021758794784546,0.0,0.39693835377693176,0.05476374551653862,0.015412124805152416,0.3103829026222229,0.6194660663604736,0.2481890767812729,0.0,0.0,0.3052433431148529,0.0,0.5100886225700378,0.02127476967871189,1.0164530277252197,0.0,0.8759904503822327,0.4244849979877472,0.5428165793418884,0.30317628383636475,0.7028305530548096,0.2080104500055313,0.43109777569770813,0.03901423141360283,0.4408142566680908,0.46647927165031433,0.0,0.3087175488471985
3067196,0.040021590888500214,0.08230908215045929,0.6759814023971558,0.628118634223938,0.1291571706533432,1.444035291671753,0.8195679783821106,0.4706035852432251,0.2902471423149109,0.003456522710621357,1.119213581085205,0.0,0.9638335704803467,0.0,0.0,1.2496259212493896,0.008980702608823776,0.0,0.6901161670684814,0.0,0.6735492944717407,0.0024304583203047514,0.85191810131073,0.5699458718299866,0.0,0.03473816066980362,0.0,1.337532639503479,0.9562921524047852,0.0,0.0,1.128542184829712,0.05486154556274414,0.9375175833702087,0.07331382483243942,0.0,0.30484920740127563,0.06426449865102768,0.017172206193208694,0.0,0.009429028257727623,0.019885776564478874,0.12214700132608414,0.7708451151847839,0.4195471704006195,0.7110805511474609,0.0,0.0,1.1555627584457397,0.06058262661099434,0.1273517906665802,0.0,0.8207695484161377,0.01575075089931488,0.21493390202522278,0.0255698561668396,0.0,0.1276727020740509,0.0,0.969391405582428,0.2536126971244812,0.001228138105943799,0.9114906191825867,0.008730455301702023
3071151,1.777286410331726,0.08640303462743759,0.00016340248112101108,0.0,0.01646774262189865,0.03520214185118675,0.0,0.0,0.14572112262248993,0.04907878860831261,2.090959310531616,0.06351745873689651,0.0503561832010746,1.8696154356002808,0.05397309362888336,0.0,0.0,0.10945046693086624,0.017658917233347893,0.008743214420974255,1.5677986145019531,0.04973509535193443,1.7245192527770996,0.02725858986377716,1.8490840196609497,0.09187090396881104,0.01274107862263918,0.05007475987076759,0.04916447401046753,1.8794689178466797,0.0,2.260615110397339,0.029109103605151176,1.9011387825012207,1.924404501914978,1.8126553297042847,1.7535775899887085,0.022552713751792908,2.3521947860717773,2.0281336307525635,0.0,1.8330658674240112,0.0,0.033596381545066833,1.7802163362503052,1.8288078308105469,1.6471425294876099,0.0256823617964983,0.0,0.0639411211013794,1.8090187311172485,1.5318379402160645,0.08058614283800125,1.8116036653518677,1.6578621864318848,2.086137533187866,1.6201170682907104,2.1344854831695557,1.8000303506851196,0.006438379641622305,0.0028877209406346083,0.12063997983932495,0.0,0.0
3072833,1.158410668373108,0.23270036280155182,0.003052575746551156,0.0,0.06169382110238075,0.22953572869300842,0.0,0.0,0.3654198944568634,0.09902103990316391,1.0769175291061401,0.14045099914073944,0.26421716809272766,1.1326874494552612,0.1911211907863617,0.0,0.0,0.2392398566007614,0.2021436244249344,0.18236780166625977,0.9838754534721375,0.3119032084941864,0.7516487240791321,0.13831160962581635,0.8417540192604065,0.3009520173072815,0.17706339061260223,0.09620169550180435,0.28118231892585754,0.7876042723655701,0.0,1.5409555435180664,0.2216431349515915,1.053570032119751,1.1698615550994873,0.954648494720459,0.8975675702095032,0.18759752810001373,0.9987969398498535,1.1504892110824585,0.0,0.869708240032196,0.0,0.09210215508937836,0.9930204749107361,0.9823974967002869,1.015669822692871,0.21300633251667023,0.0,0.37818804383277893,0.7515565752983093,0.8517557978630066,0.3419569134712219,1.0179494619369507,0.8940335512161255,0.8303607106208801,0.6873816251754761,1.3196009397506714,0.8411106467247009,0.18016983568668365,0.0,0.299279123544693,0.0,0.03704062104225159
3072836,0.0,0.0,0.0048061395063996315,3.06938099861145,0.0,0.0,0.0059638493694365025,0.0,0.0,0.0,3.782076358795166,0.0,0.0,0.0,0.0,0.0,3.4405694007873535,0.0,0.0,0.0019371083471924067,0.0,0.0,3.1434171199798584,0.0,0.0,0.0,0.0,3.454050302505493,0.0,0.0,3.722865343093872,1.511168360710144,0.0,0.015277205035090446,0.0,0.0,0.0,0.0,0.002166035817936063,3.1803624629974365,0.0,0.0,0.011563346721231937,0.0,0.0231695044785738,3.5745387077331543,4.12845516204834,3.2746665477752686,0.0,0.0,3.383244276046753,2.983267068862915,0.0,0.0,5.181467533111572,0.0,6.037615776062012,0.0,0.0,3.1661605834960938,0.0,0.0,0.0,3.207672595977783
3073346,1.218568205833435,0.012992288917303085,1.2140333652496338,0.0,1.2909585237503052,0.35899126529693604,0.045786015689373016,0.0,1.9303226470947266,1.7844672203063965,1.2037529945373535,0.48658037185668945,1.5769424438476562,0.7230402827262878,1.630082607269287,0.0042150975205004215,0.0,0.4351935088634491,0.46434280276298523,1.230828046798706,0.018893476575613022,0.0,0.6692185997962952,0.012431363575160503,0.20466788113117218,0.04321082681417465,1.0166875123977661,0.0,1.703188419342041,0.0,0.6963049173355103,0.09176427870988846,1.3802999258041382,0.0,0.0,1.4139416217803955,0.9379284381866455,0.32393839955329895,1.5631613731384277,1.5597902536392212,1.2857753038406372,0.11515636742115021,1.6437225341796875,0.018224183470010757,1.7172985076904297,1.4539719820022583,0.7755094766616821,0.0,1.5585105419158936,1.147029995918274,0.0,0.5801216959953308,1.0416873693466187,0.0,0.32462769746780396,0.5806044936180115,0.9967940449714661,1.5261437892913818,0.0,1.2872391939163208,0.6029661893844604,0.0017131336499005556,0.0,1.3373812437057495
3074751,0.40928223729133606,0.23970286548137665,0.8148110508918762,0.0,0.34357190132141113,0.35300925374031067,0.0,0.2884542644023895,0.7617001533508301,0.9561733603477478,0.4771057367324829,0.6649704575538635,0.5771694779396057,0.4705139696598053,0.8213779926300049,0.15921993553638458,0.0,0.45040854811668396,0.5345572829246521,0.11636850237846375,0.2492385059595108,0.2580532431602478,0.5084437131881714,0.1046779677271843,0.2603386640548706,0.3910670280456543,0.07180490344762802,0.0,0.8518385887145996,0.0,0.9130358695983887,0.2419000118970871,0.9964388012886047,0.0,0.0,0.3653753995895386,0.4018366038799286,0.5924820303916931,0.08510028570890427,0.3569144904613495,0.7532240748405457,0.25599029660224915,0.5435411334037781,0.1658344566822052,0.543106734752655,0.7835161685943604,0.12201589345932007,0.0,1.0301433801651,0.7723284363746643,0.0,0.39370056986808777,0.22650010883808136,0.0,0.08395451307296753,0.4560985267162323,0.8871192336082458,0.5433046221733093,0.0,0.8681340217590332,0.1422325074672699,0.11532080918550491,0.11133116483688354,0.8849824070930481
3075260,3.4981281757354736,0.0,0.0,0.0,0.0,0.0,0.0,0.0,0.0,0.0,3.8840694427490234,0.0,0.0,3.4739654064178467,0.0,0.0,0.0,0.0,0.0,0.0,3.484583616256714,0.0,3.9688713550567627,0.0,4.252436637878418,0.0,0.0,0.05937317758798599,0.0,4.063485622406006,0.01964055933058262,4.116774082183838,0.0,3.8598787784576416,4.3140435218811035,3.810291290283203,3.842607021331787,0.0,4.793763160705566,3.8388302326202393,0.019541453570127487,3.310978412628174,0.0,0.0,3.3285560607910156,4.24872350692749,2.9709417819976807,0.0,0.0,0.0,3.7401130199432373,3.380695343017578,0.0,3.9110443592071533,3.1838297843933105,4.354278564453125,3.336397409439087,4.1177592277526855,3.7861664295196533,0.0,0.0,0.0,0.0,0.0
3080118,0.05783987045288086,0.20505861937999725,0.45746976137161255,0.34136301279067993,0.014497626572847366,0.6461018919944763,0.41307875514030457,0.18555420637130737,0.7335528135299683,0.5534598231315613,0.7147945761680603,0.012918895110487938,0.3107413053512573,0.3437519371509552,0.0,0.30684760212898254,0.0,0.0,0.4069920778274536,0.0,0.5599384903907776,0.0,0.23955418169498444,0.03404058888554573,0.0,0.6913395524024963,0.0,0.6053315997123718,0.5159184336662292,0.512256920337677,0.0,0.5192857980728149,0.0008065706351771951,0.4088793694972992,0.2657007873058319,0.0,0.7773014307022095,0.3028745651245117,0.41581714153289795,0.0,0.05148008093237877,0.4749453663825989,0.5022316575050354,0.5463586449623108,0.2487284541130066,0.45246702432632446,0.0,0.20043911039829254,0.5342260599136353,0.04326123371720314,0.1469322293996811,0.0,0.4381863474845886,0.3963988125324249,0.24069710075855255,0.13611771166324615,0.44686993956565857,0.0,0.0,0.5067871809005737,0.705177366733551,0.5575161576271057,0.5635653138160706,0.5352599024772644
3080186,0.07612495124340057,0.7528527975082397,0.33139291405677795,0.0,1.4500221014022827,0.6670030355453491,0.008589712902903557,0.0,0.3409770727157593,0.33480048179626465,0.1352444440126419,0.13660812377929688,0.2569936513900757,0.12096051871776581,0.257007896900177,0.9602002501487732,0.0,0.14970773458480835,0.18905481696128845,0.35477399826049805,1.4523913860321045,1.4197732210159302,0.11964785307645798,1.273849606513977,1.2192823886871338,1.279581904411316,0.22313188016414642,0.0,0.31026071310043335,0.0,0.4820195138454437,0.9071176052093506,0.11079990863800049,0.0,0.0,0.259463906288147,1.133616328239441,1.2900534868240356,0.1582181602716446,0.09580227732658386,0.0356515608727932,1.2716851234436035,0.14425455033779144,1.2065846920013428,0.3973124325275421,0.23837977647781372,1.4746249914169312,0.0,0.29987943172454834,0.18982480466365814,0.0,1.423857569694519,0.055835697799921036,0.0,1.2868037223815918,0.19539184868335724,0.23500841856002808,0.31399691104888916,0.0,0.2752758860588074,0.18786396086215973,0.03798936679959297,1.013565182685852,0.1978885978460312
3092472,0.9150602221488953,0.012009073048830032,1.2054200172424316,0.0,0.4868030846118927,0.6429017782211304,0.1328994780778885,0.0,1.1988011598587036,1.5333977937698364,0.9470047354698181,0.6485036015510559,1.1704707145690918,0.5371517539024353,1.3751174211502075,0.14917434751987457,0.0,0.5711378455162048,0.6364476084709167,0.9641154408454895,0.07056549936532974,0.0,0.7727449536323547,0.022958675399422646,0.09117599576711655,0.021743187680840492,0.7040678858757019,0.0,1.6346368789672852,0.0,1.1036325693130493,0.10849044471979141,0.9678738713264465,0.0,0.0,1.1745961904525757,0.5378187894821167,0.5602913498878479,0.5329522490501404,1.085099697113037,0.7842327952384949,0.30507171154022217,1.2483406066894531,0.09265095740556717,1.1857713460922241,1.2093738317489624,0.18222548067569733,0.0,1.3457468748092651,1.2116293907165527,0.0,0.44362542033195496,0.5387757420539856,0.0,0.34918370842933655,0.7850100994110107,0.8905053734779358,0.9817834496498108,0.0,1.1619254350662231,0.9178788065910339,0.0,0.2778759300708771,1.3118062019348145
3093924,3.572136163711548,0.0,0.0,0.0,0.0,0.0,0.0,0.0,0.0,0.0,3.8579142093658447,0.0,0.0,3.475651979446411,0.0,0.0,0.0,0.0,0.0,0.0,3.350224733352661,0.0,3.6877994537353516,0.0,3.7322423458099365,0.0,0.0,0.05934755131602287,0.0,3.6678552627563477,0.005067811347544193,4.090943813323975,0.0,3.6308133602142334,4.1077494621276855,3.669740676879883,3.664357900619507,0.0,4.52724027633667,3.8223838806152344,0.0,3.26842999458313,0.0,0.0,3.2574596405029297,3.671354055404663,2.9321835041046143,0.0,0.0,0.0,3.502052068710327,3.247140645980835,0.0,3.7217910289764404,3.0461151599884033,4.237748146057129,3.0856516361236572,4.0333781242370605,3.577702760696411,0.0,0.0010518303606659174,0.0,0.0,0.0
3094047,3.007279634475708,3.040259838104248,0.0,0.0,3.069722890853882,3.0135979652404785,0.36990049481391907,2.9262733459472656,3.255418300628662,2.757478952407837,0.0,1.224457859992981,2.472193956375122,2.298525810241699,0.0,0.0,0.0,3.0458152294158936,4.288858890533447,0.0,3.030522346496582,3.6848273277282715,0.0,0.0,0.0,1.7521215677261353,0.0,0.0,2.520493745803833,0.0,0.0,0.0,0.0,2.8832545280456543,0.0,0.0,0.0,3.3560309410095215,2.247150182723999,0.0,2.498199462890625,2.09948468208313,2.4424703121185303,2.9426791667938232,3.0609052181243896,0.0,0.0,0.0,2.820997953414917,2.632464647293091,0.0,0.0,2.6566452980041504,1.2435513734817505,0.0,2.8109819889068604,0.0,0.0,0.0,0.0,0.0,2.7780134677886963,2.360875368118286,0.0
3094049,0.42143261432647705,0.0,0.0,0.8222735524177551,0.19158151745796204,0.0,0.0,0.7790529727935791,0.0,0.0,0.6140012145042419,0.5061013102531433,1.0939308404922485,1.124471664428711,0.18588930368423462,0.0,0.3893086612224579,0.0,0.7851483821868896,0.0,1.0375522375106812,0.07284603267908096,0.30427250266075134,0.10998170077800751,0.2118680477142334,0.0,0.1328272968530655,0.0,0.07371393591165543,0.41385236382484436,1.2223832607269287,0.34495070576667786,0.11111998558044434,0.0,0.6435519456863403,0.011981859803199768,0.2299840748310089,0.03536196053028107,0.5819919109344482,0.18686534464359283,0.0,0.9769863486289978,0.5159396529197693,0.5730785131454468,0.001815427211113274,0.0,0.1161980926990509,0.0,0.6372250318527222,0.0,0.6215671300888062,0.0,0.22981835901737213,0.11172306537628174,0.1353209912776947,0.2109811156988144,0.12557455897331238,0.0009243657113984227,0.9544721841812134,0.0,0.5380438566207886,0.03369932249188423,0.0,0.897807776927948
3095195,3.132612466812134,0.0,0.0,0.0,0.0,0.0,0.0,0.0,0.0373762771487236,0.0,3.348280191421509,0.0,0.0,2.973543882369995,0.0,0.0,0.0,0.0,0.0,0.0,3.213818311691284,0.0,3.4984853267669678,0.0,3.7208664417266846,0.0,0.0,0.5241279006004333,0.0,3.960158109664917,0.0,3.2983672618865967,0.0,3.9021644592285156,3.4617488384246826,3.0582940578460693,2.7060635089874268,0.0,4.9632649421691895,3.447795867919922,0.0,2.7009618282318115,0.0,0.0,3.1228408813476562,3.18595027923584,3.485668420791626,0.0,0.0,0.0,4.347934246063232,2.467602491378784,0.0,3.610614538192749,2.6557559967041016,4.484334468841553,3.6937692165374756,3.4891669750213623,3.453946352005005,0.0,0.005690466146916151,0.0,0.0,0.0
3095200,0.02740492857992649,1.4475467205047607,0.10454226285219193,0.024400023743510246,1.2574723958969116,0.5923606753349304,0.0009648078121244907,0.04382876679301262,0.0,0.005054528824985027,0.03235115855932236,0.0,0.0,0.001066098571754992,0.0,1.2595258951187134,0.0,0.08092038333415985,8.177427662303671e-05,0.0,1.861914038658142,2.1876091957092285,0.010192682966589928,1.5560411214828491,1.8174067735671997,1.5816619396209717,0.0,0.0,0.0,0.0,0.0,1.4030364751815796,0.0,0.0,0.0,0.019546985626220703,1.4964381456375122,1.1096711158752441,0.0,0.0,0.0,1.489165186882019,0.010303608141839504,1.6140015125274658,0.2662592828273773,0.016001900658011436,1.6112298965454102,0.0,0.0,0.1530245840549469,0.06032239645719528,1.8177320957183838,0.045820336788892746,0.03421691805124283,1.1025409698486328,0.11142540723085403,0.05265328288078308,0.0023582715075463057,0.0,0.0,0.0,0.6264552474021912,1.0747727155685425,0.13947254419326782
3096254,0.10017099231481552,0.00936193112283945,0.0,1.0624018907546997,0.08709687739610672,0.0,0.0,0.7617300152778625,0.0,0.0,0.300360769033432,0.769947350025177,1.2140382528305054,1.3880133628845215,0.08030030131340027,0.0,0.4083579182624817,0.0,1.058726191520691,0.0,1.2532397508621216,0.043228257447481155,0.08302276581525803,0.18193256855010986,0.199760302901268,0.0,0.14136594533920288,0.012499268166720867,0.05044928565621376,0.17990252375602722,1.2358492612838745,0.02685852162539959,0.028008442372083664,0.0,0.5658303499221802,0.016656415536999702,0.20960292220115662,0.0,0.4746352732181549,0.30084002017974854,0.0,1.2167541980743408,0.11878685653209686,0.47247567772865295,0.0,0.0,0.026683369651436806,0.0,0.6670689582824707,0.027392122894525528,0.242192342877388,0.05199973285198212,0.10310214012861252,0.07496951520442963,0.1869247406721115,0.0471673421561718,0.020954318344593048,0.0432528555393219,0.8975178599357605,0.05681605264544487,0.49157607555389404,0.04651820287108421,0.0,0.8717511296272278
3099875,2.366483449935913,2.342219829559326,0.0,0.0,2.5362260341644287,2.3740339279174805,0.6879110932350159,2.191795587539673,2.885195732116699,2.0734362602233887,0.0,1.0857065916061401,1.5587735176086426,1.4972543716430664,0.0,0.0,0.0,2.490614414215088,3.277425527572632,0.0,2.5245938301086426,3.0382182598114014,0.0,0.0,0.0,1.9350415468215942,0.0,0.0,2.2761099338531494,0.0,0.0,0.06586827337741852,0.0,2.382694959640503,0.0,0.0,0.0,2.7860183715820312,1.9449313879013062,0.05544428154826164,2.089042901992798,1.9670748710632324,2.172452211380005,2.6696672439575195,2.308074712753296,0.0,0.0,0.0,2.2077107429504395,2.054302930831909,0.0,0.0,2.2562878131866455,0.8044083714485168,0.0,2.3451271057128906,0.0,0.0,0.0,0.0,0.0,2.3008158206939697,1.9832872152328491,0.0
3101011,0.07853995263576508,0.47039923071861267,0.5416028499603271,0.02567603625357151,0.9137654304504395,0.4934086799621582,0.014295877888798714,0.0,0.5835835933685303,0.37189799547195435,0.2005540132522583,0.3853369951248169,0.53924161195755,0.2779034972190857,0.37580209970474243,0.564418613910675,0.0,0.14696675539016724,0.22366929054260254,0.0865674763917923,0.7304134368896484,0.9056550860404968,0.24846360087394714,0.4636898934841156,0.9262683987617493,0.5399693250656128,0.1827230006456375,0.0,0.4720962643623352,0.0,0.26618170738220215,0.6604648232460022,0.6047177910804749,0.0,0.0,0.31984570622444153,1.0854612588882446,0.965347409248352,0.12551873922348022,0.3104848563671112,0.14385899901390076,0.4326959252357483,0.48704051971435547,0.5642662644386292,0.42761749029159546,0.4309258460998535,0.9903772473335266,0.0,0.373614639043808,0.29832205176353455,0.0,1.0027705430984497,0.31673669815063477,0.0,0.6481407880783081,0.19013480842113495,0.4420177936553955,0.4411982595920563,0.0,0.26565831899642944,0.19872719049453735,0.05404214188456535,0.44666701555252075,0.27994680404663086
3110550,0.17488203942775726,0.21029072999954224,0.5287408828735352,0.017426472157239914,0.515140175819397,0.620001494884491,0.007037217728793621,0.032503459602594376,0.7201423048973083,0.4508900046348572,0.2335204780101776,0.4959217309951782,0.3997446894645691,0.5254677534103394,0.6377408504486084,0.23861415684223175,0.0,0.30848783254623413,0.4279603362083435,0.03182847052812576,0.3403332531452179,0.48383408784866333,0.4181758165359497,0.09779321402311325,0.28337520360946655,0.33972570300102234,0.2644656300544739,0.0,0.788713812828064,0.0,0.46101823449134827,0.3270449936389923,0.8344568610191345,0.0,0.0,0.39830443263053894,0.3373888432979584,0.5775303244590759,0.033935122191905975,0.24050991237163544,0.5492285490036011,0.3793393671512604,0.6693764925003052,0.17680610716342926,0.5694554448127747,0.6072019338607788,0.3278398811817169,0.0,0.7491365075111389,0.5841820240020752,0.0,0.3743521571159363,0.27633193135261536,0.0,0.2497284710407257,0.3297650218009949,0.855227530002594,0.7648390531539917,0.0,0.5291908979415894,0.3804839849472046,0.10026158392429352,0.21007567644119263,0.724849283695221
3113249,2.3334639072418213,2.2129805088043213,0.0,0.0,2.0313467979431152,2.264688730239868,0.04446592926979065,1.9615119695663452,2.4697041511535645,1.9925522804260254,0.0,0.639923632144928,1.7091096639633179,1.7714314460754395,0.0,0.0,0.0,1.9740492105484009,3.0690133571624756,0.0,2.159515619277954,2.562464475631714,0.0,0.0,0.0,1.43906831741333,0.0,0.0,1.8008400201797485,0.0,0.0,0.0,0.0,1.9705886840820312,0.0,0.0,0.0,2.3875105381011963,1.7019962072372437,0.0,1.6377655267715454,1.6322765350341797,1.7551900148391724,2.2918612957000732,2.2628591060638428,0.0,0.0,0.0,2.0177769660949707,1.9772812128067017,0.0,0.0,1.9386969804763794,0.8420222401618958,0.0,2.1817963123321533,0.0,0.0,0.0,0.0,0.0,1.9529900550842285,1.8241682052612305,0.0
3114582,0.0038885637186467648,0.17406901717185974,0.27648091316223145,0.40816158056259155,0.0024476938415318727,0.15145094692707062,0.2372835874557495,0.11930517852306366,0.49269211292266846,0.5463076829910278,0.2651939392089844,0.26981380581855774,0.06918231397867203,0.500780463218689,0.0,0.4513363838195801,0.0,0.0,0.1812984049320221,0.0,0.705189049243927,0.0019014449790120125,0.11918210983276367,0.46530255675315857,0.0,0.34298789501190186,0.0,0.3198569715023041,0.23922809958457947,0.6160506010055542,0.0,0.24591216444969177,0.0,0.34980151057243347,0.45975327491760254,0.0,0.292265385389328,0.6526892781257629,0.38263481855392456,0.0,0.023091305047273636,0.7356665134429932,0.6080499887466431,0.5348653793334961,0.10756352543830872,0.2874431908130646,0.0,0.24511082470417023,0.328753799200058,0.25382062792778015,0.5333853960037231,0.0,0.19038818776607513,0.5649216771125793,0.45615068078041077,0.643001139163971,0.7036153078079224,0.0,0.0,0.040296848863363266,0.6501238942146301,0.4082825481891632,0.1855599731206894,0.5790169835090637
3118448,2.3625454902648926,2.1047043800354004,0.0,0.0,1.801054835319519,2.2629740238189697,0.4485941529273987,1.7754485607147217,2.8647620677948,1.7584171295166016,0.0,0.5454004406929016,1.6581851243972778,1.5422366857528687,0.0,0.0,0.0065363384783267975,2.0962440967559814,3.172457456588745,0.0,2.1441781520843506,2.6743457317352295,0.0,0.0,0.0,1.3808003664016724,0.0,0.0,2.0207924842834473,0.0,0.010763220489025116,0.06965696066617966,0.0,2.501526355743408,0.0,0.0,0.0,2.2447407245635986,1.7400118112564087,0.07110375910997391,1.8036079406738281,1.9321842193603516,1.9380865097045898,2.0861852169036865,2.30855131149292,0.0,0.0,0.0,1.8565938472747803,2.1330130100250244,0.0,0.004468877334147692,1.7131774425506592,0.9872259497642517,0.13040579855442047,2.341726779937744,0.05195876583456993,0.0,0.0,0.025010839104652405,0.0,1.878741979598999,1.5477887392044067,0.0
3128412,2.5268008708953857,2.3391149044036865,0.0,0.0,2.379883050918579,2.5979349613189697,0.8707476854324341,2.2097458839416504,3.3112568855285645,2.3465752601623535,0.0,0.6207926273345947,2.0749189853668213,2.0857656002044678,0.0,0.0,0.0,2.833359956741333,3.6105189323425293,0.0,2.747896432876587,2.999619960784912,0.0,0.0,0.0,1.552999496459961,0.0,0.0,2.747805118560791,0.0,0.0,0.017583005130290985,0.0,2.7850441932678223,0.0,0.0,0.0,3.175616979598999,2.0132949352264404,0.0,2.475738286972046,2.0291478633880615,2.3305513858795166,2.4944968223571777,2.389909267425537,0.0,0.0,0.0,2.762728691101074,2.193809747695923,0.0,0.0,2.1535935401916504,0.8418614864349365,0.0,2.785768747329712,0.0,0.0,0.0,0.0,0.0,2.2437093257904053,1.9247303009033203,0.0
3128947,0.3503778874874115,0.08206681162118912,0.859464704990387,0.0030732890591025352,0.18552930653095245,0.7974993586540222,0.0012224015081301332,0.4073660671710968,0.9543859958648682,1.0055137872695923,0.5756275057792664,0.5381118059158325,0.48525285720825195,0.5277820229530334,0.9276895523071289,0.22292101383209229,0.0,0.4536477327346802,0.2858356237411499,0.06664217263460159,0.10638438910245895,0.23570631444454193,0.40950366854667664,0.06881995499134064,0.07479473948478699,0.12140598148107529,0.24665193259716034,0.0,1.2697678804397583,0.0,0.6537965536117554,0.023218607529997826,1.4911437034606934,0.0,0.0,0.7887306213378906,0.2603655755519867,0.503241240978241,0.4240241050720215,0.22195924818515778,0.9307486414909363,0.09047742933034897,0.8328635096549988,0.1671929955482483,1.140952467918396,1.1020647287368774,0.12565480172634125,0.0,1.3360317945480347,0.8249852657318115,0.0,0.29764166474342346,0.4737135171890259,0.0,0.07097695767879486,0.6921030879020691,1.0854915380477905,1.0675160884857178,0.0,0.9201775193214417,0.44161713123321533,0.180845245718956,0.08906636387109756,1.1003221273422241
3128957,1.0558662414550781,0.0,1.0655494928359985,0.0,0.020413151010870934,0.9869610667228699,0.04944057762622833,0.0,1.3140009641647339,1.491062879562378,1.0441818237304688,0.4223780035972595,1.0685043334960938,0.89618980884552,1.4475661516189575,0.09850329905748367,0.0,0.49441882967948914,0.5756810903549194,1.0957188606262207,0.0,0.0,0.6468645334243774,0.0,0.0,0.010007059201598167,0.475822776556015,0.0,2.0948405265808105,0.0,0.589840829372406,0.0,1.2784314155578613,0.0,0.0,1.5545814037322998,0.3195648789405823,0.030117938295006752,0.7368432283401489,0.8072952628135681,1.1289499998092651,0.2032289355993271,1.052217960357666,0.17595341801643372,1.5378562211990356,1.2906514406204224,0.0,0.0,1.6275560855865479,0.9039334654808044,0.0,0.30457428097724915,0.4196256101131439,0.0,0.10342349112033844,0.7583227157592773,1.023996353149414,0.9476474523544312,0.0,1.316657304763794,0.6258115172386169,0.0018134808633476496,0.08987459540367126,1.2481892108917236
3133602,0.005831036251038313,1.1159359216690063,0.0421418733894825,0.0,0.02184625156223774,0.0,0.0,0.00048371104639954865,1.963620662689209,1.7039718627929688,0.0,0.8726796507835388,0.0,2.1138641834259033,0.0,0.0,0.0,0.0,0.0,0.3127380609512329,0.0,0.013254140503704548,0.0,0.0,0.0,1.5639878511428833,0.0,0.0,0.0,1.71035897731781,0.0,0.0,0.016822529956698418,0.006402494385838509,0.6178149580955505,0.0,0.47312673926353455,1.539965271949768,1.7145695686340332,0.0,0.3311978280544281,1.4201122522354126,1.4130979776382446,0.0,0.0,0.0,0.0,0.15553772449493408,0.0,0.3309883773326874,1.8147882223129272,0.0,0.0,1.6871901750564575,0.6784502863883972,1.3442808389663696,1.2897106409072876,0.11539050191640854,0.0,0.0,1.311692714691162,1.8171275854110718,0.0,2.0688703060150146
3136075,0.9457345604896545,0.0,1.0385295152664185,0.0,1.0955415964126587,0.6000759601593018,0.0,0.05013027787208557,1.2883859872817993,1.5015795230865479,0.9183281660079956,0.8919509053230286,1.3415809869766235,0.6000229120254517,1.5240845680236816,0.19074146449565887,0.0,0.606201171875,0.6595891118049622,0.5428636074066162,0.050392553210258484,0.047911472618579865,0.7041581273078918,0.0030382946133613586,0.18819786608219147,0.16301114857196808,0.8105507493019104,0.0,0.9808340072631836,0.0,0.799737274646759,0.0,2.070521354675293,0.0,0.0,1.0576711893081665,0.4657769203186035,0.5296204686164856,1.1150637865066528,1.0442159175872803,1.343591332435608,0.001524397055618465,1.6146327257156372,0.17003758251667023,1.5342044830322266,1.6126370429992676,0.5600748062133789,0.0,1.9360108375549316,1.3464746475219727,0.0,0.14968545734882355,0.4994325041770935,0.0,0.3532319664955139,0.8985888361930847,0.5862787961959839,1.132123589515686,0.0,1.174972414970398,0.023426609113812447,0.386076420545578,0.0,1.641282558441162
3138453,0.0034430844243615866,0.04380609467625618,0.038363177329301834,0.07054518163204193,0.0,0.0011507688323035836,0.13027073442935944,0.004726428538560867,0.5831512808799744,0.8035216331481934,0.1202583983540535,0.1882626861333847,0.031145751476287842,0.6193031668663025,0.0,0.042577121406793594,0.0,0.0,0.12196768075227737,0.0,0.4376610815525055,0.0,0.12382789701223373,0.07936995476484299,0.0,0.6446568369865417,0.0,0.0752679705619812,0.14160725474357605,0.8951253890991211,0.0,0.0,0.0011780195636674762,0.3031889498233795,0.661855161190033,0.0,0.27390286326408386,0.7024866938591003,0.43769192695617676,0.0,0.22326354682445526,0.7434757351875305,0.6116582751274109,0.5494341254234314,0.0,0.16163162887096405,0.0,0.8665189146995544,0.2059907764196396,0.09426810592412949,0.40535131096839905,0.0,0.06390366703271866,0.6961836814880371,0.2934528887271881,0.7802883982658386,0.7116498351097107,0.0,0.0,0.0,0.7531030178070068,0.6099919080734253,0.07512680441141129,0.8431869149208069
3139196,2.6676971912384033,0.0,0.0,0.0,0.0,0.0,0.0,0.0,0.0,0.0,3.267059326171875,0.0,0.0,2.8223817348480225,0.0,0.0,0.0,0.0,0.0,0.0,2.6947388648986816,0.0,3.1021816730499268,0.0,3.0967676639556885,0.0,0.0,0.0,0.0,3.233927011489868,0.0,3.3778111934661865,0.0,3.1901137828826904,3.395399332046509,2.9489853382110596,2.844780683517456,0.0,3.9954452514648438,3.2425801753997803,0.0,2.783862352371216,0.0,0.0,2.4948766231536865,2.9945247173309326,2.472731113433838,0.0,0.0,0.0,2.787921190261841,2.705867290496826,0.0,3.2362160682678223,2.3613829612731934,3.5803756713867188,2.673001766204834,3.387218713760376,2.8547580242156982,0.0,0.0,0.0,0.0,0.0
314397,1.1794496774673462,0.40149030089378357,0.0,0.27428650856018066,0.002130830893293023,0.42436206340789795,0.0,0.3256397843360901,0.0,0.0,0.2595839202404022,0.3258640766143799,0.5068758726119995,0.2706271708011627,1.0019800662994385,0.2481202930212021,0.5954501032829285,0.0,0.07802563905715942,0.0,0.14171043038368225,0.19710980355739594,0.04507682844996452,0.823286235332489,0.3880554735660553,0.0,0.5286238789558411,0.5675486326217651,0.416620135307312,0.33793941140174866,0.5243385434150696,0.9135858416557312,0.5630597472190857,0.0,0.5232080817222595,0.5614436268806458,0.3326621353626251,0.0,0.3922690451145172,0.055871929973363876,0.0,0.10987440496683121,0.9211838841438293,0.3068300187587738,0.0,0.0,0.3019739091396332,0.0,0.4196150302886963,0.2337964028120041,1.488784670829773,0.03803616762161255,0.8914838433265686,0.36570534110069275,0.7464924454689026,0.4101637601852417,0.9658358693122864,0.38101255893707275,0.45389795303344727,0.1909450739622116,0.36295780539512634,0.7595906853675842,0.0,0.14141029119491577
316872,2.101334810256958,2.0678164958953857,0.0,0.0,2.1540870666503906,2.074843645095825,0.494011253118515,2.01175856590271,2.4293763637542725,1.873533844947815,0.0,0.7539721727371216,1.5762616395950317,1.6490228176116943,0.0,0.0,0.0,2.029683828353882,2.952329158782959,0.0,2.2028398513793945,2.4328408241271973,0.0,0.0,0.0,1.5763832330703735,0.0,0.0,1.9480876922607422,0.0,0.0,0.0,0.0,2.0449330806732178,0.0,0.0,0.0,2.3413405418395996,1.7388477325439453,0.0,1.6957447528839111,1.5582611560821533,1.83432137966156,2.260615825653076,2.03849458694458,0.0,0.0,0.0,2.0442118644714355,1.9057337045669556,0.0,0.0,1.9297363758087158,0.6392613649368286,0.0,2.1021580696105957,0.0,0.0,0.0,0.0,0.0,1.8376398086547852,1.9153859615325928,0.0
317547,1.474350094795227,0.3777318298816681,0.0,0.0,0.4076728820800781,0.3108537495136261,0.0,0.0020719035528600216,0.5189439058303833,0.3314320743083954,1.3331652879714966,0.331786185503006,0.46168553829193115,1.1044119596481323,0.5043416619300842,0.0,0.0,0.48195943236351013,0.3081578016281128,0.31952187418937683,1.10670006275177,0.4500065743923187,1.2590750455856323,0.26217347383499146,1.732906460762024,0.5081376433372498,0.5417928695678711,0.19052661955356598,0.4760977029800415,1.7353663444519043,0.0,1.3595112562179565,0.38025933504104614,1.437707781791687,1.4357702732086182,1.2628954648971558,1.1400772333145142,0.3188934624195099,1.6112648248672485,1.079321026802063,0.0,1.2281246185302734,0.0,0.2843838036060333,1.2615262269973755,1.2098537683486938,1.6918104887008667,0.4401261508464813,0.0,0.5456347465515137,1.2865501642227173,0.9913232326507568,0.6196399927139282,1.347607135772705,1.066529393196106,1.5635924339294434,1.1445667743682861,1.4253631830215454,1.3627921342849731,0.2708170711994171,0.0,0.5245050191879272,0.0,0.1567307859659195
319150,1.5071438550949097,1.3478032350540161,0.0,0.025625569745898247,1.5677512884140015,1.6342717409133911,0.09318366646766663,1.6537951231002808,1.7525578737258911,1.6219180822372437,0.07457524538040161,0.7216619849205017,1.2564122676849365,1.3292049169540405,0.0,0.0,0.07864181697368622,1.528990626335144,2.2330682277679443,0.0,1.582534909248352,1.7946772575378418,0.059478674083948135,0.0,0.0,1.150819182395935,0.0,0.125968337059021,1.3455067873001099,0.0,0.13517765700817108,0.03866542875766754,0.0,1.3905035257339478,0.0,0.0,0.0,1.7779849767684937,1.137527585029602,0.28362974524497986,1.2745476961135864,1.0866292715072632,1.2162328958511353,1.5693354606628418,1.6045050621032715,0.05519294738769531,0.04632754251360893,0.07119079679250717,1.5582855939865112,1.4160734415054321,0.04980742558836937,0.06735487282276154,1.5307989120483398,0.6525870561599731,0.1528528332710266,1.4525727033615112,0.1535923331975937,0.0,0.0,0.06174803152680397,0.0,1.2930306196212769,1.2895642518997192,0.049130018800497055
319221,2.2314369678497314,2.3504574298858643,0.0,0.0,2.0138673782348633,2.198045253753662,0.18192343413829803,2.0897157192230225,2.6993579864501953,1.9562240839004517,0.0,0.9377656579017639,1.6131056547164917,1.8130930662155151,0.0,0.0,0.0,2.1854195594787598,3.229463815689087,0.0,2.200387477874756,2.7165775299072266,0.0,0.0,0.0,1.7044724225997925,0.0,0.0,2.031571388244629,0.0,0.0,0.0,0.0,2.059941291809082,0.0,0.0,0.0,2.3881278038024902,1.8514291048049927,0.04275831580162048,1.6537389755249023,1.5166165828704834,1.7541002035140991,2.3641514778137207,2.139591693878174,0.0,0.0,0.0,2.1883533000946045,2.144566535949707,0.0,0.0,2.1675078868865967,0.8933389782905579,0.0,2.201683282852173,0.0,0.0,0.0,0.0,0.0,1.9444386959075928,1.7654352188110352,0.0
325231,0.40404650568962097,0.0,1.0339590311050415,0.0,0.07169647514820099,0.6883531212806702,0.11562437564134598,0.0077363355085253716,1.1755019426345825,1.1610690355300903,0.5531662702560425,0.9381085634231567,0.9882217049598694,0.9169941544532776,1.2807579040527344,0.12162991613149643,0.0,0.47357258200645447,0.7286240458488464,0.025849493220448494,0.0,0.013148360885679722,0.8568581342697144,0.0,0.02489807829260826,0.0,0.5283911228179932,0.0,1.2456934452056885,0.0,1.0595054626464844,0.0,1.4984194040298462,0.0,0.0,0.7973202466964722,0.2284141331911087,0.2631250023841858,0.34757789969444275,0.36653533577919006,0.8751760721206665,0.0018482396844774485,1.1051967144012451,0.0,1.0867817401885986,1.204299807548523,0.03346394747495651,0.0,1.4818992614746094,1.1962250471115112,0.0,0.0,0.41724541783332825,0.0,0.0009290776797570288,0.7757754921913147,1.0352284908294678,1.3544063568115234,0.0,1.1483198404312134,0.7904914021492004,0.26822587847709656,0.01656806282699108,1.4186346530914307
325966,1.5787900686264038,1.5764933824539185,0.0,0.0,1.5670779943466187,1.5635818243026733,0.1842951774597168,1.5092881917953491,1.7631332874298096,1.3400498628616333,0.0,0.4780786633491516,1.357149362564087,1.25357186794281,0.0,0.0,0.017018090933561325,1.5556832551956177,2.15891170501709,0.0,1.473185658454895,1.794460654258728,0.0,0.0,0.0,1.081005334854126,0.0,0.016998954117298126,1.2445110082626343,0.0,0.023424986749887466,0.1168162003159523,0.0,1.3747295141220093,0.0,0.0,0.0,1.7845481634140015,1.1776081323623657,0.060275983065366745,1.1343719959259033,1.2627761363983154,1.2083227634429932,1.5465545654296875,1.7195323705673218,0.0,0.0,0.0,1.5118696689605713,1.3093332052230835,0.0,0.0,1.3417165279388428,0.4677976667881012,0.10461235046386719,1.6727712154388428,0.18162187933921814,0.0,0.0,0.04883589223027229,0.0,1.470753788948059,1.3317502737045288,0.0
329034,3.4641525745391846,0.0,0.0,0.0,0.0,0.0,0.0,0.0,0.010597292333841324,0.0,3.89998722076416,0.0,0.0,3.329873561859131,0.0,0.0,0.0016855350695550442,0.0,0.0,0.0,3.148343086242676,0.0,3.8900654315948486,0.0,4.293744087219238,0.0,0.0,0.01128983125090599,0.0,4.265207767486572,0.0,4.152612209320068,0.0,4.342221736907959,4.360184669494629,3.0902349948883057,3.378765106201172,0.0,5.030115127563477,4.044875621795654,0.0,3.110468864440918,0.0,0.0,3.1292717456817627,3.4801790714263916,3.4514119625091553,0.0,0.0,0.0,4.291804790496826,3.1601550579071045,0.0,4.027499675750732,3.1840591430664062,4.982950687408447,3.4175362586975098,3.841535806655884,3.929464101791382,0.0,0.0,0.0,0.0,0.0
329533,0.07132963091135025,0.43272000551223755,0.4078991711139679,0.0036071522627025843,0.42739585041999817,0.43367263674736023,0.19143441319465637,0.0028698258101940155,0.5926098823547363,0.31114262342453003,0.10632526874542236,0.4318733215332031,0.33724045753479004,0.39027097821235657,0.4859653115272522,0.39874616265296936,0.0,0.09647706896066666,0.40415215492248535,0.0,0.38962817192077637,0.5408530831336975,0.35641902685165405,0.07633636146783829,0.3897227346897125,0.25926801562309265,0.11478643119335175,0.0,0.6259921193122864,0.0,0.47828391194343567,0.41690725088119507,0.5168800354003906,0.0,0.0,0.26936542987823486,0.37703582644462585,0.4988994002342224,0.0,0.10212738066911697,0.36062905192375183,0.31738290190696716,0.41316041350364685,0.06811517477035522,0.18647122383117676,0.38726240396499634,0.31398576498031616,0.0,0.5425325632095337,0.4952506721019745,0.0,0.32125523686408997,0.20727720856666565,0.0,0.10925474017858505,0.2925664484500885,0.6742755174636841,0.44616153836250305,0.0,0.5556312203407288,0.527913510799408,0.18395324051380157,0.2676144242286682,0.5650225281715393
395553,0.04933542758226395,0.9436399936676025,0.32217997312545776,0.009786572307348251,1.1367086172103882,0.44503018260002136,0.005720170680433512,0.0,0.26923081278800964,0.15177053213119507,0.025942977517843246,0.08295536041259766,0.16632844507694244,0.040117260068655014,0.04978928342461586,0.8257178664207458,0.0,0.029366327449679375,0.0746346116065979,0.0,1.4721119403839111,1.5241711139678955,0.152190163731575,1.0912853479385376,1.3053767681121826,1.077425479888916,0.023398660123348236,0.0,0.030261708423495293,0.0,0.12311907857656479,0.9097325801849365,0.06803873181343079,0.0,0.0,0.04148036614060402,1.0585806369781494,1.1320312023162842,0.18220756947994232,0.004729383159428835,0.045259714126586914,1.062894582748413,0.2564992308616638,1.1632168292999268,0.30063071846961975,0.053092263638973236,1.1409356594085693,0.0,0.07632555812597275,0.21506626904010773,0.0,1.2418662309646606,0.09980124980211258,0.0,1.1581614017486572,0.12638889253139496,0.0746544823050499,0.13414452970027924,0.0,0.1302504688501358,0.07503701001405716,0.3092169165611267,0.5506128668785095,0.33595097064971924
405298,0.0,1.2221089601516724,0.3639678359031677,0.3622734546661377,0.0,0.0,0.23962096869945526,0.24439674615859985,1.2177951335906982,1.2261167764663696,0.03239351883530617,0.4560867249965668,0.0,1.4332350492477417,0.0,0.23999172449111938,0.05416145920753479,0.0,0.03139360249042511,0.13221068680286407,0.30736249685287476,0.0,0.168197363615036,0.008921907283365726,0.0,0.8692746162414551,0.0,0.061596132814884186,0.012041298672556877,1.050447940826416,0.0,0.008872052654623985,0.0,0.145353764295578,0.26518940925598145,0.0,0.5690571069717407,1.2374811172485352,0.9218791127204895,0.0,0.06296088546514511,0.9078410863876343,1.0388827323913574,0.06687015295028687,0.10589319467544556,0.3386634588241577,0.0,0.0,0.0,0.16758157312870026,1.3929898738861084,0.0,0.0038134653586894274,0.9506786465644836,0.5869356393814087,0.8898031115531921,0.5012850165367126,0.5071389675140381,0.0,0.02107037603855133,1.127457618713379,1.1040549278259277,0.049665771424770355,1.0075552463531494
406008,1.1583627462387085,0.14693351089954376,0.0,0.0,0.40648987889289856,0.1784123182296753,0.0,0.12665818631649017,1.1124658584594727,0.2823360562324524,1.3929628133773804,0.23461902141571045,0.6731011867523193,1.302694320678711,0.7310424447059631,0.0,0.0,0.6135655045509338,0.27097758650779724,0.26468852162361145,0.9405381083488464,0.6353173851966858,0.9470770359039307,0.4252348840236664,1.601866364479065,0.9658856391906738,0.29628047347068787,0.6704680323600769,0.2020571082830429,2.056424856185913,0.0,1.371688961982727,0.7790522575378418,1.2341766357421875,1.2448638677597046,0.7082688808441162,1.1340045928955078,0.1600695699453354,2.1648714542388916,1.3742961883544922,0.0,1.2625468969345093,0.0,0.481611967086792,1.5244606733322144,1.0654757022857666,2.2097370624542236,0.7065020203590393,0.0,0.5976061820983887,1.741124153137207,0.8104354739189148,0.5267898440361023,1.669636607170105,1.1768110990524292,1.6820532083511353,1.4928966760635376,1.5060120820999146,1.5791712999343872,0.2586967349052429,0.0,0.853260338306427,0.0,0.11911862343549728
413267,0.46380534768104553,0.2290787398815155,1.013392686843872,0.0,0.8046699166297913,0.5726612210273743,0.011425002478063107,0.002704371465370059,0.9646787047386169,0.9657205939292908,0.7141481637954712,0.34615567326545715,0.7430964708328247,0.5956190228462219,0.9907287359237671,0.3772485554218292,0.0,0.4503713548183441,0.7410042881965637,0.4060788154602051,0.3521435558795929,0.4605351388454437,0.42410391569137573,0.14186739921569824,0.0671335905790329,0.34147897362709045,0.42538490891456604,0.0,1.2567579746246338,0.0,0.6630343794822693,0.1379622519016266,1.041176199913025,0.0,0.0,0.8135312795639038,0.035023827105760574,0.3261191248893738,0.3112371861934662,0.2429230660200119,0.8379808068275452,0.1940646916627884,0.6314113736152649,0.3059837520122528,1.055959701538086,0.6110550761222839,0.39359793066978455,0.0,1.1900771856307983,0.9878517985343933,0.0,0.6173344254493713,0.2006436586380005,0.0,0.40883946418762207,0.23416098952293396,0.6901475191116333,1.050803303718567,0.0,0.8802056312561035,0.6392698287963867,0.0016056904569268227,0.29789894819259644,0.9547896385192871
419510,0.4723416268825531,0.009288026951253414,0.9561269283294678,0.0,0.1521424800157547,0.5147686004638672,0.26426681876182556,0.0,0.9610652327537537,1.109622836112976,0.527783989906311,0.5523391366004944,0.6615216135978699,0.5345736145973206,1.0073186159133911,0.22131285071372986,0.0,0.42049354314804077,0.6839563846588135,0.5134590864181519,0.038088466972112656,0.007862522266805172,0.829972505569458,0.07012978196144104,0.02580876648426056,0.08165272325277328,0.26837554574012756,0.0,1.1832808256149292,0.0,0.8824054002761841,0.06084729731082916,0.9956755638122559,0.0,0.0,0.6519635319709778,0.22818200290203094,0.20059701800346375,0.04094212129712105,0.39396581053733826,0.47884827852249146,0.12156128138303757,0.8287748694419861,0.06687047332525253,0.6487888693809509,0.9038123488426208,0.0,0.0,1.2092632055282593,0.8015859723091125,0.0,0.15861497819423676,0.35096198320388794,0.0,0.0754198506474495,0.5567795038223267,0.8815642595291138,0.8900902271270752,0.0,0.8848195672035217,0.8650793433189392,0.18406961858272552,0.1703086942434311,0.989379346370697
419960,0.7762517929077148,0.005425855051726103,0.0,0.15398596227169037,0.26439499855041504,0.0019224187126383185,0.0,0.2067936211824417,0.0,0.0,0.5704256296157837,0.14573952555656433,0.5636191964149475,0.20547103881835938,0.7038361430168152,0.0,0.31005552411079407,0.0,0.1729019582271576,0.0,0.21521957218647003,0.13553966581821442,0.5339996814727783,0.3863603174686432,0.5794123411178589,0.0,0.5821454524993896,0.46444737911224365,0.7845130562782288,0.6209195852279663,0.3958350419998169,0.8526390790939331,0.9855449199676514,0.0,0.4472784698009491,0.40523651242256165,0.5925467014312744,0.0,0.37854015827178955,0.32940974831581116,0.0,0.2616899311542511,1.0473288297653198,0.24423179030418396,0.0,0.0,0.35245180130004883,0.0,0.29384350776672363,0.14206957817077637,1.6758333444595337,0.0,0.885111391544342,0.7339056730270386,1.120951771736145,0.4277634620666504,1.005320429801941,0.2353767305612564,0.26713699102401733,0.0,0.22442294657230377,0.3983992040157318,0.0,0.2667107880115509
428031,0.0565175786614418,0.006556515581905842,0.41018643975257874,0.5639790892601013,0.1799331158399582,1.0107080936431885,0.44531044363975525,0.3309078812599182,0.3264346718788147,0.06494397670030594,0.8746961951255798,0.0,0.7372699975967407,0.007976273074746132,0.0,0.9523280262947083,0.0,0.0,0.40484336018562317,0.0,0.7534236311912537,0.0,0.5495628714561462,0.44644784927368164,0.0,0.2458057552576065,0.0,0.930907666683197,0.8265138268470764,0.06365806609392166,0.0,1.08577299118042,0.025963108986616135,0.8234291076660156,0.24095843732357025,0.0,0.401193767786026,0.05692509934306145,0.026163578033447266,0.0,0.01641080342233181,0.16260084509849548,0.16487586498260498,0.8156774640083313,0.47144216299057007,0.6121841073036194,0.0,0.1789577305316925,0.8130748867988586,0.1354133039712906,0.009692170657217503,0.0,0.506442129611969,0.01258640643209219,0.12935864925384521,0.26601797342300415,0.1251521110534668,0.0010105541441589594,0.0,0.7924389243125916,0.2578970491886139,0.03421614691615105,0.6980590224266052,0.1245768740773201
434996,0.8253639936447144,0.07109509408473969,0.0,0.06053713709115982,0.5046315789222717,0.0,0.0,0.12303748726844788,0.0,0.0,0.31894248723983765,0.01752706989645958,0.1258476823568344,0.026176882907748222,0.790855348110199,0.0,0.03188899904489517,0.0,0.015553241595625877,0.0,0.03589671105146408,0.35841891169548035,0.8400948643684387,0.6694765686988831,0.707713782787323,0.0,0.9587070941925049,0.6485161185264587,0.4238709807395935,0.09967303276062012,0.14522990584373474,0.9577877521514893,0.8399979472160339,0.0,0.0,0.44097602367401123,0.3169878423213959,0.00873289629817009,0.1766895204782486,0.0,0.003045416437089443,0.02775830216705799,0.9732234477996826,0.2183465212583542,0.0,0.0,0.4938998222351074,0.0,0.16954189538955688,0.04326880723237991,1.184857726097107,0.0,1.0069653987884521,0.5234666466712952,1.024179220199585,0.5053476691246033,1.3851464986801147,0.29800939559936523,0.2270572930574417,0.04035172984004021,0.13964830338954926,0.5306159853935242,0.0,0.13200388848781586
438721,2.9806153774261475,0.0,0.0,0.0,0.0,0.0,0.0,0.0,0.0,0.0,3.314582109451294,0.0,0.0,3.129427671432495,0.0,0.0,0.0,0.0,0.0,0.0,2.7757153511047363,0.0,3.142028331756592,0.0,3.4312968254089355,0.0,0.0,0.0,0.0,3.2307872772216797,0.0,3.5134599208831787,0.0,3.2583611011505127,3.6676058769226074,3.084541082382202,3.1748929023742676,0.0,3.8964974880218506,3.2189249992370605,0.0,2.980520725250244,0.0,0.0,2.6962578296661377,3.383513927459717,2.5490646362304688,0.0,0.0,0.0,2.945885419845581,2.8503124713897705,0.0,3.139284133911133,2.725546360015869,3.709714651107788,2.6592140197753906,3.6299357414245605,3.120710611343384,0.0,0.0,0.0,0.0,0.0
445953,4.191007137298584,0.0,0.0,0.0,0.0,0.0,0.0,0.0,0.0,0.0,3.9298152923583984,0.0,0.0,3.776047945022583,0.0,0.0,0.0,0.0,0.0,0.0,3.8671398162841797,0.0,4.271870136260986,0.0,4.561618328094482,0.0,0.0,0.007701491471379995,0.0,4.306114673614502,0.0,4.344549179077148,0.0,4.2946624755859375,4.783888816833496,4.294684886932373,4.194539546966553,0.0,5.253511905670166,4.3664069175720215,0.027359923347830772,3.507136106491089,0.0,0.0,3.4209306240081787,4.528445720672607,3.0941083431243896,0.0,0.0,0.0,3.9404146671295166,3.5293266773223877,0.0,4.174324035644531,3.4845075607299805,4.831070423126221,3.496447801589966,4.194220542907715,4.494352340698242,0.0,0.0,0.0,0.0,0.0
450733,0.0,0.26660478115081787,0.0037793878000229597,0.07701726257801056,0.0,0.00024094032414723188,0.020545441657304764,0.0,0.8981398344039917,0.9760968089103699,0.014927302487194538,0.5604914426803589,0.0,0.889924168586731,0.0,0.13235224783420563,0.0,0.0,0.052331745624542236,0.0,0.47294002771377563,0.0,0.014196282252669334,0.0764772891998291,0.0,0.783246636390686,0.0,0.011283419094979763,0.032476093620061874,0.6571833491325378,0.0,0.021422650665044785,0.025865891948342323,0.20996680855751038,0.6144837141036987,0.0,0.16347543895244598,0.9159292578697205,0.6164228320121765,0.0,0.3063991367816925,0.94593346118927,0.6889873147010803,0.23451462388038635,0.0,0.1043185144662857,0.0,0.5273643732070923,0.02808034047484398,0.2532896399497986,0.5999115109443665,0.0,0.020550226792693138,0.8474993705749512,0.47642844915390015,0.7635393142700195,0.8481255769729614,0.0013009269023314118,0.0,0.014093494974076748,0.7943674325942993,0.6706717610359192,0.018444878980517387,0.7765675783157349
460919,0.4337193965911865,0.2907015383243561,0.6193051338195801,0.0,1.2484934329986572,0.5624030828475952,0.005743635352700949,0.0,0.8926524519920349,0.9174535870552063,0.6264122128486633,0.6377271413803101,0.6815267205238342,0.4190949499607086,0.8445348739624023,0.4643080532550812,0.0,0.28640320897102356,0.36209842562675476,0.6010279059410095,0.5568815469741821,0.3550487160682678,0.3210830092430115,0.49819034337997437,0.5246320366859436,0.35016778111457825,0.4242883026599884,0.0,0.8410815596580505,0.0,0.5333430171012878,0.5479673147201538,0.7922030687332153,0.0,0.0,0.6913507580757141,1.0894591808319092,1.0759550333023071,0.43838244676589966,0.5788799524307251,0.2707372009754181,0.3300183117389679,0.837398886680603,0.6338666081428528,1.0474635362625122,0.8004857897758484,1.01921808719635,0.0,0.788580596446991,0.6822067499160767,0.0,1.092739462852478,0.23372678458690643,0.0,0.9065312743186951,0.45011064410209656,0.46017196774482727,0.7835338711738586,0.0,0.7437073588371277,0.3145189583301544,0.0,0.2622127830982208,0.6076477766036987
461866,0.43735459446907043,0.08618723601102829,0.9067333936691284,0.006715026684105396,0.07265149056911469,0.4328620135784149,0.13078561425209045,0.3027194142341614,0.7519038319587708,1.3078738451004028,0.5406503081321716,0.7168102860450745,0.8900601267814636,0.7217483520507812,1.1409480571746826,0.12014772742986679,0.0,0.4862380623817444,0.4357059597969055,0.0,0.11915093660354614,0.17485488951206207,0.791563093662262,0.04389142245054245,0.0869026929140091,0.060899872332811356,0.4875841736793518,0.0,1.1042732000350952,0.0,0.7544953227043152,0.09689956903457642,1.3251209259033203,0.0,0.0,0.5512627363204956,0.17591990530490875,0.12276481091976166,0.11203046143054962,0.14822351932525635,0.9001641273498535,0.0851384624838829,0.8744719624519348,0.04673970863223076,1.018478512763977,1.1050812005996704,0.07209498435258865,0.0,1.50018310546875,0.9188103675842285,0.0,0.10898851603269577,0.570468008518219,0.0,0.03331046551465988,0.46618083119392395,1.0577765703201294,1.164035439491272,0.0,0.9595429301261902,0.45578575134277344,0.436541348695755,0.05417700484395027,1.117836833000183
466796,1.039161205291748,0.0,1.2166670560836792,0.0,0.3702055513858795,0.8645610213279724,0.0,0.0,1.224615216255188,2.0365664958953857,1.2215476036071777,0.6377310752868652,1.09626305103302,0.529934287071228,1.8561053276062012,0.022920643910765648,0.0,0.25012895464897156,0.39069512486457825,0.9595611095428467,0.029207920655608177,0.0,1.1190766096115112,0.006538908928632736,0.007064022123813629,0.0,0.5815660357475281,0.0,1.9034628868103027,0.0,0.808297336101532,0.0,1.5283231735229492,0.0,0.0,1.268922209739685,0.5450978875160217,0.37827572226524353,1.1039812564849854,0.8295888900756836,0.9421811103820801,0.06824881583452225,1.3599095344543457,0.4739626348018646,1.6627650260925293,1.3319119215011597,0.3871225416660309,0.0,1.6770027875900269,1.2906643152236938,0.0,0.7003607749938965,0.6225451827049255,0.0,0.2693632245063782,0.8559834957122803,1.324903964996338,1.5562152862548828,0.0,1.4706915616989136,0.8829408288002014,0.0,0.19167666137218475,1.5298495292663574
471727,0.0,0.0,0.0,1.702431559562683,0.0024742246605455875,0.0,0.06466080993413925,0.0,0.08009687066078186,0.0,2.5951619148254395,0.012840261682868004,0.0,0.0,0.0,0.0,2.4111287593841553,0.0,0.0,0.0,0.0,0.0,2.1421310901641846,0.0,0.0,0.0,0.0,2.4980154037475586,0.0014196311822161078,0.0,2.4699220657348633,1.3669580221176147,0.0,0.0,0.0,0.0,0.0,0.0,0.00511066522449255,2.259749174118042,0.0,0.0,0.0,0.001613543019630015,0.019646059721708298,2.311596393585205,2.5938708782196045,2.1896684169769287,0.0,0.0,2.2800490856170654,1.7734206914901733,0.0,0.0,3.85339617729187,0.016785455867648125,4.084331512451172,0.0,0.0,2.1669979095458984,0.0,0.004049988463521004,0.0904373899102211,1.7752794027328491
478457,0.944312572479248,0.012184428051114082,0.0,0.19890673458576202,0.26162150502204895,0.0,0.0,0.0001233001094078645,0.0,0.0,0.2254856675863266,0.0,0.020544301718473434,0.025759080424904823,0.6900350451469421,0.005359776318073273,0.0675930455327034,0.0,0.10621600598096848,0.0,0.01731759123504162,0.2800350785255432,0.6484136581420898,0.49909234046936035,0.7931801676750183,0.0,0.5907464027404785,0.3518671989440918,0.5631966590881348,0.002679248573258519,0.0,0.5730515122413635,0.8050419092178345,0.0,0.1750113070011139,0.43834158778190613,0.39444756507873535,0.0,0.36684077978134155,0.031197426840662956,0.0025811505038291216,0.03699299693107605,0.9502831101417542,0.3033277690410614,0.0,0.0,0.34020110964775085,0.0,0.4902516007423401,0.1552368700504303,1.334128499031067,0.0,1.2353925704956055,0.7054116129875183,0.8230815529823303,0.3248169422149658,1.246312141418457,0.5717192888259888,0.05375928431749344,0.030653903260827065,0.1418658047914505,0.43649014830589294,0.0,0.01464013196527958
482516,0.010095073841512203,0.0,0.0,0.670298159122467,0.2849142849445343,0.0,0.0,0.7416415214538574,0.0,0.0,0.5044308304786682,0.592606246471405,0.9847233891487122,1.2771315574645996,0.06805824488401413,0.0,0.44185733795166016,0.0,0.6520259976387024,0.0,1.0541006326675415,0.07887672632932663,0.495307594537735,0.07582538574934006,0.19048869609832764,0.0,0.15460534393787384,0.0,0.01984257437288761,0.48374438285827637,1.1529587507247925,0.027458304539322853,0.12556424736976624,0.0,0.686894953250885,0.009519373998045921,0.0035850785207003355,0.003983401693403721,0.5162642002105713,0.1774894744157791,0.0,0.7993073463439941,0.376651793718338,0.6158118844032288,0.0,0.0,0.07191681116819382,0.0,0.5067669153213501,0.0,0.1291811466217041,0.0,0.18197327852249146,0.17029261589050293,0.13385801017284393,0.31728866696357727,0.18508456647396088,0.017439868301153183,0.7606721520423889,0.0,0.618456244468689,0.001795786782167852,0.0,0.7370927333831787
482868,2.177105665206909,2.289477825164795,0.0,0.0,2.5115373134613037,2.590419054031372,0.46198374032974243,2.392744779586792,3.0427181720733643,2.429996967315674,0.0,0.6511833071708679,1.9362924098968506,2.153935194015503,0.0,0.0,0.0,2.3661978244781494,3.5412819385528564,0.0,2.614164113998413,2.8732240200042725,0.0,0.0,0.0,1.8919519186019897,0.0,0.0,2.2946741580963135,0.0,0.0,0.0,0.0,2.5012576580047607,0.0,0.0,0.0,3.244476079940796,1.8003146648406982,0.0,2.321408748626709,1.907440185546875,2.284623622894287,2.4037861824035645,2.698975086212158,0.0,0.0,0.0,2.7172036170959473,2.3781509399414062,0.0,0.0,2.222832202911377,0.7155779600143433,0.0,2.6753013134002686,0.0,0.0,0.0,0.0,0.0,2.2543587684631348,1.8778467178344727,0.0
487609,1.1355681419372559,0.36386701464653015,0.0011497014202177525,0.0,0.21218742430210114,0.1403152495622635,0.0,0.0,0.5200383067131042,0.25940266251564026,1.2460856437683105,0.37105873227119446,0.27926838397979736,1.071647047996521,0.2715323269367218,0.0,0.0,0.28940609097480774,0.16552789509296417,0.17316238582134247,0.8746275305747986,0.3169492185115814,0.98842853307724,0.2695191502571106,0.9808022975921631,0.3793138265609741,0.3242833614349365,0.02192806452512741,0.2347562313079834,1.0631072521209717,0.0,1.348060131072998,0.39971306920051575,1.084184169769287,1.117654800415039,0.9182649254798889,1.0553913116455078,0.30253201723098755,1.1845762729644775,1.1219784021377563,0.0,1.1915963888168335,0.0,0.25567179918289185,1.0358319282531738,1.0259678363800049,0.9787312746047974,0.367178738117218,0.0,0.39489129185676575,0.8650983572006226,0.8826210498809814,0.4596695899963379,1.038935899734497,0.9225760698318481,0.9981088638305664,0.9892805814743042,1.4088038206100464,1.107180118560791,0.19799669086933136,0.0,0.3626258075237274,0.0,0.15433749556541443
489539,0.9437782168388367,0.4336109459400177,0.0,0.16234053671360016,0.04284348711371422,0.0,0.0,0.10839322209358215,0.0,0.0,0.23422525823116302,0.015197339467704296,0.021704714745283127,0.14366230368614197,0.8868744373321533,0.10232967883348465,0.4201919734477997,0.0,0.11751428246498108,0.0,0.0472545400261879,0.08123577386140823,0.14303840696811676,0.42587557435035706,0.5567729473114014,0.0,0.5583850145339966,0.8649891018867493,0.5898765325546265,0.12588658928871155,0.23071202635765076,0.8049170970916748,0.8183960318565369,0.0,0.0,0.5485670566558838,0.3668159246444702,0.007125864736735821,0.3220171630382538,0.11552322655916214,0.0043501174077391624,0.0631830170750618,0.9528388381004333,0.46535709500312805,0.0,0.0,0.20301257073879242,0.0,0.3195168972015381,0.22459620237350464,1.6713974475860596,0.05084576457738876,1.0533570051193237,0.418535977602005,0.7255604863166809,0.29538771510124207,1.0114622116088867,0.6196881532669067,0.288585364818573,0.2651761770248413,0.13528430461883545,0.669460654258728,0.0,0.004091737326234579
505351,0.7808209657669067,0.8234235048294067,0.0,0.3003872334957123,0.7582221627235413,0.852515697479248,0.0,0.8994385600090027,0.9001559615135193,0.8849915862083435,0.44408848881721497,0.14242646098136902,0.5851465463638306,0.8184977769851685,0.0,0.0,0.6349459886550903,0.6500862836837769,1.152236819267273,0.0,0.777403712272644,0.9972994923591614,0.33317771553993225,0.0,0.0,0.696003258228302,0.0,0.532728910446167,0.6141295433044434,0.0,0.4464973509311676,0.3541882634162903,0.0,0.6257901787757874,0.0,0.0,0.0,1.0158573389053345,0.6597481369972229,0.7365904450416565,0.5676726698875427,0.49290964007377625,0.6405197978019714,0.8347005248069763,0.9318737387657166,0.3355438709259033,0.33308568596839905,0.43561452627182007,0.7333625555038452,0.6410044431686401,0.48584339022636414,0.49013563990592957,0.8858856558799744,0.07187017053365707,1.0522195100784302,1.0079914331436157,1.030067801475525,0.0,0.0,0.6292513608932495,0.0,0.8589523434638977,0.9118292927742004,0.3303704857826233
506408,1.349260687828064,0.1283152997493744,0.0,0.0,0.4519790709018707,0.0,0.0,0.0,0.0,0.0,0.3406372368335724,0.0,0.0,0.0,1.0685619115829468,0.0006274554179981351,0.2819007933139801,0.0,0.0,0.0,0.0,0.5164651274681091,0.8496434688568115,0.7284390926361084,0.9635371565818787,0.0,0.7245338559150696,0.6961212158203125,1.0816718339920044,0.029005005955696106,0.0,0.8837941288948059,1.2787401676177979,0.0,0.007046805229038,0.5198628902435303,0.698580801486969,0.0,0.3053942918777466,0.021103695034980774,0.02703777700662613,0.0,1.368049144744873,0.2184310108423233,0.0,0.0,0.45503202080726624,0.0,0.09287628531455994,0.3741495907306671,1.7670518159866333,0.0018505124608054757,1.6911448240280151,0.8989316821098328,1.1244877576828003,0.23781011998653412,2.021521806716919,0.7205794453620911,0.0,0.1714184284210205,0.0,0.7566203474998474,0.0,0.0
509648,0.017172593623399734,0.005335875786840916,0.0,4.315280914306641,0.006821498274803162,0.0,0.13927605748176575,0.0,0.03465321287512779,0.00785872619599104,4.9730401039123535,0.0,0.0,0.014080655761063099,0.0,0.0,4.739788055419922,0.0,0.011109096929430962,0.0,0.0,0.0,4.745603561401367,0.0,0.0,0.0,0.0,5.223625183105469,0.003820145269855857,0.0,5.1521477699279785,2.1040730476379395,0.0,0.0,0.0,0.0,0.0,0.0,0.03461332246661186,4.664705753326416,0.0035761359613388777,0.0,0.0071325586177408695,0.0,0.03461787849664688,4.973325729370117,5.6176652908325195,4.577208995819092,0.0,0.0,4.91374397277832,3.9673352241516113,0.0,0.0,7.21852445602417,0.01563645713031292,8.772189140319824,0.0,0.0,4.642485618591309,0.0,0.0,0.016007043421268463,4.890688419342041
516092,1.842660665512085,0.5336981415748596,0.0,0.0,0.07133618742227554,0.010227750055491924,0.0,0.0,0.0,0.0,0.25308147072792053,0.0,0.0,0.0,1.3891534805297852,0.16028591990470886,0.08029622584581375,0.0,0.0,0.0,0.0,0.45516225695610046,0.791283905506134,1.1053752899169922,1.1410224437713623,0.0,0.9910474419593811,1.613953948020935,1.210410237312317,0.0020411654841154814,0.0,1.5327444076538086,1.75419020652771,0.0,0.00223369337618351,0.9414411187171936,0.9443691372871399,0.0,0.20074330270290375,0.0,0.0,0.0,1.8318995237350464,0.0049862549640238285,0.0,0.0,0.567867636680603,0.0,0.2258273810148239,0.4720742404460907,2.740438461303711,0.01986781880259514,1.7395931482315063,1.4011939764022827,1.496942400932312,0.587211012840271,2.0663177967071533,1.0651557445526123,0.0,0.21727809309959412,0.0,1.1451960802078247,0.0,0.0
519139,1.7780483961105347,0.21147896349430084,0.0,0.013892178423702717,0.042956188321113586,0.0,0.0,0.0,0.005758419167250395,0.0,0.4379926919937134,0.0,0.09315719455480576,0.0,0.8497973084449768,0.019487908110022545,0.45601996779441833,0.0,0.018397705629467964,0.0,0.07743990421295166,0.7421092391014099,0.592398464679718,0.5963055491447449,1.0978140830993652,0.0,0.6075960993766785,0.696411669254303,1.324607491493225,0.013203319162130356,0.0,1.351274013519287,1.668233871459961,0.0,0.015041987411677837,0.5316610336303711,0.8187654614448547,0.004416563548147678,0.20278437435626984,0.3446580469608307,0.0,0.002575571183115244,1.2519946098327637,0.14470936357975006,0.0,0.0,0.48232975602149963,0.0,0.40250125527381897,0.33187589049339294,2.5562455654144287,0.2792767286300659,1.6445742845535278,0.7995564937591553,1.3084713220596313,0.08674336224794388,1.740260124206543,0.8095089793205261,0.0,0.594037652015686,0.11479968577623367,1.17957603931427,0.0,0.02818175218999386
519687,0.0018218194600194693,0.27476924657821655,0.31548625230789185,0.34931454062461853,0.0,0.2941773533821106,0.20898371934890747,0.0005659823073074222,0.7141682505607605,0.4623957872390747,0.30091431736946106,0.31426241993904114,0.21010655164718628,0.7212687730789185,0.0,0.18181774020195007,0.0,0.0,0.1927616000175476,0.05229440703988075,0.6250886917114258,0.008578460663557053,0.27468207478523254,0.023254115134477615,0.0,0.5999900698661804,0.0,0.33168694376945496,0.21154700219631195,0.4098860025405884,0.0,0.2670850157737732,0.0,0.34987324476242065,0.3448736071586609,0.0,0.5082062482833862,0.7053728103637695,0.7216809988021851,0.0,0.5286464095115662,0.7495853900909424,0.45790937542915344,0.25633370876312256,0.25470227003097534,0.36211955547332764,0.0,0.06457292288541794,0.1056210845708847,0.3494543433189392,0.5125872492790222,0.0,0.2142096310853958,0.44716981053352356,0.5156177282333374,0.5078076720237732,0.6666457056999207,0.10874232649803162,0.0,0.2585048973560333,0.5944348573684692,0.6858633756637573,0.3742414116859436,0.3592750132083893
532816,0.8128538131713867,0.6090465188026428,0.0,0.0,0.5782468318939209,0.539257287979126,0.0,0.0,0.9440646767616272,0.44719111919403076,0.6273776292800903,0.609025776386261,0.6382038593292236,0.7723190188407898,0.7404545545578003,0.0,0.0,0.6689318418502808,0.42936643958091736,0.7860919237136841,0.7139594554901123,0.5978785157203674,0.7272274494171143,0.3808623254299164,1.0476267337799072,0.7174047827720642,0.718819797039032,0.09367147088050842,0.5335087180137634,0.874809980392456,0.0,0.7451251149177551,0.7003558278083801,0.5260182619094849,0.9570298790931702,0.728539228439331,0.49435514211654663,0.7682743072509766,0.762744665145874,0.6432346701622009,0.0,0.8167381882667542,0.0,0.5218669176101685,0.9322319030761719,0.797865629196167,0.5196087956428528,0.7213670015335083,0.0,0.8320890665054321,0.5759450793266296,0.5201129913330078,0.876830518245697,0.9769607186317444,0.40438809990882874,0.6728096604347229,1.0258768796920776,1.3511154651641846,1.006699800491333,0.5633354783058167,0.0,0.7008393406867981,0.0,0.4175410866737366
538053,0.0020893183536827564,0.6217804551124573,0.07668839395046234,0.2759552001953125,0.06985112279653549,0.010249248705804348,0.12752434611320496,0.16147613525390625,0.7242534160614014,0.805009663105011,0.040289852768182755,0.6326913833618164,0.059404682368040085,0.9369508624076843,0.0,0.05873829498887062,0.0,0.0,0.15270550549030304,0.06601351499557495,0.6032369136810303,0.0,0.21595695614814758,0.0717742070555687,0.0,0.855543315410614,0.0,0.060872871428728104,0.05698731169104576,0.8112987875938416,0.0,0.06230100616812706,0.0,0.07301279157400131,0.5082828998565674,0.0,0.5943976640701294,0.8734831213951111,0.8394364714622498,0.0,0.3908427059650421,0.8872874975204468,0.5577825903892517,0.15437088906764984,0.21196870505809784,0.42331722378730774,0.0,0.08830736577510834,0.025314461439847946,0.288526713848114,0.996295154094696,0.0,0.02506413124501705,0.7576650977134705,0.5348754525184631,0.8497625589370728,0.7335005402565002,0.03840722516179085,0.0,0.08670338988304138,0.9584437012672424,0.8446385860443115,0.2869187891483307,0.7788038849830627
540736,2.7075626850128174,0.017558857798576355,0.0,0.0,0.0,0.011165495030581951,0.0,0.0,0.021002205088734627,0.013981493189930916,3.449324607849121,0.014273915439844131,0.03267740458250046,3.307305335998535,0.018927788361907005,0.0,0.0,0.009078387171030045,0.010111814364790916,0.02348916232585907,3.1184492111206055,0.023684272542595863,3.188037157058716,0.021719936281442642,3.6788907051086426,0.018861951306462288,0.0,0.06438017636537552,0.007965574972331524,3.5705714225769043,0.0,3.423832893371582,0.023189648985862732,3.372511386871338,3.276733636856079,2.8924880027770996,3.1233487129211426,0.0,4.217471122741699,3.1769514083862305,0.0,2.8819873332977295,0.0,0.015143219381570816,2.8441755771636963,3.2292633056640625,2.8214497566223145,0.040958717465400696,0.0,0.011022712104022503,3.274601936340332,2.5982768535614014,0.027241291478276253,3.366696357727051,2.5235211849212646,3.78753924369812,3.008104085922241,2.912795305252075,3.01790714263916,0.01289876364171505,0.002511788858100772,0.029393430799245834,0.0,0.009450445882976055
548140,2.623305559158325,2.5809404850006104,0.0,0.0,2.629653215408325,2.5384039878845215,0.2535907030105591,2.4845049381256104,3.1309282779693604,2.2674105167388916,0.0,0.9725789427757263,1.983202338218689,2.1248650550842285,0.0,0.0,0.0,2.715790271759033,3.8032400608062744,0.0,2.869188070297241,3.0736019611358643,0.0,0.0,0.0,1.8626676797866821,0.0,0.0,2.171696186065674,0.0,0.0,0.0,0.0,2.49265456199646,0.0,0.0,0.0,3.1157758235931396,2.1419665813446045,0.0,2.1583385467529297,1.6213550567626953,2.4726502895355225,2.5689399242401123,3.0660641193389893,0.0,0.0,0.0,2.415354013442993,2.3176305294036865,0.0,0.0,2.420480966567993,1.1273210048675537,0.0,2.5350823402404785,0.0,0.0,0.0,0.0,0.0,2.2355611324310303,2.081115484237671,0.0
548865,3.0569510459899902,0.0,0.0,0.0,0.0,0.0,0.0,0.0,0.0,0.0,3.1628546714782715,0.0,0.0,2.752446413040161,0.0,0.0,0.0,0.0,0.0,0.0,2.9378912448883057,0.0,3.16347336769104,0.0,3.2188642024993896,0.0,0.0,0.0,0.0,3.082044839859009,0.016322877258062363,3.319443941116333,0.0,3.2395994663238525,3.3879265785217285,2.9827656745910645,2.859816074371338,0.0,3.5988571643829346,2.977465867996216,0.0,2.7541298866271973,0.0,0.0,2.6436188220977783,3.109468698501587,2.451385021209717,0.0,0.0,0.0,2.8485631942749023,2.511054039001465,0.0,2.979701042175293,2.480785608291626,3.4268927574157715,2.7499914169311523,2.9708733558654785,3.2117116451263428,0.0,0.0,0.0,0.0,0.0
558967,0.13805381953716278,0.20400042831897736,0.6448947787284851,0.0004431874549482018,0.12292946130037308,0.45548295974731445,0.08638007193803787,0.05382459610700607,0.6415782570838928,0.6613365411758423,0.24805715680122375,0.7056803703308105,0.4166576862335205,0.5262916684150696,0.6377640962600708,0.1252727210521698,0.0,0.35699599981307983,0.6612063050270081,0.1597285270690918,0.102627232670784,0.2538299858570099,0.6014066338539124,0.03998174890875816,0.15182413160800934,0.20450402796268463,0.038737647235393524,0.0,0.9098730683326721,0.0,0.6776078343391418,0.23617827892303467,0.7676634788513184,0.0,0.0,0.3460486829280853,0.1763017475605011,0.2406519502401352,0.0,0.07288384437561035,0.5154796838760376,0.22172428667545319,0.5605698227882385,0.044535282999277115,0.5108932256698608,0.6864854693412781,0.10198504477739334,0.0,0.8314636945724487,0.5268545746803284,0.0,0.11614453792572021,0.20836199820041656,0.0,0.15374203026294708,0.44562262296676636,0.9041067361831665,0.7476070523262024,0.0,0.6702518463134766,0.6084882616996765,0.15534092485904694,0.060553669929504395,0.8306100964546204
571723,0.0,0.0,0.0,2.535125732421875,0.0,0.0,0.09992939978837967,0.0,0.0,0.0,3.2103452682495117,0.0,0.0,0.0,0.0,0.0,2.9749627113342285,0.0,0.0,0.0,0.0,0.0,2.665503740310669,0.0,0.0,0.0,0.0,3.2087464332580566,0.0,0.0,3.253166437149048,1.3861281871795654,0.0,0.0,0.0,0.0,0.0,0.0,0.0,3.2961835861206055,0.0,0.0,0.0,0.0,0.0,3.12283992767334,3.2466514110565186,3.035947322845459,0.0,0.0,2.8540823459625244,2.721011161804199,0.0,0.0,4.2805891036987305,0.0,5.424885272979736,0.0,0.0,2.6960813999176025,0.0,0.0,0.0,3.03354549407959
577838,0.0032385080121457577,0.14533357322216034,0.06774625182151794,0.2557671070098877,0.030150024220347404,0.11000659316778183,0.09663764387369156,0.027236996218562126,0.5707163214683533,0.5895058512687683,0.03638072311878204,0.45898568630218506,0.07073154300451279,0.5665735602378845,0.0,0.0914912074804306,0.0,0.0,0.3575773239135742,0.011941945180296898,0.6281638741493225,0.013481870293617249,0.011023087427020073,0.08942661434412003,0.0,0.6699988842010498,0.0,0.008374936878681183,0.06667563319206238,0.6744649410247803,0.0,0.06360536068677902,0.0,0.20155109465122223,0.5343948602676392,0.0,0.3387024998664856,0.7449995279312134,0.5827303528785706,0.0,0.263344407081604,0.8807097673416138,0.6435290575027466,0.32586926221847534,0.016302023082971573,0.19778713583946228,0.0,0.4243917763233185,0.3495834171772003,0.38794127106666565,0.6618587970733643,0.0,0.046754393726587296,0.8089690208435059,0.5789737105369568,0.7091693878173828,0.9372674226760864,0.0,0.0,0.021031944081187248,0.8537318706512451,0.6688364148139954,0.13126933574676514,0.7337794303894043
580720,2.7985599040985107,0.0,0.0,0.0,0.0,0.0,0.0,0.0,0.0018707963172346354,0.0,3.325498104095459,0.0,0.0,2.585869789123535,0.0,0.0,0.0,0.0,0.0,0.0,2.1808104515075684,0.0,3.16292667388916,0.0,3.7769248485565186,0.0,0.0,0.04629774019122124,0.0,3.6978819370269775,0.0,3.1924338340759277,0.0,3.2663912773132324,3.370215892791748,2.4131081104278564,3.1044702529907227,0.0007166230934672058,4.002112865447998,2.868959665298462,0.0,2.4919958114624023,0.0,0.0,2.535738945007324,3.1493959426879883,2.8503189086914062,0.0,0.0,0.0,3.5634751319885254,2.6715805530548096,0.0,3.4793827533721924,2.5884461402893066,3.9860775470733643,2.7135815620422363,3.4470489025115967,3.2390573024749756,0.0,0.0,0.0,0.0,0.0
581912,0.025214601308107376,0.0,0.0,0.40346458554267883,0.6368513107299805,0.0,0.0,0.3101177513599396,0.0,0.0,0.304769366979599,0.280256450176239,0.36995598673820496,0.47638729214668274,0.3443630039691925,0.0,0.0,0.0,0.3227540850639343,0.0,0.3892344832420349,0.13285677134990692,1.1917622089385986,0.31677696108818054,0.5950234532356262,0.0,0.9298959970474243,0.07764725387096405,0.1410447508096695,0.26926228404045105,0.4793192446231842,0.3346303105354309,0.26039043068885803,0.0,0.0069203502498567104,0.09949859231710434,0.1890879124403,0.08904409408569336,0.3890056610107422,0.0,0.00017511459009256214,0.41027501225471497,0.7185260653495789,0.4002031683921814,0.0,0.0,0.35690683126449585,0.0,0.2558056712150574,0.0,0.20835676789283752,0.0,0.5298206210136414,0.4087231755256653,0.8071122169494629,0.573893129825592,0.7712016701698303,0.0,0.5177064538002014,0.0,0.3097921907901764,0.04039181396365166,0.0,0.41802912950515747
592768,2.317319631576538,2.3152012825012207,0.0,0.0,2.213466167449951,2.4308037757873535,0.5592114329338074,2.161440849304199,2.6564931869506836,2.3405725955963135,0.0,0.8059559464454651,2.162923812866211,1.9840596914291382,0.0,0.0,0.0,2.385190725326538,3.0013811588287354,0.0,2.359710454940796,2.7738661766052246,0.0,0.0,0.0,1.3435840606689453,0.0,0.0,2.168262004852295,0.0,0.01152646355330944,0.01626678556203842,0.0,2.441399097442627,0.0,0.0,0.0,2.811554193496704,1.8729164600372314,0.0,2.0073206424713135,2.238842248916626,2.2295451164245605,2.4517626762390137,2.183178186416626,0.0,0.0,0.0,2.3533694744110107,2.0503299236297607,0.0,0.0,1.7176634073257446,0.7196728587150574,0.0,2.5841073989868164,0.0,0.0,0.0,0.0,0.0,2.2321691513061523,2.0110602378845215,0.0
596382,0.06218884140253067,0.22144296765327454,0.0005370764993131161,0.09836188703775406,0.05020728334784508,0.0010090091964229941,0.024380235001444817,0.0,0.8585266470909119,0.9403584599494934,0.0,0.4649890065193176,0.0255889929831028,0.8342282772064209,0.0,0.008184469304978848,0.0,0.0,0.0603109672665596,0.0013097644550725818,0.47172409296035767,0.0011642052559182048,0.0,0.01647949405014515,0.0,0.5484114289283752,0.0,0.0016293078660964966,0.030338922515511513,0.7074931859970093,0.0,0.002982150297611952,0.026468010619282722,0.3997703790664673,0.6007799506187439,0.0,0.22407828271389008,0.9575989246368408,0.7011237740516663,0.0,0.3081683814525604,0.9218871593475342,0.5218934416770935,0.024120036512613297,0.0,0.02154749259352684,0.0,0.21169589459896088,0.0,0.5102277398109436,0.8249717950820923,0.0,0.002844906412065029,0.8292586803436279,0.5564984083175659,0.8300314545631409,1.0542327165603638,0.016207905486226082,0.0,0.0,0.646974503993988,0.7032342553138733,0.005960431415587664,0.9465720653533936
597251,0.930058479309082,0.2902213931083679,0.0,0.7121696472167969,0.09042228013277054,0.009789062663912773,0.0,0.7765722274780273,0.0,0.0,0.2756021022796631,0.40813589096069336,0.6732288599014282,0.8258311152458191,0.6173827052116394,0.0,0.183746799826622,0.0,0.3779461979866028,0.0,0.5689185857772827,0.3448074758052826,0.29344460368156433,0.44210800528526306,0.5501920580863953,0.0,0.3122706413269043,0.23870861530303955,0.2314366102218628,0.039363496005535126,0.52053302526474,0.7591767907142639,0.5565383434295654,0.0,0.3757806122303009,0.405426561832428,0.34401968121528625,0.0024786859285086393,0.6810106635093689,0.4137794077396393,0.0,0.5680827498435974,0.6029611825942993,0.1720527857542038,0.0,0.0,0.43236109614372253,0.0,0.6294844746589661,0.10825097560882568,1.2487066984176636,0.12219061702489853,0.557930588722229,0.3996361792087555,0.8459716439247131,0.3386552035808563,0.9595085382461548,0.3332084119319916,0.5774539709091187,0.03858553618192673,0.5737529993057251,0.5821081399917603,0.0,0.5826882123947144
613119,1.8270193338394165,0.0,0.0,0.0,0.0,0.0,0.0,0.0,0.011113516055047512,0.0037440841551870108,1.976479411125183,0.0,0.0,1.8159828186035156,0.0,0.0,0.0,0.0,0.0,0.0,1.9024442434310913,0.0,1.9082077741622925,0.0,1.9302616119384766,0.0,0.0,0.006728371139615774,0.016174275428056717,1.7562354803085327,0.0,2.2331383228302,0.0,2.017784833908081,2.1048762798309326,2.0744595527648926,1.8631365299224854,0.0,2.4217870235443115,2.034385919570923,0.0010365083580836654,1.7971619367599487,0.0,0.0,1.542723298072815,2.0427165031433105,1.7342307567596436,0.0014470111345872283,0.0,0.0036256189923733473,1.8117173910140991,1.5977153778076172,0.0328424796462059,1.8518648147583008,1.4655437469482422,2.0852038860321045,1.516783356666565,2.1830573081970215,1.7523777484893799,0.0,0.0,0.06294416636228561,0.0,0.0
614578,0.18995927274227142,0.18100355565547943,0.7995631694793701,0.008436673320829868,0.1536501944065094,0.5931037664413452,0.0082393828779459,0.05154817923903465,0.7629431486129761,0.7566617131233215,0.20366226136684418,0.6653667092323303,0.36094918847084045,0.610958993434906,0.7411614656448364,0.12728391587734222,0.0,0.4009856581687927,0.5624207258224487,0.0,0.15510176122188568,0.25100353360176086,0.6031065583229065,0.03986590728163719,0.15937352180480957,0.22965623438358307,0.16005632281303406,0.0,0.9854633808135986,0.0,0.782472550868988,0.1729300171136856,1.0093868970870972,0.0,0.0,0.33213603496551514,0.18311652541160583,0.28184208273887634,0.0008452697074972093,0.031244976446032524,0.672683835029602,0.25842851400375366,0.6925776600837708,0.05129515379667282,0.7279190421104431,0.7808011174201965,0.08156165480613708,0.0,0.8991038799285889,0.6820204854011536,0.0,0.11803580075502396,0.36069047451019287,0.0,0.033859532326459885,0.5591760277748108,1.1661289930343628,0.9058172702789307,0.0,0.7571997046470642,0.6616612672805786,0.3091319799423218,0.15528520941734314,0.966978132724762
614707,5.425170421600342,0.0,0.0,0.0,0.0,0.0,0.0,0.0,0.0,0.0,5.900991916656494,0.0,0.0,5.505823612213135,0.0,0.0,0.0,0.0,0.0,0.0,5.528634071350098,0.0,6.2178874015808105,0.0,7.059173107147217,0.0,0.0,0.044456783682107925,0.0,6.919397354125977,0.0,6.3364949226379395,0.0,6.584336757659912,7.189416885375977,5.996128559112549,5.736185073852539,0.0,7.914001941680908,6.245182991027832,0.0260598286986351,4.867461204528809,0.0,0.0,5.3670878410339355,6.442448616027832,4.5704264640808105,0.0,0.0,0.0,6.285126209259033,5.156921863555908,0.0,6.735689163208008,4.774318218231201,7.229475021362305,5.4346923828125,5.763995170593262,6.101841449737549,0.0,0.0,0.0,0.0,0.0
622530,1.112339735031128,1.0852402448654175,0.0,0.13902826607227325,0.8114761710166931,1.0806772708892822,0.0,0.8105616569519043,1.0197793245315552,0.9207360148429871,0.3930574357509613,0.2909470498561859,0.7145775556564331,0.9886423945426941,0.0,0.0,0.3157499134540558,0.9682868123054504,1.268549919128418,0.0,0.9377625584602356,1.1012479066848755,0.05613299831748009,0.0,0.0,0.9583476185798645,0.0,0.21565589308738708,0.9244681596755981,0.0,0.5383737087249756,0.39876019954681396,0.0,1.0112032890319824,0.0,0.0,0.0,1.2734581232070923,0.8692320585250854,0.6029427647590637,0.7540889978408813,0.8267455697059631,0.7245893478393555,1.0577014684677124,0.9086111783981323,0.2154868245124817,0.12897464632987976,0.37814071774482727,0.8712952136993408,0.8294550180435181,0.36220401525497437,0.6516392230987549,1.142039179801941,0.31550833582878113,0.6878182291984558,1.141145944595337,0.9625981450080872,0.0,0.0,0.3602743446826935,0.0,0.9705997109413147,0.8858107924461365,0.27795177698135376
624511,0.536875307559967,0.0,0.0,0.0007890805718488991,0.6768572330474854,0.0,0.0,0.043572619557380676,0.0,0.0,0.13927747309207916,0.0,0.0,0.007266033906489611,0.559270441532135,0.0,0.18077175319194794,0.0,0.005425683222711086,0.0,0.23569141328334808,0.26960039138793945,1.194129228591919,0.4647229313850403,1.0122575759887695,0.0,0.8581103086471558,0.2070622444152832,0.47519755363464355,0.020846189931035042,0.0008017445215955377,0.5113407373428345,0.8800223469734192,0.0,0.015115746296942234,0.20594362914562225,0.29462000727653503,0.0,0.0719650611281395,0.012604190967977047,0.0356607623398304,0.0001450822746846825,0.8636098504066467,0.18101739883422852,0.0,0.0,0.49316880106925964,0.0,0.1964201182126999,0.0,0.7667731642723083,0.0,1.0494345426559448,0.5991313457489014,0.8608311414718628,0.47839412093162537,1.3113335371017456,0.16742286086082458,0.10700467228889465,0.0,0.009925847873091698,0.15777823328971863,0.0,0.29449790716171265
625190,0.9668669700622559,0.0,1.2602351903915405,0.0,0.4797050654888153,0.7297540307044983,0.12699683010578156,0.0,1.6046544313430786,1.8001437187194824,1.373188853263855,0.9383160471916199,1.2471052408218384,0.8127290606498718,1.5320903062820435,0.1530514657497406,0.0,0.6734797954559326,0.8282900452613831,1.136021614074707,0.0,0.0,0.8377363085746765,0.0,0.0,0.0,0.9991693496704102,0.0,1.7706159353256226,0.00019220628018956631,1.1296203136444092,0.003431672463193536,1.121536374092102,0.0,0.0,1.2059651613235474,0.6361610889434814,0.2919231057167053,0.600921630859375,1.1843427419662476,0.9940194487571716,0.006279759109020233,1.2262468338012695,0.023694947361946106,1.581480860710144,1.473934531211853,0.15537801384925842,0.0,1.671737790107727,1.3377519845962524,0.0,0.20722223818302155,0.4640085697174072,0.0,0.25070300698280334,0.9194211959838867,0.8905026316642761,1.6255868673324585,0.0,1.3895455598831177,0.5745946168899536,0.0,0.0,1.583154559135437
641455,0.00633503682911396,0.7664074301719666,0.4363604485988617,0.1231515035033226,0.0,0.3747025728225708,1.0629018545150757,0.12865455448627472,1.1130703687667847,1.017617106437683,0.3197716176509857,0.5931450724601746,0.22900281846523285,0.9085838198661804,0.0,0.4789510667324066,0.03661563992500305,0.0,0.4291592538356781,0.10257086157798767,0.17012417316436768,0.12301390618085861,0.16016769409179688,0.0,0.0,0.694047749042511,0.0,0.5685405135154724,0.4150709807872772,0.35388755798339844,0.0,0.4389756917953491,0.0,0.33009669184684753,0.21915201842784882,0.0,0.44970273971557617,1.1555908918380737,0.9386012554168701,0.0,0.11233808845281601,0.5005391836166382,0.9212505221366882,0.09675406664609909,0.3415793180465698,0.4000242054462433,0.0,0.0,0.0553274005651474,0.3939896821975708,1.2104183435440063,0.0,0.3229322135448456,0.48315051198005676,0.6983481049537659,0.38005900382995605,0.12335652858018875,0.2986043691635132,0.0,0.37643563747406006,0.5518890023231506,0.4108138382434845,0.2226085662841797,0.580981433391571
643139,0.0039607081562280655,0.20941714942455292,0.29944947361946106,0.3503004014492035,0.15365542471408844,0.42724815011024475,0.2695450484752655,0.32915976643562317,0.7190890908241272,0.3314100205898285,0.4236607551574707,0.10556289553642273,0.34141603112220764,0.4413367211818695,0.0,0.41322198510169983,0.0,0.0,0.33026131987571716,0.0,0.4964207112789154,0.0,0.21867068111896515,0.13672548532485962,0.0,0.5199046730995178,0.0,0.5128591656684875,0.3049146234989166,0.3604879379272461,0.0,0.2926332950592041,0.004914186894893646,0.5657554268836975,0.3815418779850006,0.0,0.2895522117614746,0.5863307118415833,0.4457252323627472,0.0,0.07566353678703308,0.5954287648200989,0.2979772984981537,0.2724752128124237,0.08571060746908188,0.0954144299030304,0.0,0.10316648334264755,0.24998782575130463,0.07038296014070511,0.5467381477355957,0.0,0.2560864984989166,0.35653743147850037,0.17030668258666992,0.40634772181510925,0.4699229896068573,0.15316660702228546,0.0,0.21161149442195892,0.40211549401283264,0.5238438844680786,0.3827768564224243,0.7025763392448425
801261,0.6609734892845154,0.09159035235643387,0.0,0.1859925389289856,0.4218193292617798,0.006963174790143967,0.0,0.0,0.0,0.0,0.09822502732276917,0.0011301200138404965,0.012474925257265568,0.00837435107678175,0.7607811093330383,0.0,0.33798590302467346,0.0,0.03135748952627182,0.0,0.08484797924757004,0.45742344856262207,0.6577051877975464,0.7655019164085388,0.7086785435676575,0.0,0.6796606183052063,0.5174354910850525,0.5047277808189392,0.0,0.014527648687362671,0.623745858669281,0.5706790089607239,0.0,0.0,0.38652679324150085,0.47118279337882996,0.0018725162371993065,0.21834273636341095,0.012371729128062725,0.0468171127140522,0.22726446390151978,0.7340165972709656,0.23883450031280518,0.0,0.0,0.1284991353750229,0.0,0.06862141937017441,0.2244897484779358,0.9931013584136963,0.018151499330997467,0.9957253336906433,0.6456276774406433,0.8645099997520447,0.10884428024291992,1.3178387880325317,0.39097699522972107,0.163061261177063,0.08394771069288254,0.06886693090200424,0.673994779586792,0.0,0.28632891178131104
806949,0.0,0.5178462266921997,0.06638230383396149,0.0,0.005031547509133816,0.002589064883068204,0.008802670054137707,0.3912557065486908,1.187947392463684,1.0282490253448486,0.38895490765571594,0.45403629541397095,0.0,1.087477684020996,0.0,0.0,0.0,0.0,0.5128920078277588,0.0005377107881940901,0.022915948182344437,0.0,0.0,0.0,0.0,1.316687822341919,0.0,0.0,0.008143004029989243,1.4984837770462036,0.0,0.0,0.0017281434265896678,0.15967202186584473,0.6863756775856018,0.0,0.5209669470787048,1.1338151693344116,1.1113675832748413,0.0,0.2808038592338562,1.0186525583267212,1.159005045890808,0.08799602836370468,0.036351267248392105,0.21574875712394714,0.0,0.18696889281272888,0.0,0.46044236421585083,0.6319476366043091,0.0,0.009571131318807602,1.1131261587142944,0.27669262886047363,0.5111702084541321,0.920161783695221,0.0009642576333135366,0.0,0.022813204675912857,0.8867095708847046,1.1189082860946655,0.14964933693408966,1.1374305486679077
807363,0.08714235574007034,0.13498519361019135,0.1566200703382492,0.3047727942466736,0.0033632286358624697,0.3164745569229126,0.2943606674671173,0.06338076293468475,0.5717365145683289,0.49878990650177,0.34382399916648865,0.24389071762561798,0.21688924729824066,0.6202868819236755,0.0,0.3106726109981537,0.0,0.0,0.32026436924934387,0.00033690480631776154,0.6233396530151367,0.001386084477417171,0.14315639436244965,0.20204991102218628,0.0,0.442107230424881,0.0,0.3413044214248657,0.20580993592739105,0.40114811062812805,0.0,0.18473878502845764,0.0030205093789845705,0.44999855756759644,0.40587279200553894,0.0,0.2433217465877533,0.6212360858917236,0.496612548828125,0.0,0.3468577563762665,0.6579859256744385,0.3888661563396454,0.27608415484428406,0.12192749977111816,0.24181126058101654,0.0,0.22732940316200256,0.11887834221124649,0.2267635464668274,0.44533565640449524,0.0,0.3454948663711548,0.46271830797195435,0.42891359329223633,0.47455036640167236,0.39748021960258484,0.0015215917956084013,0.0,0.2524832785129547,0.47519633173942566,0.468684583902359,0.26463639736175537,0.39718493819236755
812209,1.7284739017486572,1.6415010690689087,0.0,0.024209491908550262,1.6653485298156738,1.7706390619277954,0.36964160203933716,1.4439371824264526,2.183194637298584,1.644968867301941,0.0,0.29416242241859436,1.5303374528884888,1.3560945987701416,0.0,0.0,0.0,1.7117985486984253,2.5146336555480957,0.0,1.585073471069336,2.1684410572052,0.0,0.0,0.0,1.306386947631836,0.0,0.0,1.4003854990005493,0.0,0.0,0.06853754073381424,0.0,1.8831216096878052,0.0,0.0,0.0,2.00596284866333,1.4191993474960327,0.09386660903692245,1.5761563777923584,1.398877501487732,1.5475256443023682,1.81513249874115,1.6203653812408447,0.0,0.0,0.0,1.772270679473877,1.7043131589889526,0.0,0.009045553393661976,1.5186867713928223,0.812255322933197,0.03234129771590233,1.8867157697677612,0.10971203446388245,0.0,0.0,0.0,0.0,1.4570847749710083,1.5004019737243652,0.0
812404,0.624230146408081,0.17083436250686646,0.0,1.3489172458648682,0.005733346566557884,0.032697644084692,0.0,1.4668453931808472,0.0,0.0,0.7816132307052612,1.052940011024475,1.9723268747329712,1.7204298973083496,0.348741739988327,0.019620735198259354,0.5150002837181091,0.0,1.1563116312026978,0.0,1.3361036777496338,0.23427915573120117,0.05246414244174957,0.1464051902294159,0.09548439830541611,0.0,0.059518083930015564,0.020540539175271988,0.08628565073013306,0.44670411944389343,1.4148441553115845,0.142537921667099,0.0631224736571312,0.0,0.7494630217552185,0.19098596274852753,0.39928945899009705,0.00791674293577671,1.0300122499465942,0.45030486583709717,0.0,1.2497159242630005,0.48972877860069275,0.1951225847005844,0.0016534802271053195,0.0,0.2942502200603485,0.0,0.7033058404922485,0.20257307589054108,1.0892858505249023,0.023698246106505394,0.15386615693569183,0.11773410439491272,0.5604146718978882,0.02255832776427269,0.23606270551681519,0.014016449451446533,1.1792532205581665,0.040809743106365204,0.8310964107513428,0.13713186979293823,0.0,1.0637691020965576
814286,2.440107583999634,0.01716546341776848,0.0,0.007168139331042767,0.0826067104935646,0.0,0.0,0.039459142833948135,0.12940534949302673,0.07032983750104904,2.572981595993042,0.025867925956845284,0.048146266490221024,2.58884596824646,0.07050337642431259,0.0,0.0,0.09603377431631088,0.031002841889858246,0.023497091606259346,2.2645528316497803,0.08213388174772263,2.5050718784332275,0.061363380402326584,2.85752010345459,0.10741004347801208,0.06026524677872658,0.15196281671524048,0.0005710745463147759,2.8555030822753906,0.0,3.0770657062530518,0.0994202196598053,2.920466899871826,2.930396795272827,2.267442226409912,2.5481646060943604,0.02134060114622116,3.393543243408203,2.7097349166870117,0.0002447080914862454,2.199069023132324,0.0,0.08583247661590576,2.3992650508880615,2.7777585983276367,2.4172284603118896,0.0687611848115921,0.0,0.07921593636274338,2.777324914932251,2.1704282760620117,0.047927334904670715,2.7214927673339844,2.1955034732818604,2.902717113494873,2.2969202995300293,2.7348828315734863,2.574336051940918,0.0,0.0,0.10204337537288666,0.0,0.05129266530275345
816929,0.004893935285508633,0.0,0.0,0.7103815674781799,0.19226039946079254,0.0,0.0,0.975963294506073,0.0,0.0,0.3685178756713867,0.7592934370040894,1.0440049171447754,1.2003262042999268,0.09142819792032242,0.0,0.3248951733112335,0.0,0.97882080078125,0.0,1.0153037309646606,0.08564003556966782,0.6544399857521057,0.2752208411693573,0.2181941717863083,0.0,0.3370518386363983,0.006901530083268881,0.0,0.46149468421936035,1.0885334014892578,0.08675546199083328,0.12137382477521896,0.0,0.5254303812980652,0.007951733656227589,0.005796964280307293,0.0032806063536554575,0.5192341804504395,0.21615345776081085,0.0,0.957329273223877,0.29987430572509766,0.4417908191680908,0.0,0.0,0.12620171904563904,0.0,0.6114081144332886,0.0,0.08446108549833298,0.0006671085138805211,0.11066433042287827,0.06261967122554779,0.13152365386486053,0.25170424580574036,0.2500964403152466,0.0009618696640245616,0.8173218965530396,0.0,0.6179644465446472,0.0,0.0,0.8305721282958984
819710,0.0,2.525128126144409,0.0,0.0,2.3056869506835938,2.1143746376037598,0.0,0.0,3.419459819793701,2.5188653469085693,0.0,2.8709003925323486,2.534064769744873,0.0,3.058614730834961,0.0,0.0,2.4777302742004395,2.484470844268799,2.3049750328063965,0.0,2.2175161838531494,0.0,2.14961576461792,0.006500661373138428,3.1326422691345215,2.621901273727417,0.5338865518569946,2.2937171459198,0.0,0.0,0.0,3.5106124877929688,0.0,0.0,0.0,0.0,2.6968770027160645,0.0,0.0,0.0,0.0,0.0,2.6519267559051514,0.0,0.0,0.0,3.2256362438201904,0.0,2.6612086296081543,0.0,0.0,2.8929965496063232,0.0,0.0,0.0,0.0,0.007513248361647129,0.0,2.706408739089966,0.0,2.380002737045288,0.0,2.82594633102417
821478,0.0,0.4208463728427887,0.024709127843379974,0.4870493710041046,0.20678859949111938,0.0,0.0025896700099110603,0.09151379764080048,0.8165975213050842,1.0256774425506592,0.0,0.4175443649291992,0.0,1.140825867652893,0.0,0.0,0.0,0.0,0.2126695066690445,0.0,0.43707898259162903,0.0,0.003305417951196432,0.012687886133790016,0.0,0.7982490658760071,0.0,0.0,0.0,0.9293983578681946,0.0,0.0,0.010455697774887085,0.08495357632637024,0.7732760906219482,0.0,0.5282466411590576,0.9275336861610413,0.818918764591217,0.0,0.2231602668762207,0.9928144812583923,0.5607873201370239,0.4827454388141632,0.00010113430471392348,0.17477044463157654,0.0,0.4765520989894867,0.0,0.09258916974067688,1.012097954750061,0.0,0.019429802894592285,0.7969033718109131,0.42718684673309326,0.9357813000679016,0.6690433621406555,0.0,0.0,0.0,0.9312978386878967,0.7666628360748291,0.004206720273941755,1.0813219547271729
822108,0.0006542917690239847,1.189706563949585,0.059256140142679214,0.0,1.2346059083938599,0.5863330364227295,0.012723393738269806,0.05494282767176628,0.0,0.15083527565002441,0.19771189987659454,0.0,0.05289343744516373,0.04299530014395714,0.001389602548442781,1.0550611019134521,0.0,0.0309489406645298,0.04142215475440025,0.0,1.8178948163986206,2.038935661315918,0.15018507838249207,1.5347071886062622,2.010329484939575,1.709739327430725,0.12024253606796265,0.0,0.0,0.0,0.04425864294171333,1.3834640979766846,0.07801972329616547,0.0,0.0035953044425696135,0.0,1.1791698932647705,1.1035587787628174,0.0,0.0,0.002382851904258132,1.6367954015731812,0.09784772247076035,1.5925774574279785,0.020447254180908203,0.11598825454711914,1.3851203918457031,0.0,0.01004370953887701,0.2066994309425354,0.0,1.635435700416565,0.02008376270532608,0.0014323123032227159,0.9772095084190369,0.13012291491031647,0.06519320607185364,0.02623007260262966,0.0,0.05397560074925423,0.011172360740602016,0.610213577747345,1.057112455368042,0.03937581926584244
822756,2.242902994155884,0.007175790145993233,0.0,0.0,0.0,0.0,0.0,0.0,0.014711173251271248,0.007889010943472385,2.3766958713531494,0.0018501250306144357,0.007132374681532383,2.164137125015259,0.011753221973776817,0.0,0.0,0.0015795425279065967,0.0,0.0,1.9055660963058472,0.0,2.3696720600128174,0.0,2.243558645248413,0.002569061703979969,0.007223428227007389,0.0,0.012942841276526451,2.272840976715088,0.0,2.51220440864563,0.0,2.275320053100586,2.653703212738037,1.968292474746704,2.0947585105895996,0.0,2.7136030197143555,2.35780668258667,0.0,2.228788137435913,0.0,0.0015388882020488381,1.8207110166549683,2.2880849838256836,1.735095739364624,0.008334659039974213,0.0,0.008102436549961567,2.17628812789917,2.0897345542907715,0.010536698624491692,1.9864169359207153,1.8650877475738525,2.6768035888671875,2.027022361755371,2.4833486080169678,2.313535690307617,0.0,0.0,0.0,0.0,0.003483426757156849
829768,1.3453116416931152,0.1147424504160881,1.6625454425811768,0.02529655583202839,0.5762606263160706,0.7052578926086426,0.019197853282094002,0.0,1.8626610040664673,2.2451353073120117,1.2784875631332397,0.9273973107337952,1.5053147077560425,0.8791661858558655,1.9822475910186768,0.10687654465436935,0.0,0.5050615668296814,0.366727739572525,1.0494859218597412,0.07144157588481903,0.13806019723415375,1.2695870399475098,0.04953758418560028,0.042022306472063065,0.07249262928962708,0.6579751372337341,0.0,1.965138554573059,0.0,0.8152052164077759,0.11453063040971756,1.9876662492752075,0.0,0.0,1.601007342338562,0.4061843752861023,0.16973276436328888,1.6336874961853027,1.0379000902175903,1.2530730962753296,0.10330381244421005,1.9039185047149658,0.13293157517910004,1.8040270805358887,1.8594310283660889,0.31541261076927185,0.0,2.35252046585083,1.5503555536270142,0.0,0.36370041966438293,1.2105292081832886,0.0,0.06292028725147247,1.0322519540786743,1.6512198448181152,1.6618901491165161,0.0,1.7751364707946777,0.8210185766220093,0.03833642229437828,0.052397869527339935,1.9016735553741455
830179,3.4656994342803955,0.0,0.0,0.0,0.0,0.0,0.0,0.0,0.0,0.0,4.443118572235107,0.0,0.0,3.8528645038604736,0.0,0.0,0.0,0.0,0.0,0.0,3.471245527267456,0.0,3.6498794555664062,0.0,4.364158630371094,0.0,0.0,0.08630800992250443,0.0,4.321445941925049,0.0,4.413276672363281,0.0,3.929088830947876,4.283888339996338,3.4495322704315186,3.6962099075317383,0.0,5.4272942543029785,4.012392520904541,0.0,3.52715802192688,0.0,0.0,3.2999932765960693,3.954501152038574,3.382242202758789,0.0,0.0,0.0,3.9011545181274414,3.5509040355682373,0.0,3.8694686889648438,3.0336039066314697,4.983504295349121,3.9626429080963135,4.345118045806885,3.972641944885254,0.0,0.0,0.0,0.0,0.0
841212,0.0005994084640406072,1.5684746503829956,0.017541492357850075,0.0,1.2399213314056396,0.759617269039154,0.0,0.0,0.0,0.0,0.0001223705185111612,0.0,0.002955860458314419,0.006526642479002476,0.0,1.4328652620315552,0.0,0.01874087192118168,0.022750092670321465,0.0,1.8225446939468384,2.4438486099243164,0.014535326510667801,1.8054192066192627,2.056421995162964,2.0271880626678467,0.006171907298266888,0.0,0.0,0.0,0.0,1.8480570316314697,0.0,0.0,0.0,0.0004681402933783829,1.2077642679214478,1.1638115644454956,0.0,0.0,0.002804853254929185,1.9375357627868652,0.004840989597141743,1.5705904960632324,0.0,0.0,1.5442650318145752,0.0,0.0,0.008945384062826633,0.0,1.8685595989227295,0.004894320387393236,0.0,1.1381115913391113,0.00841055903583765,0.013468475081026554,0.0,0.0,0.0,0.003933991305530071,0.6055192947387695,1.2568384408950806,0.0
841869,0.014856935478746891,0.1493837982416153,0.2531050145626068,0.28789034485816956,0.002648642286658287,0.41011977195739746,0.3505088984966278,0.10118526220321655,0.40259358286857605,0.40540623664855957,0.3128284215927124,0.13124381005764008,0.1671326607465744,0.3309720456600189,0.0,0.5215671062469482,0.0,0.0,0.2325521856546402,0.00012436760880518705,0.5027462244033813,0.0,0.2909671366214752,0.4066505432128906,0.0,0.4147226810455322,0.0,0.3468385636806488,0.3788957893848419,0.49401232600212097,0.0,0.39858952164649963,0.03962552174925804,0.4328029453754425,0.39626967906951904,0.0,0.05245484039187431,0.35908472537994385,0.227456733584404,0.0,0.06543081253767014,0.3799382448196411,0.23239333927631378,0.5750551223754883,0.016894983127713203,0.2839624583721161,0.0,0.5347877144813538,0.4773295223712921,0.05540775880217552,0.3460052013397217,0.0,0.3486349880695343,0.3572560250759125,0.25330886244773865,0.5656809210777283,0.35535362362861633,0.0004749485233332962,0.0,0.13935579359531403,0.5036383271217346,0.3402480185031891,0.22905750572681427,0.5844460129737854
844915,0.014856935478746891,0.1493837982416153,0.2531050145626068,0.28789034485816956,0.002648642286658287,0.41011977195739746,0.3505088984966278,0.10118526220321655,0.40259358286857605,0.40540623664855957,0.3128284215927124,0.13124381005764008,0.1671326607465744,0.3309720456600189,0.0,0.5215671062469482,0.0,0.0,0.2325521856546402,0.00012436760880518705,0.5027462244033813,0.0,0.2909671366214752,0.4066505432128906,0.0,0.4147226810455322,0.0,0.3468385636806488,0.3788957893848419,0.49401232600212097,0.0,0.39858952164649963,0.03962552174925804,0.4328029453754425,0.39626967906951904,0.0,0.05245484039187431,0.35908472537994385,0.227456733584404,0.0,0.06543081253767014,0.3799382448196411,0.23239333927631378,0.5750551223754883,0.016894983127713203,0.2839624583721161,0.0,0.5347877144813538,0.4773295223712921,0.05540775880217552,0.3460052013397217,0.0,0.3486349880695343,0.3572560250759125,0.25330886244773865,0.5656809210777283,0.35535362362861633,0.0004749485233332962,0.0,0.13935579359531403,0.5036383271217346,0.3402480185031891,0.22905750572681427,0.5844460129737854
849168,1.031349539756775,1.0594953298568726,0.0,0.11409565061330795,1.0882787704467773,1.0212416648864746,0.0128789646551013,0.9720789790153503,1.0527151823043823,1.058223843574524,0.3352058231830597,0.32831984758377075,0.8490414619445801,0.8700430989265442,0.0,0.0,0.3485387861728668,0.9646926522254944,1.3626242876052856,0.0,0.8540672659873962,1.1750028133392334,0.22748379409313202,0.0,0.0,0.6125852465629578,0.0,0.39843082427978516,0.7674481868743896,0.0,0.3796127736568451,0.3325325548648834,0.0,0.8381035327911377,0.0,0.0,0.0,1.2171448469161987,0.7844274640083313,0.548128604888916,0.720542848110199,0.61993008852005,0.7300716042518616,1.1890645027160645,1.2432652711868286,0.25448498129844666,0.16456963121891022,0.29445531964302063,0.9112208485603333,0.7602922916412354,0.3777819871902466,0.20300865173339844,0.9519410729408264,0.12137959152460098,0.6670109629631042,0.9840903878211975,0.8905789852142334,0.0,0.0,0.5093206763267517,0.0,0.889580488204956,1.0082279443740845,0.21333597600460052
852786,0.08833840489387512,0.9332245588302612,0.404734343290329,0.0,1.9098966121673584,0.40344369411468506,0.0,0.006533494219183922,0.3522643446922302,0.18899911642074585,0.08004158735275269,0.07760269939899445,0.5103737711906433,0.031864359974861145,0.08744876831769943,0.7208468317985535,0.0,0.05091644451022148,0.07191664725542068,0.01581817865371704,1.7047381401062012,1.5966390371322632,0.16964603960514069,1.4600530862808228,1.942221760749817,1.3692461252212524,0.2105768471956253,0.0,0.15030720829963684,0.0,0.03757387399673462,1.2387498617172241,0.28905051946640015,0.0,0.0,0.10511568188667297,1.8183354139328003,1.5805554389953613,0.24059775471687317,0.14600075781345367,0.0627959743142128,1.0929718017578125,0.4748096466064453,1.4243481159210205,0.28070423007011414,0.13498049974441528,1.904558777809143,0.0,0.06892111897468567,0.15845422446727753,0.0,1.8377037048339844,0.14350973069667816,0.0,1.4802181720733643,0.1295568346977234,0.1615646481513977,0.1296226531267166,0.0,0.1583499312400818,0.018614567816257477,0.040995437651872635,0.7698213458061218,0.1273912787437439
855592,0.0,0.21745437383651733,0.8975870609283447,0.5214195847511292,0.0,1.710472822189331,1.324099063873291,0.47875353693962097,0.5255141854286194,0.31406015157699585,1.4631496667861938,0.0031506384257227182,1.3237452507019043,0.02129209414124489,0.0,1.3970719575881958,0.10018474608659744,0.0,0.5792272090911865,0.0,0.9097546935081482,0.0,0.7728226184844971,0.6838090419769287,0.040723368525505066,0.022895650938153267,0.0,1.8706625699996948,1.440587043762207,0.0,0.0,1.7808676958084106,0.0003086505748797208,0.8998622298240662,0.0,0.0,0.594031035900116,0.2444646954536438,0.20230914652347565,0.0,0.04355587437748909,0.0,0.43025481700897217,1.0627928972244263,0.8748205304145813,0.9102266430854797,0.0,0.0,1.3840473890304565,0.5939283967018127,0.11621317267417908,0.0,0.7635869383811951,0.031135432422161102,0.5416988730430603,0.1091156005859375,0.05079394206404686,0.028499698266386986,0.0,1.3693432807922363,0.16966387629508972,0.0,1.1539815664291382,0.013133269734680653
865998,3.144535779953003,0.0,0.0,0.0,0.0,0.0,0.0,0.0,0.0033064857125282288,0.0,3.480700969696045,0.0,0.0,2.9970619678497314,0.0,0.0,0.0006689674919471145,0.0,0.0,0.0,2.9976632595062256,0.0,3.36645770072937,0.0,3.766094923019409,0.0,0.0,0.016482075676321983,0.0,3.6428892612457275,0.0,3.6880104541778564,0.0,3.8049941062927246,3.7605841159820557,2.9693198204040527,3.1076443195343018,0.0,4.386922359466553,3.3731141090393066,0.0,2.8234927654266357,0.0,0.0,2.7476093769073486,3.334564685821533,3.036508321762085,0.0,0.0,0.0,3.472698926925659,2.912618398666382,0.0,3.3414223194122314,2.6937592029571533,4.234490871429443,3.1875691413879395,3.4073007106781006,3.395038366317749,0.0,0.0,0.0,0.0,0.0
866721,1.19333016872406,1.1926301717758179,0.0,0.0796518474817276,1.039247751235962,1.131178617477417,0.0013045765226706862,1.169130563735962,1.3885180950164795,1.1120293140411377,0.2887403070926666,0.29701435565948486,0.8904943466186523,0.9819117784500122,0.0,0.0,0.3078681528568268,1.0593008995056152,1.5860180854797363,0.0,1.1139154434204102,1.4063191413879395,0.11107008904218674,0.0,0.0,0.8320856690406799,0.0,0.21449577808380127,0.9022741317749023,0.0,0.2374526709318161,0.4126420021057129,0.0,1.0972281694412231,0.0,0.0,0.0,1.3893425464630127,0.9387727379798889,0.4495294392108917,0.9035581946372986,0.8010478019714355,0.8539412021636963,1.1920732259750366,1.3308336734771729,0.20580042898654938,0.16438238322734833,0.1688186675310135,0.9664058685302734,0.9246484041213989,0.2334749400615692,0.20642217993736267,1.2376458644866943,0.2566145658493042,0.6133939027786255,1.3536702394485474,0.535073459148407,0.0,0.0,0.33266639709472656,0.0,1.1982667446136475,1.1728854179382324,0.09106477349996567
873255,0.5627432465553284,0.8696163296699524,0.00013050533016212285,0.0,0.48038020730018616,0.6689611673355103,0.0,0.0,0.9577826857566833,0.7194398641586304,0.4395941197872162,0.6343504786491394,0.8656952977180481,0.5919480323791504,0.8840771317481995,0.0,0.0,0.915647566318512,0.8459806442260742,0.831601619720459,0.6244845986366272,0.8350323438644409,0.40136829018592834,0.5091215372085571,0.3156070411205292,0.8205754160881042,0.9485403895378113,0.0642874464392662,0.890311062335968,0.3348905146121979,0.0,0.8316524624824524,0.8393351435661316,0.5673375129699707,0.5813113451004028,0.3575991094112396,0.3677806556224823,0.6386181712150574,0.3686203062534332,0.42356958985328674,0.0,0.4778349697589874,0.0,0.5246936678886414,0.44779500365257263,0.5037103295326233,0.4861176908016205,0.823262631893158,0.0,0.9670315980911255,0.3271239697933197,0.3521125316619873,0.8143177628517151,0.44203779101371765,0.46833136677742004,0.29511064291000366,0.46581295132637024,0.7592152953147888,0.3249352276325226,0.4708011746406555,0.0,0.8273827433586121,0.0,0.5667155981063843
878765,1.6557259559631348,0.10855008661746979,0.0,0.0,0.04440914839506149,0.03686327114701271,0.0,0.0,0.18587501347064972,0.10844958573579788,1.6697863340377808,0.10550448298454285,0.10612091422080994,1.5234806537628174,0.12567219138145447,0.0,0.0,0.1424727737903595,0.010981163010001183,0.08123966306447983,1.5181037187576294,0.18631193041801453,1.5678967237472534,0.03795550763607025,1.6717650890350342,0.24404385685920715,0.17253181338310242,0.03229326754808426,0.10531311482191086,1.5863490104675293,0.0,1.8864778280258179,0.1444244384765625,1.8027867078781128,1.743892788887024,1.6910407543182373,1.6295740604400635,0.1433580368757248,2.036804676055908,1.727171778678894,0.0,1.3460627794265747,0.0,0.04399491101503372,1.294801115989685,1.6313668489456177,1.4489059448242188,0.13930769264698029,0.0,0.13533464074134827,1.4695184230804443,1.2561978101730347,0.20159772038459778,1.6244568824768066,1.1324841976165771,1.8263729810714722,1.3468292951583862,1.9885215759277344,1.3691693544387817,0.056986961513757706,0.0,0.1678619682788849,0.0,0.16288137435913086
887465,0.0,1.0952531099319458,0.02460826188325882,0.002837061882019043,0.0,0.0,0.000634494295809418,0.09454965591430664,1.6106470823287964,1.618834376335144,0.0,0.9098019003868103,0.0,1.7515380382537842,0.0,0.0,0.0,0.0,0.055881861597299576,0.03819072246551514,0.06630074977874756,0.0,0.0,0.0,0.0,1.5664561986923218,0.0,0.0,0.0,1.1941497325897217,0.0,0.0,0.0,0.12549234926700592,0.976658046245575,0.0,0.3314604163169861,1.3044389486312866,1.328687310218811,0.0,0.2323467880487442,1.221598505973816,0.977325975894928,0.029035644605755806,0.0,0.0,0.0,0.007357463240623474,0.0,0.16460202634334564,1.7370082139968872,0.0,0.0,1.1255714893341064,0.40764591097831726,1.222761631011963,0.9363609552383423,0.4600996971130371,0.0,0.0,1.3144733905792236,1.689620852470398,0.0,1.589916706085205
891754,0.09438828378915787,0.42032936215400696,0.614824116230011,0.017007388174533844,0.39909809827804565,0.48023849725723267,0.1396447867155075,0.1285075545310974,0.5247629880905151,0.6390611529350281,0.22176288068294525,0.5441026091575623,0.4819009304046631,0.3163520395755768,0.5719947814941406,0.31931209564208984,0.0,0.30176225304603577,0.5454840660095215,0.0,0.4536227583885193,0.6308570504188538,0.635429859161377,0.32859498262405396,0.38507911562919617,0.48584264516830444,0.16996197402477264,0.0,0.6875695586204529,0.0,0.6624850630760193,0.3524770438671112,0.4820932447910309,0.0,0.0,0.15021935105323792,0.4476028382778168,0.49929600954055786,0.0,0.0,0.3675689697265625,0.4035280644893646,0.43187886476516724,0.3780713677406311,0.4524518847465515,0.5477577447891235,0.4028598368167877,0.0,0.6074056029319763,0.38659653067588806,0.0,0.4560340940952301,0.17363819479942322,0.0007741893059574068,0.4509437382221222,0.28709515929222107,0.5703322887420654,0.6730803847312927,0.0,0.6679158210754395,0.6228964924812317,0.16299116611480713,0.4835440218448639,0.44462332129478455
894725,1.4539955854415894,1.6404708623886108,0.0,0.03356706351041794,1.6157569885253906,1.7346014976501465,0.8205989003181458,1.501296043395996,2.195772409439087,1.4518142938613892,0.0671655461192131,0.38750430941581726,1.4883173704147339,1.081835150718689,0.0,0.0,0.08351234346628189,1.6939195394515991,2.0895023345947266,0.0,2.0437490940093994,1.9684196710586548,0.06283640116453171,0.0,0.0,1.0646992921829224,0.0,0.09192335605621338,1.4391156435012817,0.0,0.08244235068559647,0.4679613411426544,0.0,1.8071856498718262,0.0,0.0,0.0,2.1489217281341553,1.4945284128189087,0.06164579465985298,1.7263520956039429,1.6441093683242798,1.480051040649414,1.68302583694458,1.8432550430297852,0.05602525547146797,0.0746864601969719,0.0847533643245697,1.5903534889221191,1.3886281251907349,0.04928024113178253,0.0643571987748146,1.5084871053695679,0.8752782344818115,0.19727472960948944,2.0603554248809814,0.33956995606422424,0.0,0.0,0.059429507702589035,0.0,1.4963932037353516,1.592321515083313,0.055971164256334305
898726,0.025672977790236473,0.34754008054733276,0.9942910671234131,0.7333998680114746,0.08239942789077759,1.4260209798812866,0.895628035068512,0.7341489195823669,0.5475015640258789,0.0665958821773529,1.2317042350769043,0.004100575111806393,0.9615749716758728,0.07333438843488693,0.0,0.9485788941383362,0.09754837304353714,0.0,0.8045474290847778,0.0,0.7120335698127747,0.004424586426466703,0.878777265548706,0.2920112609863281,0.0033085444010794163,0.21861907839775085,0.0,1.284935474395752,0.8426628112792969,0.06931468099355698,0.0,1.2239673137664795,0.0,0.9421939849853516,0.0003194610762875527,0.0,0.8241481184959412,0.21216505765914917,0.16759364306926727,0.0,0.0,0.13155990839004517,0.14917391538619995,0.7764809727668762,0.8803121447563171,0.9533705711364746,0.0,0.0,0.7101523280143738,0.34021130204200745,0.29818931221961975,0.0,0.7163393497467041,0.11602498590946198,0.12287472933530807,0.07569137960672379,0.024650072678923607,0.48972904682159424,0.0,1.097474217414856,0.27209925651550293,0.2213750183582306,1.377314805984497,0.18480262160301208
903442,0.30073288083076477,0.012408393435180187,0.9355207085609436,0.0,0.04467516764998436,0.4490676820278168,0.27084293961524963,0.0019431476248428226,0.9142242074012756,0.9422177672386169,0.32788440585136414,0.8104387521743774,0.8493467569351196,0.44577425718307495,0.8800117373466492,0.17827796936035156,0.0,0.3429981470108032,0.7933077216148376,0.023559879511594772,0.014776909723877907,0.035107169300317764,0.786858081817627,0.0,0.0011619878932833672,0.0,0.30128827691078186,0.000591703224927187,0.9624673128128052,0.0,0.8390581607818604,0.036694612354040146,0.8476389646530151,0.0,0.0,0.4135304391384125,0.043208763003349304,0.21324297785758972,0.0,0.06839863210916519,0.46436095237731934,0.0032643391750752926,0.8537771701812744,0.0,0.6147627234458923,0.8567240238189697,0.02429693192243576,0.0,1.1052913665771484,0.6846483945846558,0.0,0.0012558377347886562,0.3386954069137573,0.0,0.027381980791687965,0.6177318096160889,1.021915316581726,0.8776343464851379,0.0,0.9322240352630615,0.7993724346160889,0.04396767541766167,0.02343866042792797,1.0432757139205933
903802,0.0068470267578959465,0.3577524721622467,0.4366816282272339,0.0020628005731850863,0.4640437960624695,0.5632138848304749,0.01613406278192997,0.0,0.44417038559913635,0.4829408526420593,0.11597826331853867,0.4838510751724243,0.35346752405166626,0.2666032612323761,0.3969859778881073,0.4971294701099396,0.0,0.1175708994269371,0.462464839220047,0.0017757952446117997,0.5868126153945923,0.8331121206283569,0.4827762842178345,0.4115661680698395,0.624665379524231,0.48359784483909607,0.09099080413579941,0.0,0.4058322608470917,0.0,0.3255075216293335,0.6526523232460022,0.3699522912502289,0.0,0.0,0.0930316150188446,0.3912433385848999,0.7349644303321838,0.007111022248864174,0.0109938345849514,0.23665732145309448,0.48699313402175903,0.5066294074058533,0.5060669779777527,0.31889963150024414,0.3589615821838379,0.5655984878540039,0.0,0.45007315278053284,0.35968947410583496,0.0,0.7407024502754211,0.11392080783843994,0.0,0.5338930487632751,0.16790565848350525,0.5230780243873596,0.38199108839035034,0.0,0.42042121291160583,0.47311124205589294,0.12861375510692596,0.38262367248535156,0.4380777180194855
907736,3.7616920471191406,0.0,0.0,0.0,0.0,0.0,0.0,0.0,0.0,0.0,4.483007431030273,0.0,0.0,3.7199695110321045,0.0,0.0,0.0,0.0,0.0,0.0,3.503915786743164,0.0,4.1506028175354,0.0,4.809467792510986,0.0,0.0,0.002043299376964569,0.0,4.64180850982666,0.0,4.752163410186768,0.0,4.5851216316223145,4.584543704986572,3.5764272212982178,4.112432479858398,0.0,5.592774868011475,4.51439905166626,0.0,3.5234696865081787,0.0,0.0,3.6249818801879883,4.17421293258667,3.6716978549957275,0.0,0.0,0.0,4.631502628326416,3.54807186126709,0.0,4.456223011016846,3.5653979778289795,5.211205005645752,3.8049609661102295,4.0884623527526855,3.849961519241333,0.0,0.0,0.0,0.0,0.0
913169,3.1639702320098877,0.0,0.0,0.0,0.0,0.0,0.0,0.0,0.0,0.0,3.6357405185699463,0.0,0.0,3.3202340602874756,0.0,0.0,0.0,0.0,0.0,0.0,3.287374973297119,0.0,3.5100278854370117,0.0,3.9721319675445557,0.0,0.0,0.006858226377516985,0.0,3.860907793045044,0.0,3.9980337619781494,0.0,3.9213602542877197,3.868410587310791,3.2043631076812744,3.274435520172119,0.0,4.655557632446289,3.6133713722229004,0.020600324496626854,2.932598352432251,0.0,0.0,3.1715338230133057,3.78535532951355,2.8881583213806152,0.0,0.0,0.0,3.697805166244507,3.2428297996520996,0.0,3.6507134437561035,2.8668324947357178,4.367101669311523,3.3281595706939697,3.4015350341796875,3.4756898880004883,0.0,0.0,0.0,0.0,0.0
918062,2.1593856811523438,1.3064854145050049,0.0,0.019270747900009155,0.0,0.7126839756965637,0.0,0.13728195428848267,0.0,0.0,0.5274904370307922,0.02512187696993351,0.23284536600112915,0.007700933609157801,1.6102852821350098,0.23538842797279358,0.9553058743476868,0.0,0.004929934628307819,0.0,2.6471359888091683e-05,0.2318265438079834,0.1576465219259262,1.3422502279281616,0.9073439836502075,0.0,0.7903079390525818,1.4214504957199097,1.1588654518127441,0.554267168045044,0.1638241708278656,1.9889012575149536,1.6526437997817993,0.0,0.15684206783771515,1.047482967376709,0.9567219614982605,0.004724946338683367,0.46313998103141785,0.12819409370422363,0.0,0.0024516205303370953,1.4083750247955322,0.07279475033283234,0.0,0.0,0.4427443742752075,0.0,0.2561543583869934,0.9217501282691956,3.352634906768799,0.12175194174051285,1.7583914995193481,0.5511066913604736,1.2611057758331299,0.42746374011039734,1.8264566659927368,0.7830684781074524,0.18538077175617218,0.17879128456115723,0.3554355502128601,1.5284723043441772,0.0,0.09673833101987839
920037,0.6409648656845093,0.0,0.0,0.0633452907204628,0.44894638657569885,0.0,0.0,0.018373513594269753,0.0,0.0,0.19125811755657196,0.062244534492492676,0.1055808886885643,0.02361501008272171,0.7369623184204102,0.0,0.0979437455534935,0.0,0.0015161460032686591,0.0,0.08115307986736298,0.2650619447231293,0.8320512175559998,0.5069321393966675,0.7730067372322083,0.0,0.7420480251312256,0.4252159595489502,0.5154322981834412,0.04264487326145172,0.09201616793870926,0.5831476449966431,0.7917923331260681,0.0,0.07424528151750565,0.28353139758110046,0.3926524221897125,0.0,0.2532337009906769,0.0032959331292659044,0.00827881135046482,0.04397134855389595,0.9425442814826965,0.19741183519363403,0.0,0.0,0.364716500043869,0.0,0.325446218252182,0.1015130877494812,1.0757997035980225,0.0,0.9820535182952881,0.7071239948272705,0.9551746845245361,0.4385441243648529,1.1986079216003418,0.2953084111213684,0.04764610528945923,0.012921116314828396,0.09694655984640121,0.29314354062080383,0.0,0.08026397228240967
921230,0.7786926627159119,0.0814705565571785,0.0,0.1438664048910141,0.07001500576734543,0.0,0.0,0.0,0.0,0.0,0.3872774839401245,0.0,0.3029033839702606,0.004435895476490259,0.8507249355316162,0.00654677115380764,0.205816850066185,0.0,0.17074064910411835,0.0,0.03350979462265968,0.06767985969781876,0.3182660639286041,0.4704396724700928,0.7381184101104736,0.0,0.8905231952667236,0.6873463988304138,0.9856312274932861,0.0053397188894450665,0.0920422375202179,0.776806116104126,0.9879305362701416,0.0,0.025881661102175713,0.36506953835487366,0.6225149035453796,0.03989289328455925,0.43637266755104065,0.15558913350105286,0.0,0.04107397794723511,1.0104824304580688,0.0926416888833046,0.0,0.0,0.33809176087379456,0.0,0.3515413999557495,0.42322278022766113,1.8131828308105469,0.314655065536499,1.1074575185775757,0.8829206824302673,1.151346206665039,0.13171516358852386,1.340067982673645,0.38897445797920227,0.1312260776758194,0.28489893674850464,0.04181119427084923,0.6724286079406738,0.0,0.02826472371816635
930107,1.8237353563308716,1.6075717210769653,0.0,0.0,1.644801139831543,1.8976006507873535,0.6486150026321411,1.501847267150879,1.8746682405471802,1.200337290763855,0.0,0.5722759366035461,1.466745376586914,1.0651322603225708,0.0,0.0,0.0,1.8028472661972046,2.2209103107452393,0.0,1.6601353883743286,2.113309144973755,0.0,0.0,0.0,1.1582653522491455,0.0,0.0,1.5241007804870605,0.0,0.0,0.2955072224140167,0.0,1.783430576324463,0.0,0.0,0.0,2.3483684062957764,1.331912875175476,0.02060004509985447,1.5689300298690796,1.7902884483337402,1.3740185499191284,1.969592571258545,1.3804305791854858,0.0,0.0,0.0,1.6622635126113892,1.4155880212783813,0.0,0.0,1.785128116607666,0.7501665949821472,0.01330500841140747,1.9577336311340332,0.015585359185934067,0.0,0.0,0.007523727137595415,0.0,1.6600321531295776,1.7106199264526367,0.0
935156,0.0,0.06328810006380081,0.0038874768652021885,0.23933063447475433,0.0,0.02274695597589016,0.02074192836880684,0.010462848469614983,0.5403410196304321,0.8330125212669373,0.020385146141052246,0.37104833126068115,0.019970349967479706,0.528898298740387,0.0,0.09654750674962997,0.0,0.0,0.10206735134124756,0.0,0.42937716841697693,0.0,0.049151960760354996,0.15541820228099823,0.0,0.7701383233070374,0.0,0.03287125751376152,0.09291355311870575,0.8501433730125427,0.0,0.04101572930812836,0.0023411447182297707,0.1761774867773056,0.5646336078643799,0.0,0.22968246042728424,0.6702954769134521,0.36807507276535034,0.0,0.20792406797409058,0.7673472762107849,0.5349030494689941,0.5915946364402771,0.0,0.23187460005283356,0.0,1.1026114225387573,0.1922648400068283,0.08519042283296585,0.34229812026023865,0.005903088022023439,0.028842227533459663,0.7545093894004822,0.50136399269104,0.890315055847168,0.7510740756988525,0.0,0.0,0.020777462050318718,0.7730726599693298,0.6482574939727783,0.025780390948057175,0.9235377907752991
938838,3.566025972366333,0.0,0.0,0.0,0.0,0.0,0.0,0.0,0.0,0.0,3.8691418170928955,0.0,0.0,3.4440083503723145,0.0,0.0,0.06572231650352478,0.0,0.0,0.0,3.4916417598724365,0.0,3.82995343208313,0.0,4.313623905181885,0.0,0.0,0.013875116594135761,0.0,3.9575445652008057,0.0,4.168576717376709,0.0,4.222909927368164,4.634150505065918,3.882394790649414,3.6757888793945312,0.0,5.021604061126709,4.029934406280518,0.0,3.2925989627838135,0.0,0.0,3.3061764240264893,4.154969692230225,3.5834357738494873,0.0,0.0,0.0,3.7777369022369385,3.628478765487671,0.0,3.76521635055542,3.4420511722564697,4.6182861328125,3.3546254634857178,4.598102569580078,3.9348011016845703,0.0,0.0,0.0,0.0,0.0
939546,1.1384516954421997,0.0,1.0251895189285278,0.0,0.2801426351070404,0.8885579705238342,0.002646493259817362,0.0,1.3306292295455933,1.6085392236709595,1.1959949731826782,0.4527685046195984,0.8562215566635132,0.6463387608528137,1.6291378736495972,0.006249012891203165,0.0,0.5478094220161438,0.5244400501251221,1.1464885473251343,0.0012448745546862483,0.007687447592616081,0.6931441426277161,0.00254085217602551,0.04728924483060837,0.011773486621677876,0.7224277853965759,0.0,2.0405917167663574,0.0,0.9166646599769592,0.012409776449203491,1.3276498317718506,0.0,0.0,1.2680604457855225,0.13653768599033356,0.08181937038898468,1.0127228498458862,1.0898830890655518,1.3586103916168213,0.13383306562900543,1.383033037185669,0.038076482713222504,1.515497088432312,1.4916902780532837,0.03315289318561554,0.0,1.6610596179962158,1.083147406578064,0.0,0.31549397110939026,0.7675790190696716,0.0,0.028801200911402702,0.8001840114593506,1.085991382598877,1.277734398841858,0.0,1.3298102617263794,0.7661342620849609,0.0,0.04927666112780571,1.4801632165908813
945345,0.5245615839958191,0.14753076434135437,0.0,2.252380847930908,0.0,0.0,0.0,1.8962949514389038,0.0,0.0,0.8301638960838318,1.2101664543151855,2.6437695026397705,3.027371883392334,0.0,0.023165104910731316,1.1043816804885864,0.0,1.9945138692855835,0.0,2.142611265182495,0.0,0.0,0.0,0.0016010240651667118,0.0,0.0,0.0,0.0,0.571588397026062,2.2631704807281494,0.0,0.0,0.0,1.1544601917266846,0.030744919553399086,0.1230572909116745,0.0,1.2215718030929565,1.118626356124878,0.0,1.9794471263885498,0.12643414735794067,0.2806675136089325,0.0,0.019891861826181412,0.0,0.0,1.0318976640701294,0.16986022889614105,0.7963961958885193,0.2830289304256439,0.005864417180418968,0.0,0.005783162545412779,0.0,0.0,0.000721715681720525,1.9215787649154663,0.12089966237545013,1.3072534799575806,0.17944970726966858,0.0,1.5411570072174072
952177,0.15951892733573914,0.2907741367816925,0.5352821350097656,0.014891903847455978,0.27471211552619934,0.5290902853012085,0.09750405699014664,0.018507905304431915,0.5381554961204529,0.4962972402572632,0.2630388140678406,0.6022449731826782,0.4526342749595642,0.5063264966011047,0.6009601354598999,0.3326301574707031,0.0,0.27280178666114807,0.48752421140670776,0.0,0.2613988220691681,0.4731321632862091,0.44546040892601013,0.03827618062496185,0.21381856501102448,0.2724558115005493,0.17564283311367035,0.0,0.7466607689857483,0.0,0.48084574937820435,0.34608161449432373,0.7421554923057556,0.0,0.0,0.2616351544857025,0.2078576534986496,0.45816293358802795,0.0,0.03606630861759186,0.44679468870162964,0.20239557325839996,0.4567338526248932,0.11921970546245575,0.5003404021263123,0.38927161693573,0.16307635605335236,0.0,0.6382282376289368,0.5509681701660156,0.0,0.21763746440410614,0.23857755959033966,0.0,0.23342999815940857,0.36943766474723816,0.8083859086036682,0.5772885680198669,0.0,0.6348037719726562,0.47775447368621826,0.23115025460720062,0.2238657921552658,0.6584928035736084
952641,0.10804103314876556,0.009233342483639717,0.25881049036979675,0.4594210088253021,0.10793987661600113,1.2152354717254639,0.7019386291503906,0.018417086452245712,0.5730631351470947,0.00903321523219347,0.8909050822257996,0.024653222411870956,0.49783241748809814,0.055476486682891846,0.0,1.1373023986816406,0.0,0.0,0.8365548253059387,0.0,1.069519281387329,0.0,0.5303331017494202,0.3821585774421692,0.0,0.10842018574476242,0.0,0.6801747679710388,1.0825685262680054,0.016720043495297432,0.0,1.2880269289016724,0.04164551943540573,0.866290807723999,0.008807065896689892,0.0,0.41773006319999695,0.1208009198307991,0.2621811032295227,0.0,0.0,0.05064824968576431,0.037550054490566254,0.5742647647857666,0.5026824474334717,0.3935699760913849,0.0,0.0,1.105193018913269,0.8161620497703552,0.14268061518669128,0.0,0.8322626948356628,0.23787294328212738,0.5572081208229065,0.0,0.2763550579547882,0.009043391793966293,0.0,0.7071596384048462,0.03079202026128769,0.14445370435714722,1.096543788909912,0.1998344361782074
953976,3.214688301086426,0.14245463907718658,0.0,0.0,0.16902951896190643,0.13647973537445068,0.0,0.01494827400892973,0.38753601908683777,0.4554480016231537,3.9249744415283203,0.26691657304763794,0.18955063819885254,3.6015121936798096,0.09508359432220459,0.0,0.0,0.12649019062519073,0.06642728298902512,0.041513241827487946,3.34649658203125,0.39753618836402893,3.499797821044922,0.15884576737880707,4.463292598724365,0.3061477541923523,0.07295924425125122,0.22642160952091217,0.16478027403354645,4.6655659675598145,0.0,4.033642768859863,0.45734819769859314,3.775596857070923,4.136237144470215,3.5836353302001953,3.385148763656616,0.31237298250198364,5.347839832305908,4.035604000091553,0.002985344035550952,3.051323890686035,0.0,0.3918062746524811,3.4023478031158447,3.983304023742676,3.406158208847046,0.6323311924934387,0.0,0.19386400282382965,3.8652098178863525,2.9763174057006836,0.11399930715560913,4.327051162719727,2.8243210315704346,4.847458839416504,3.5825254917144775,4.069182872772217,4.064919948577881,0.02333921194076538,0.007539417129009962,0.3859100341796875,0.0,0.16649110615253448
958460,1.4522202014923096,1.4549320936203003,0.0,0.10505957901477814,1.2603974342346191,1.3662238121032715,0.09887510538101196,1.2517472505569458,1.6301425695419312,1.3730127811431885,0.05220262333750725,0.4236522316932678,0.9933664202690125,1.2601046562194824,0.0,0.0,0.09773130714893341,1.3363637924194336,1.9946945905685425,0.0,1.2581292390823364,1.5559707880020142,0.0016485905507579446,0.0,0.0,0.972703218460083,0.0,0.05017915740609169,1.195837378501892,0.0,0.21879878640174866,0.08083288371562958,0.0,1.3584089279174805,0.0,0.0,0.0,1.3207931518554688,0.9878073930740356,0.41108596324920654,1.063820481300354,1.0337371826171875,1.1921014785766602,1.3189600706100464,1.2163838148117065,0.06887144595384598,0.02841450273990631,0.047549761831760406,1.2594430446624756,1.2231948375701904,0.09050183743238449,0.28463149070739746,1.3403716087341309,0.616602897644043,0.46118658781051636,1.4906991720199585,0.4279104769229889,0.0,0.0,0.045319437980651855,0.0,1.0078024864196777,0.9975464344024658,0.08129315078258514
958703,0.03298689424991608,1.6345874071121216,0.0,0.0,1.5955402851104736,1.4058852195739746,0.0,0.0,2.312138080596924,1.8008766174316406,0.01629488728940487,1.839514970779419,1.8584386110305786,0.026957504451274872,1.9678559303283691,0.0,0.0,1.6336578130722046,1.733879804611206,1.6595946550369263,0.01573449745774269,1.579117774963379,0.061556652188301086,1.4096856117248535,0.09506085515022278,1.9935436248779297,2.036529541015625,0.1813376098871231,1.5447462797164917,0.07248735427856445,0.0,0.0076871030032634735,2.5750179290771484,0.0015330743044614792,0.0,0.0051637194119393826,0.0,2.105952501296997,0.0,0.0,0.0,0.0,0.0,1.6876704692840576,0.008726068772375584,0.004930220078676939,0.05243191868066788,1.963985800743103,0.0,1.996337890625,0.015987232327461243,0.0,2.0339128971099854,0.026501506567001343,0.0,0.0,0.1429852545261383,0.1339196264743805,0.044499270617961884,1.8545496463775635,0.0,1.7114348411560059,0.0,1.766234040260315
959843,0.49722474813461304,0.0016111572040244937,0.0,0.03969796001911163,0.6700867414474487,0.0,0.0,0.010143988765776157,0.0,0.0,0.3398692309856415,0.0024078742135316133,0.029209252446889877,0.008399946615099907,0.6220152378082275,0.0,0.0360163189470768,0.0,0.007302434183657169,0.0,0.023445794358849525,0.21667179465293884,0.9296905398368835,0.5378425121307373,0.7346822619438171,0.0,0.9185737371444702,0.6163034439086914,0.5102005004882812,0.14899219572544098,0.04325518757104874,0.7702158689498901,0.8502170443534851,0.0,0.00504089891910553,0.38520941138267517,0.4088045358657837,0.0,0.1486232578754425,0.008336249738931656,0.023120475932955742,0.02138158120214939,0.9727615118026733,0.18017850816249847,0.02079041488468647,0.0,0.5151346325874329,0.0,0.19253191351890564,0.08729028701782227,1.0144498348236084,0.0,1.0432963371276855,0.7340357303619385,1.0488810539245605,0.5833932757377625,1.222604751586914,0.14605991542339325,0.10246455669403076,0.0,0.1284092366695404,0.3691280484199524,0.0,0.06579592078924179
960432,0.12295407801866531,0.04650717228651047,0.7736630439758301,0.007864430546760559,0.3582572340965271,0.49519243836402893,0.19693045318126678,0.14630308747291565,0.7306404709815979,0.9006957411766052,0.3719154894351959,0.642190158367157,0.30694180727005005,0.5848079919815063,0.8312537670135498,0.2268058955669403,0.0,0.16539178788661957,0.559293270111084,0.0,0.21932576596736908,0.36416125297546387,0.7466870546340942,0.0008230391540564597,0.050085537135601044,0.011187057942152023,0.06088792532682419,0.0,1.167973279953003,0.0,0.7303123474121094,0.08436403423547745,1.1749995946884155,0.0,0.0,0.4919147193431854,0.3582998216152191,0.3847180902957916,0.0,0.1792343705892563,0.5389782786369324,0.08436597883701324,0.6519843935966492,0.01781109720468521,0.6147716045379639,0.8381642699241638,0.18491603434085846,0.0,0.9516188502311707,0.8291348814964294,0.0,0.10908421128988266,0.4492175579071045,0.0,0.0008103989530354738,0.4963374435901642,1.0160530805587769,0.9989525675773621,0.0,0.7272436022758484,0.8243054747581482,0.2796463370323181,0.2555404305458069,0.8253033757209778
962566,1.0711441040039062,1.019967794418335,0.0,0.1107526645064354,1.049311876296997,1.1274667978286743,0.0,1.068796157836914,1.092720866203308,1.2737382650375366,0.16394110023975372,0.3155977427959442,1.0211676359176636,1.0201319456100464,0.0,0.0,0.22433219850063324,0.9628868699073792,1.4753005504608154,0.0,0.9677839875221252,1.3914995193481445,0.026898914948105812,0.0,0.0,0.7923874855041504,0.0,0.41752442717552185,0.8972471952438354,0.0,0.41062289476394653,0.21197940409183502,0.0,0.9547165632247925,0.0,0.0,0.0,1.3441778421401978,0.8305052518844604,0.5289140343666077,0.7692692875862122,0.7212862968444824,0.7592433094978333,1.2448049783706665,1.2857933044433594,0.09558607637882233,0.0184978935867548,0.13039906322956085,1.1552507877349854,0.932015061378479,0.30567222833633423,0.15375158190727234,1.0870729684829712,0.2805226445198059,0.5793185830116272,1.0617977380752563,0.6147160530090332,0.0,0.0,0.2438826709985733,0.0,1.0356979370117188,1.0278576612472534,0.17803917825222015
964469,1.8483545780181885,1.6920177936553955,0.0,0.0,1.6651380062103271,1.8543287515640259,0.400544673204422,1.5819542407989502,2.1639115810394287,1.3569793701171875,0.0,0.3310037851333618,1.5393650531768799,1.3981684446334839,0.0,0.0,0.0,1.7478063106536865,2.4791440963745117,0.0,1.6995487213134766,2.302612066268921,0.0,0.0,0.0,1.3691649436950684,0.0,0.0076597039587795734,1.4088143110275269,0.0,0.031246978789567947,0.2249506413936615,0.0,1.7692527770996094,0.0,0.0,0.0,2.292464017868042,1.4428991079330444,0.06626048684120178,1.585647702217102,1.6625001430511475,1.5105246305465698,1.6416926383972168,1.7588258981704712,0.0,0.0,0.0,1.8222789764404297,1.6027793884277344,0.0,0.0,1.8119879961013794,0.8362820148468018,0.06442054361104965,2.293870687484741,0.026340890675783157,0.0,0.0,0.017320476472377777,0.0,1.6204631328582764,1.6534597873687744,0.0
965217,0.0019803117029368877,1.4875984191894531,0.021467264741659164,0.0,1.7190916538238525,0.6023204922676086,0.0003835889510810375,0.023092301562428474,0.028897255659103394,0.048929363489151,0.00439930334687233,0.0059849536046385765,0.0,0.0,0.01778612658381462,1.242962121963501,0.0,0.11971980333328247,0.05208306387066841,0.0,2.2227373123168945,2.4623568058013916,0.04669545590877533,2.151472330093384,2.0470147132873535,2.0158679485321045,0.03260763734579086,0.0,0.013952354900538921,0.0,0.05833771079778671,1.6164681911468506,0.008380679413676262,0.0,0.0,0.0,1.585906982421875,1.62451171875,0.0,0.0,0.0,1.8421204090118408,0.0,1.7526451349258423,0.03903486952185631,0.03077079728245735,1.9681675434112549,0.0,0.0004950030706822872,0.05676259845495224,0.0,1.9803650379180908,0.0,0.014465048909187317,1.5291881561279297,0.014013973996043205,0.009887220337986946,0.017524810507893562,0.0,0.056517284363508224,0.08611629158258438,0.3701184391975403,1.0640844106674194,0.036851249635219574
967547,2.1725311279296875,2.275998592376709,0.0,0.0,2.113168239593506,2.2927350997924805,0.4469941556453705,2.31890606880188,2.7646775245666504,2.172030210494995,0.045578744262456894,0.7362311482429504,2.0360159873962402,1.6777185201644897,0.0,0.0,0.07341138273477554,2.1115987300872803,2.9816489219665527,0.0,2.455493927001953,2.7352840900421143,0.03404244780540466,0.0,0.0,1.2515279054641724,0.0,0.037308961153030396,2.011577844619751,0.0,0.05096790939569473,0.027823030948638916,0.0,2.143327474594116,0.0,0.0,0.0,2.5495028495788574,2.0087625980377197,0.0373184010386467,2.0908658504486084,1.802100419998169,2.0946831703186035,2.2941105365753174,2.5241551399230957,0.04175294190645218,0.04024597257375717,0.04384412243962288,2.4427216053009033,2.0901663303375244,0.015581803396344185,0.030108561739325523,2.180121660232544,1.0426914691925049,0.07932127267122269,2.2577311992645264,0.04089256376028061,0.0,0.0,0.023237714543938637,0.0,1.948805809020996,1.9340801239013672,0.02691691182553768
968556,0.0,0.727385401725769,0.08247717469930649,0.16973263025283813,0.024732161313295364,0.0,0.04962734878063202,0.10078667104244232,1.0445045232772827,1.0273196697235107,0.029181526973843575,0.5586367845535278,0.013732753694057465,1.4363218545913696,0.0,0.018399477005004883,0.0010512154549360275,0.0,0.19335728883743286,0.02065856195986271,0.20764560997486115,0.0,0.007127328775823116,0.01713123358786106,0.0,0.9620015025138855,0.00252917711623013,0.0761655792593956,0.005727502051740885,1.1021790504455566,0.0,0.010526636615395546,0.0,0.061878323554992676,0.6764937043190002,0.0,0.629968523979187,1.0424085855484009,0.9554955363273621,0.0,0.18869347870349884,1.1242350339889526,0.9175434112548828,0.27845826745033264,0.0693887248635292,0.2796841859817505,0.0,0.07263568043708801,0.002435386413708329,0.13631682097911835,1.122117042541504,0.0,0.000155529472976923,0.8500165343284607,0.3990282416343689,0.8750949501991272,0.6684332489967346,0.008649476803839207,0.0,0.002722205128520727,1.040217638015747,1.137925148010254,0.0421571359038353,1.1133776903152466
969321,0.0,0.30886736512184143,0.0,0.10285359621047974,0.002657964825630188,0.0,0.014842057600617409,0.0005487950402311981,0.8665657043457031,0.8378025889396667,0.0,0.578427255153656,0.010513572953641415,0.9326614141464233,0.0,0.010025612078607082,0.0,0.0,0.10389676690101624,0.005193597637116909,0.5037437081336975,0.0,0.03294183313846588,0.010707440786063671,0.0,0.8155284523963928,0.0,0.0,0.0,0.859956681728363,0.0,0.0,0.0006176215247251093,0.035188689827919006,0.7600525617599487,0.0,0.3420625329017639,0.9604130983352661,0.6603030562400818,0.0,0.34789612889289856,0.9978548884391785,0.8069614171981812,0.21254022419452667,0.0,0.044733818620443344,0.0,0.661885678768158,0.004713487345725298,0.24417904019355774,0.7768763303756714,0.0,0.001950943609699607,0.8994705677032471,0.5747253894805908,0.9378071427345276,0.9127503037452698,0.0,0.0,0.0,0.9674533009529114,0.7649652361869812,0.0,0.8613084554672241
970649,1.053910255432129,0.179643452167511,0.0,0.0032751152757555246,0.08198605477809906,0.045271117240190506,0.0,0.0,0.0,0.0,0.2387523353099823,0.0,0.0,0.0,1.0934852361679077,0.004637745209038258,0.18038414418697357,0.0,0.0,0.0,0.0,0.26310044527053833,0.6524055004119873,0.9564765691757202,0.8317170143127441,0.0,0.8477473855018616,0.9392651319503784,0.6296406984329224,0.004711425397545099,0.0,1.1212213039398193,1.2688474655151367,0.0,0.012382198125123978,0.6976779699325562,0.5976901054382324,0.0,0.10858199000358582,0.07014808058738708,0.0,0.0,1.2331044673919678,0.16550421714782715,0.0,0.0,0.5013480186462402,0.0,0.010314731858670712,0.18879759311676025,1.7435470819473267,0.30623379349708557,1.4788784980773926,0.9262430667877197,1.1571154594421387,0.3222329616546631,1.6575963497161865,0.7921562194824219,0.01808401197195053,0.26808854937553406,0.020894965156912804,0.9856635928153992,0.0,0.0
972048,0.7690331935882568,0.3428145945072174,0.5613240599632263,0.0,1.3686378002166748,1.049306869506836,0.0,0.0,0.5044580698013306,0.7488185167312622,0.5752333402633667,0.11722901463508606,0.7270117998123169,0.35516631603240967,0.656989574432373,0.4435024559497833,0.0,0.5017970204353333,0.4764505624771118,0.9606699347496033,0.6567382216453552,0.6316461563110352,0.07637523114681244,0.7826284766197205,0.9676238298416138,0.9910719394683838,0.5010888576507568,0.0,1.2178233861923218,0.0,0.3109583258628845,0.8478295803070068,0.6225964426994324,0.0,0.0,1.0468701124191284,0.9516721367835999,1.1483211517333984,1.0844616889953613,0.8930947780609131,0.8275196552276611,1.155932903289795,0.951507568359375,0.7545762658119202,1.5130062103271484,0.8188096880912781,1.286919116973877,0.0,0.5921849608421326,0.5215823650360107,0.0,1.4395233392715454,0.6139474511146545,0.0,1.1291022300720215,0.548003077507019,0.3867223858833313,0.41956228017807007,0.0,0.6601191759109497,0.11904802918434143,0.0,0.9957072734832764,0.5484223961830139
972330,1.2816451787948608,1.0316615104675293,0.0,0.533027708530426,1.1039528846740723,1.165981411933899,0.11165845394134521,0.8868913054466248,1.2085660696029663,0.8024650812149048,0.38726744055747986,0.2288547158241272,0.9320980906486511,0.85831618309021,0.0,0.0,0.6177571415901184,0.9755868315696716,1.3616135120391846,0.0,0.9839246273040771,1.5312285423278809,0.1524547040462494,0.0,0.0,0.8821331262588501,0.0,0.2147393375635147,0.9491379261016846,0.0,0.684492826461792,0.7667575478553772,0.0,1.2142834663391113,0.0,0.0,0.0,1.1765155792236328,0.8514114618301392,0.9460398554801941,0.8382405042648315,0.9911511540412903,1.1301995515823364,1.2512727975845337,1.0777798891067505,0.6910806894302368,0.35809996724128723,0.5689188838005066,1.004947543144226,0.7882642149925232,0.786479115486145,0.6725167036056519,1.0883442163467407,0.6942611932754517,1.5442125797271729,1.357406497001648,1.2896244525909424,0.0,0.0,0.5975452065467834,0.0,0.7642653584480286,1.0161164999008179,0.5130444169044495
972781,1.8540101051330566,1.9629186391830444,0.0,0.0,1.9254608154296875,2.2811546325683594,0.9041640162467957,1.9166368246078491,3.113839626312256,2.2297539710998535,0.0,0.2673991918563843,2.18609619140625,1.5859272480010986,0.0,0.0,0.0,2.367128610610962,3.207949161529541,0.0,2.5063791275024414,2.397300958633423,0.0,0.0,0.0,1.4002456665039062,0.0,0.0001359519810648635,2.2419521808624268,0.0,0.0,0.7540406584739685,0.0,2.3414201736450195,0.0,0.0,0.0,3.3505780696868896,1.496806025505066,0.0004601524560712278,2.566307544708252,1.8839956521987915,1.8203012943267822,1.6631813049316406,1.923915982246399,0.0,0.0,0.0,2.6165900230407715,1.7934447526931763,0.041560642421245575,0.0,1.4773300886154175,0.5653009414672852,0.0,2.6317126750946045,0.0,0.0,0.0,0.10734637081623077,0.0,2.6122283935546875,2.109515905380249,0.0
980284,0.7106238007545471,0.8641099333763123,0.0,0.7109493017196655,0.5063090324401855,0.5784302353858948,0.00928344763815403,0.8109922409057617,0.6805292963981628,0.6735935807228088,0.9800324440002441,0.1676395833492279,0.4456406533718109,0.7158384323120117,0.0,0.0,1.062418818473816,0.6771612763404846,1.0540688037872314,0.0,0.4673402011394501,0.8381039500236511,0.6121594309806824,0.0,0.0,0.4544817805290222,0.0,1.1394459009170532,0.7098031640052795,0.0,1.2138117551803589,0.5356084704399109,0.0,0.5799723267555237,0.0,0.0,0.0,0.849844753742218,0.5437478423118591,1.465936541557312,0.3452925682067871,0.6073654294013977,0.3858560025691986,0.73367840051651,0.6675130724906921,0.9464154839515686,0.8388317227363586,1.0507323741912842,0.6157633662223816,0.8709071278572083,1.2511260509490967,0.9383872151374817,0.873853325843811,0.1004229411482811,1.7932251691818237,0.6050261855125427,1.680983304977417,0.0,0.0,1.019952416419983,0.0,0.7904314398765564,0.4768783748149872,0.8728152513504028
982732,0.95367431640625,0.0021802729461342096,1.3126968145370483,0.0,0.24748991429805756,0.4356190264225006,0.07982092350721359,0.17081992328166962,1.5411409139633179,1.5901477336883545,0.976150393486023,1.0094280242919922,1.4303984642028809,0.964012861251831,1.4042088985443115,0.018725018948316574,0.0,0.6656083464622498,0.76796954870224,0.7603155374526978,0.0,0.0,0.8971487283706665,0.0,0.0,0.030300600454211235,0.732595682144165,0.0,1.6787983179092407,0.0,1.3692811727523804,0.0,1.8011970520019531,0.0,0.0,1.1742950677871704,0.16098962724208832,0.17958925664424896,0.4214335083961487,0.699073851108551,1.262201189994812,0.0027212847489863634,1.4980841875076294,0.01734595187008381,1.5771205425262451,1.533837914466858,0.021041134372353554,0.0,1.8526803255081177,1.4002952575683594,0.0,0.06376735121011734,0.6649826169013977,0.0,0.004385438747704029,0.7633332014083862,1.325377106666565,1.5956636667251587,0.0,1.416282057762146,0.16837725043296814,0.004287523217499256,0.0,1.5917803049087524
985814,2.0804190635681152,0.0,0.0,0.0,0.0,0.0,0.0,0.0,0.011209755204617977,0.0,2.405956506729126,0.0037952144630253315,0.0,2.039961814880371,0.018116435036063194,0.0,0.0,0.008578822948038578,0.0,0.0,1.9064134359359741,0.006472823675721884,1.968382477760315,0.0,2.236582040786743,0.03323636204004288,0.028414206579327583,0.01801995001733303,0.0,1.8061602115631104,0.0,2.4272828102111816,0.0,2.0577239990234375,2.3545444011688232,2.2517240047454834,2.072561502456665,0.0,2.694284439086914,2.1020100116729736,0.0,1.7933868169784546,0.0,0.0,1.7805078029632568,2.0354082584381104,1.925648808479309,0.021939009428024292,0.0,0.006423551123589277,1.8510979413986206,1.781800627708435,0.019350260496139526,2.2226829528808594,1.5912187099456787,2.426691770553589,1.8164730072021484,2.465219736099243,2.109915256500244,0.0,0.0,0.031792979687452316,0.0,7.495364116039127e-05
991528,0.3166188597679138,0.05441111698746681,0.0,0.9171462655067444,0.04116600379347801,0.0,0.0,0.7266216278076172,0.0,0.0,0.32062774896621704,0.5389443635940552,1.185645580291748,1.3105556964874268,0.2868410646915436,0.0,0.3772415816783905,0.0,0.7634017467498779,0.0,0.9980231523513794,0.11923152953386307,0.2543322741985321,0.10073495656251907,0.46099552512168884,0.0,0.08118712157011032,0.007196090649813414,0.19312511384487152,0.17037950456142426,1.037010908126831,0.11483602970838547,0.19551192224025726,0.0,0.4762539863586426,0.11508749425411224,0.1759180873632431,0.0,0.600243330001831,0.3277934789657593,0.0,0.96953284740448,0.258187472820282,0.3093847930431366,0.0,0.0,0.09009795635938644,0.0,0.78775954246521,0.03548700734972954,0.5836301445960999,0.0,0.23115521669387817,0.25328436493873596,0.2055968940258026,0.17456170916557312,0.26349136233329773,0.09166411310434341,0.8037541508674622,0.003430422395467758,0.43567994236946106,0.0770031064748764,0.0,0.7886946797370911
994065,0.2009948492050171,0.0,0.0,0.13140961527824402,0.4021364748477936,0.0,0.0,0.04909190535545349,0.0,0.0,0.27809643745422363,0.06077462434768677,0.41319647431373596,0.16963592171669006,0.5381449460983276,0.0,0.24652734398841858,0.0,0.2257378101348877,0.0,0.31268924474716187,0.032042354345321655,0.900741696357727,0.33960551023483276,0.5065733194351196,0.0,0.6821027994155884,0.3688541650772095,0.5205812454223633,0.20767727494239807,0.323525607585907,0.3866298794746399,0.6185425519943237,0.0,0.2321467399597168,0.11634507030248642,0.34624016284942627,0.0,0.24126264452934265,0.12392847239971161,0.0,0.18050840497016907,0.8220916986465454,0.4159342348575592,0.017108803614974022,0.0,0.17434675991535187,0.0,0.3983219265937805,0.03789755702018738,0.8996985554695129,0.0,0.8396434783935547,0.5941460728645325,0.6865828633308411,0.1747806817293167,0.8664128184318542,0.2856937050819397,0.1815265715122223,0.0,0.07772187143564224,0.06118444725871086,0.0,0.1873573362827301
994217,0.0,1.3683967590332031,0.26696786284446716,0.024717839434742928,0.0,0.0,0.1778523176908493,0.3505801856517792,1.907418131828308,1.421109676361084,0.0,1.0797202587127686,0.0,2.2980146408081055,0.0,0.0,0.007633620407432318,0.0,0.13431189954280853,0.23802001774311066,0.12538953125476837,0.0,0.0,0.0,0.0,1.6842350959777832,0.014905180782079697,0.0,0.007789354305714369,1.408614993095398,0.0,0.0,0.0,0.0,0.6751999855041504,0.0,0.7871490120887756,1.6378974914550781,1.847354769706726,0.0,0.052244603633880615,1.5058058500289917,1.4527045488357544,0.0,0.0,0.1430370807647705,0.0,0.0,0.0,0.22807319462299347,2.0004587173461914,0.0,0.0,1.542014241218567,0.770358145236969,1.1865239143371582,0.9154998660087585,0.4645521640777588,0.0,0.0,1.5120201110839844,1.8427401781082153,0.0,1.7655487060546875
994515,0.027532143518328667,0.5271638035774231,0.040196001529693604,0.49309805035591125,0.0022449633106589317,0.1333855539560318,0.23588235676288605,0.0920485258102417,0.8969197869300842,0.8473580479621887,0.058952536433935165,0.4113755524158478,0.07613349705934525,0.9006062150001526,0.0,0.3481396436691284,0.009078072383999825,0.0,0.043731316924095154,0.13927218317985535,0.5141224265098572,0.06642311066389084,0.14408756792545319,0.007108949590474367,0.0,1.0710997581481934,0.0,0.26524192094802856,0.1175469309091568,0.5671670436859131,0.0,0.07717648893594742,0.0,0.22586789727210999,0.19292879104614258,0.0,0.26828059554100037,1.0742213726043701,1.1907336711883545,0.0,0.4429551362991333,0.9143086671829224,0.8700487613677979,0.06117815151810646,0.22485700249671936,0.17559607326984406,0.0,0.0050546410493552685,0.034337226301431656,0.183145672082901,0.9842763543128967,0.0,0.02416808344423771,0.3731374144554138,0.7323281764984131,0.5240560173988342,0.4145031273365021,0.30206719040870667,0.0,0.21035024523735046,0.652421236038208,0.9463517069816589,0.1506022810935974,0.6757314205169678
998036,0.23391203582286835,0.005771378520876169,1.0197348594665527,0.0,0.3138727843761444,0.4909515380859375,0.009042767807841301,0.05334504693746567,1.2437784671783447,1.1571662425994873,0.6083833575248718,0.8562818765640259,0.7366232872009277,0.8672989010810852,1.2337350845336914,0.0,0.0,0.31220823526382446,0.6005362868309021,0.31290656328201294,0.012121649459004402,0.018387172371149063,0.8509550094604492,0.0,0.014191222377121449,0.005973304156213999,0.18023410439491272,0.0,1.348015546798706,0.0,0.9739161729812622,0.0009208336705341935,1.5535292625427246,0.0,0.0,0.7292624711990356,0.1871725618839264,0.2874922454357147,0.3580850660800934,0.38134893774986267,0.9746819734573364,0.0,0.7667214274406433,0.003679384710267186,1.020184874534607,1.1089476346969604,0.013352674432098866,0.0,1.2338664531707764,0.7718794345855713,0.0,0.021955639123916626,0.48694443702697754,0.0,0.028438812121748924,0.5927908420562744,1.1938623189926147,1.3274327516555786,0.0,1.004479169845581,0.8405246734619141,0.0,0.0,1.214297890663147
999474,0.017644301056861877,0.08453897386789322,0.006921600550413132,0.024319157004356384,0.004578989464789629,0.08782962709665298,0.28039202094078064,0.030016427859663963,0.5863661170005798,0.5384827256202698,0.13129501044750214,0.3342496454715729,0.014327195473015308,0.6931791305541992,0.0,0.20922742784023285,0.0,0.0,0.21046686172485352,0.007305214647203684,0.35171815752983093,0.0006070291274227202,0.08543645590543747,0.13393551111221313,0.0,0.6359705328941345,0.0,0.204703226685524,0.17212516069412231,0.8114492893218994,0.0,0.013706413097679615,0.02781040221452713,0.1813342422246933,0.5254138112068176,0.0,0.1300688534975052,0.6997159123420715,0.6250880360603333,0.0,0.18693965673446655,0.5981326699256897,0.492739200592041,0.323848158121109,0.0,0.16697658598423004,0.0,0.75580233335495,0.3949807584285736,0.12328413128852844,0.5473476052284241,0.0,0.17239557206630707,0.6577684283256531,0.32821646332740784,0.6510030627250671,0.5824206471443176,0.0,0.0,0.0,0.5072864890098572,0.6549926400184631,0.081328384578228,0.8735390305519104
